{
  "timestamp" : "2026-09-02T01:14:32.1711335+04:00",
  "level" : "INFO",
  "message" : "Starting BackendApplication using Java 21.0.9 with PID 13952 (D:\\All materials\\Matrix\\Matrix (Java Programming)\\Graduation Project\\Real Estate App\\Real-Estate-App\\backend\\build\\classes\\java\\main started by PC in D:\\All materials\\Matrix\\Matrix (Java Programming)\\Graduation Project\\Real Estate App\\Real-Estate-App\\backend)",
  "service" : "estate_flow-backend"
}
{
  "timestamp" : "2026-09-02T01:14:32.1866518+04:00",
  "level" : "DEBUG",
  "message" : "Running with Spring Boot v4.0.6, Spring v7.0.7",
  "service" : "estate_flow-backend"
}
{
  "timestamp" : "2026-09-02T01:14:32.1882906+04:00",
  "level" : "INFO",
  "message" : "The following 1 profile is active: \"dev\"",
  "service" : "estate_flow-backend"
}
{
  "timestamp" : "2026-09-02T01:14:32.3281372+04:00",
  "level" : "INFO",
  "message" : "Devtools property defaults active! Set 'spring.devtools.add-properties' to 'false' to disable",
  "service" : "estate_flow-backend"
}
{
  "timestamp" : "2026-09-02T01:14:32.3291372+04:00",
  "level" : "INFO",
  "message" : "For additional web related logging consider setting the 'logging.level.web' property to 'DEBUG'",
  "service" : "estate_flow-backend"
}
{
  "timestamp" : "2026-09-02T01:14:35.4986873+04:00",
  "level" : "INFO",
  "message" : "Bootstrapping Spring Data JPA repositories in DEFAULT mode.",
  "service" : "estate_flow-backend"
}
{
  "timestamp" : "2026-09-02T01:14:35.872316+04:00",
  "level" : "INFO",
  "message" : "Finished Spring Data repository scanning in 342 ms. Found 19 JPA repository interfaces.",
  "service" : "estate_flow-backend"
}
{
  "timestamp" : "2026-09-02T01:14:37.6686575+04:00",
  "level" : "INFO",
  "message" : "Tomcat initialized with port 8080 (http)",
  "service" : "estate_flow-backend"
}
{
  "timestamp" : "2026-09-02T01:14:37.6956513+04:00",
  "level" : "INFO",
  "message" : "Starting service [Tomcat]",
  "service" : "estate_flow-backend"
}
{
  "timestamp" : "2026-09-02T01:14:37.6956513+04:00",
  "level" : "INFO",
  "message" : "Starting Servlet engine: [Apache Tomcat/11.0.21]",
  "service" : "estate_flow-backend"
}
{
  "timestamp" : "2026-09-02T01:14:37.8159084+04:00",
  "level" : "INFO",
  "message" : "Root WebApplicationContext: initialization completed in 5484 ms",
  "service" : "estate_flow-backend"
}
{
  "timestamp" : "2026-09-02T01:14:38.114962+04:00",
  "level" : "INFO",
  "message" : "HikariPool-1 - Starting...",
  "service" : "estate_flow-backend"
}
{
  "timestamp" : "2026-09-02T01:14:38.8116445+04:00",
  "level" : "INFO",
  "message" : "HikariPool-1 - Added connection org.postgresql.jdbc.PgConnection@664bd664",
  "service" : "estate_flow-backend"
}
{
  "timestamp" : "2026-09-02T01:14:38.814677+04:00",
  "level" : "INFO",
  "message" : "HikariPool-1 - Start completed.",
  "service" : "estate_flow-backend"
}
{
  "timestamp" : "2026-09-02T01:14:39.6840716+04:00",
  "level" : "INFO",
  "message" : "Set default schema name to public",
  "service" : "estate_flow-backend"
}
{
  "timestamp" : "2026-09-02T01:14:43.3726556+04:00",
  "level" : "INFO",
  "message" : "Reading resource: db/changelog/1.0/V1.0.00-create-users-table.sql",
  "service" : "estate_flow-backend"
}
{
  "timestamp" : "2026-09-02T01:14:43.9450134+04:00",
  "level" : "INFO",
  "message" : "Reading from public.databasechangelog",
  "service" : "estate_flow-backend"
}
{
  "timestamp" : "2026-09-02T01:14:43.9800068+04:00",
  "level" : "INFO",
  "message" : "Reading resource: db/changelog/1.0/V1.0.01-create-roles-table.sql",
  "service" : "estate_flow-backend"
}
{
  "timestamp" : "2026-09-02T01:14:43.9900069+04:00",
  "level" : "INFO",
  "message" : "Reading resource: db/changelog/1.0/V1.0.02-create-agencies-table.sql",
  "service" : "estate_flow-backend"
}
{
  "timestamp" : "2026-09-02T01:14:44.0013118+04:00",
  "level" : "INFO",
  "message" : "Reading resource: db/changelog/1.0/V1.0.03-create-categories-table.sql",
  "service" : "estate_flow-backend"
}
{
  "timestamp" : "2026-09-02T01:14:44.0129989+04:00",
  "level" : "INFO",
  "message" : "Reading resource: db/changelog/1.0/V1.0.04-create-subscription-plans-table.sql",
  "service" : "estate_flow-backend"
}
{
  "timestamp" : "2026-09-02T01:14:44.0249543+04:00",
  "level" : "INFO",
  "message" : "Reading resource: db/changelog/1.0/V1.0.05-create-user-roles-table.sql",
  "service" : "estate_flow-backend"
}
{
  "timestamp" : "2026-09-02T01:14:44.0371827+04:00",
  "level" : "INFO",
  "message" : "Reading resource: db/changelog/1.0/V1.0.06-create-agency-members-table.sql",
  "service" : "estate_flow-backend"
}
{
  "timestamp" : "2026-09-02T01:14:44.0509465+04:00",
  "level" : "INFO",
  "message" : "Reading resource: db/changelog/1.0/V1.0.07-create-agency-subscriptions-table.sql",
  "service" : "estate_flow-backend"
}
{
  "timestamp" : "2026-09-02T01:14:44.065008+04:00",
  "level" : "INFO",
  "message" : "Reading resource: db/changelog/1.0/V1.0.08-create-properties-table.sql",
  "service" : "estate_flow-backend"
}
{
  "timestamp" : "2026-09-02T01:14:44.0809913+04:00",
  "level" : "INFO",
  "message" : "Reading resource: db/changelog/1.0/V1.0.09-create-media-files-table.sql",
  "service" : "estate_flow-backend"
}
{
  "timestamp" : "2026-09-02T01:14:44.0981843+04:00",
  "level" : "INFO",
  "message" : "Reading resource: db/changelog/1.0/V1.0.10-create-favorites-table.sql",
  "service" : "estate_flow-backend"
}
{
  "timestamp" : "2026-09-02T01:14:44.1119465+04:00",
  "level" : "INFO",
  "message" : "Reading resource: db/changelog/1.0/V1.0.11-create-inquiries-table.sql",
  "service" : "estate_flow-backend"
}
{
  "timestamp" : "2026-09-02T01:14:44.129246+04:00",
  "level" : "INFO",
  "message" : "Reading resource: db/changelog/1.0/V1.0.12-create-appointments-table.sql",
  "service" : "estate_flow-backend"
}
{
  "timestamp" : "2026-09-02T01:14:44.1419448+04:00",
  "level" : "INFO",
  "message" : "Reading resource: db/changelog/1.0/V1.0.13-create-reviews-table.sql",
  "service" : "estate_flow-backend"
}
{
  "timestamp" : "2026-09-02T01:14:44.1539446+04:00",
  "level" : "INFO",
  "message" : "Reading resource: db/changelog/1.0/V1.0.14-create-refresh-tokens-table.sql",
  "service" : "estate_flow-backend"
}
{
  "timestamp" : "2026-09-02T01:14:44.1721589+04:00",
  "level" : "INFO",
  "message" : "Reading resource: db/changelog/1.0/V1.0.15-create-password-reset-tokens-table.sql",
  "service" : "estate_flow-backend"
}
{
  "timestamp" : "2026-09-02T01:14:44.185122+04:00",
  "level" : "INFO",
  "message" : "Reading resource: db/changelog/1.0/V1.0.16-create-agency-media-table.sql",
  "service" : "estate_flow-backend"
}
{
  "timestamp" : "2026-09-02T01:14:44.1959182+04:00",
  "level" : "INFO",
  "message" : "Reading resource: db/changelog/1.0/V1.0.17-create-user-media-table.sql",
  "service" : "estate_flow-backend"
}
{
  "timestamp" : "2026-09-02T01:14:44.2060539+04:00",
  "level" : "INFO",
  "message" : "Reading resource: db/changelog/1.0/V1.0.18-create-property-media-table.sql",
  "service" : "estate_flow-backend"
}
{
  "timestamp" : "2026-09-02T01:14:44.2219245+04:00",
  "level" : "INFO",
  "message" : "Reading resource: db/changelog/1.0/V1.0.19-create-password-reset-otp-table.sql",
  "service" : "estate_flow-backend"
}
{
  "timestamp" : "2026-09-02T01:14:44.6229225+04:00",
  "level" : "INFO",
  "message" : "Reading resource: db/changelog/2.0/V2.0.16-insert-default-categories.sql",
  "service" : "estate_flow-backend"
}
{
  "timestamp" : "2026-09-02T01:14:44.6314181+04:00",
  "level" : "INFO",
  "message" : "Reading resource: db/changelog/2.0/V2.0.17-insert-default-roles.sql",
  "service" : "estate_flow-backend"
}
{
  "timestamp" : "2026-09-02T01:14:44.636412+04:00",
  "level" : "INFO",
  "message" : "Reading resource: db/changelog/2.0/V2.0.18-insert-default-subscription-plans.sql",
  "service" : "estate_flow-backend"
}
{
  "timestamp" : "2026-09-02T01:14:44.6421349+04:00",
  "level" : "INFO",
  "message" : "Reading resource: db/changelog/2.0/V2.0.19-add-agency-id-to-users-table.sql",
  "service" : "estate_flow-backend"
}
{
  "timestamp" : "2026-09-02T01:14:44.6594666+04:00",
  "level" : "INFO",
  "message" : "Reading resource: db/changelog/2.0/V2.0.20-change-role-name-from -inserted-roles.sql",
  "service" : "estate_flow-backend"
}
{
  "timestamp" : "2026-09-02T01:14:44.6634505+04:00",
  "level" : "INFO",
  "message" : "Reading resource: db/changelog/2.0/V2.0.21-insert-new-admin-role-ro-roles-table.sql",
  "service" : "estate_flow-backend"
}
{
  "timestamp" : "2026-09-02T01:14:44.6794333+04:00",
  "level" : "INFO",
  "message" : "Reading resource: db/changelog/2.0/V2.0.22-insert-new-column-isDeleted-to-agencies-table.sql",
  "service" : "estate_flow-backend"
}
{
  "timestamp" : "2026-09-02T01:14:44.6834219+04:00",
  "level" : "INFO",
  "message" : "Reading resource: db/changelog/2.0/V2.0.23-insert-new-column-deleted-to-subscription-plans-table.sql",
  "service" : "estate_flow-backend"
}
{
  "timestamp" : "2026-09-02T01:14:44.6874094+04:00",
  "level" : "INFO",
  "message" : "Reading resource: db/changelog/2.0/V2.0.23-update-the-column-isDeleted-in-agencies-table.sql",
  "service" : "estate_flow-backend"
}
{
  "timestamp" : "2026-09-02T01:14:44.7014942+04:00",
  "level" : "INFO",
  "message" : "Reading resource: db/changelog/2.0/V2.0.25-insert-new-column-agency_id-to-inquiries-table.sql",
  "service" : "estate_flow-backend"
}
{
  "timestamp" : "2026-09-02T01:14:44.7054127+04:00",
  "level" : "INFO",
  "message" : "Reading resource: db/changelog/2.0/V2.0.26-remove-uniqueness-contraint-for-agency_id-in-inquiries-table.sql",
  "service" : "estate_flow-backend"
}
{
  "timestamp" : "2026-09-02T01:14:44.7204489+04:00",
  "level" : "INFO",
  "message" : "Reading resource: db/changelog/2.0/V2.0.27-insert-new-column-agency_id-to-appointments-table.sql",
  "service" : "estate_flow-backend"
}
{
  "timestamp" : "2026-09-02T01:14:44.7264164+04:00",
  "level" : "INFO",
  "message" : "Reading resource: db/changelog/2.0/V2.0.28-refactor-media-files-table-for-generic-media-storage.sql",
  "service" : "estate_flow-backend"
}
{
  "timestamp" : "2026-09-02T01:14:44.7314505+04:00",
  "level" : "INFO",
  "message" : "Reading resource: db/changelog/2.0/V2.0.29-remove-logo-url-from-agencies-table.sql",
  "service" : "estate_flow-backend"
}
{
  "timestamp" : "2026-09-02T01:14:44.7344086+04:00",
  "level" : "INFO",
  "message" : "Reading resource: db/changelog/2.0/V2.0.30-insert-new-column-deleted-to-categories-table.sql",
  "service" : "estate_flow-backend"
}
{
  "timestamp" : "2026-09-02T01:14:44.7374509+04:00",
  "level" : "INFO",
  "message" : "Reading resource: db/changelog/2.0/V2.0.31-insert-new-column-target-to-reviews-table.sql",
  "service" : "estate_flow-backend"
}
{
  "timestamp" : "2026-09-02T01:14:44.7404488+04:00",
  "level" : "INFO",
  "message" : "Reading resource: db/changelog/2.0/V2.0.32-insert-new-column-currency-to-properties-table.sql",
  "service" : "estate_flow-backend"
}
{
  "timestamp" : "2026-09-02T01:14:44.7438692+04:00",
  "level" : "INFO",
  "message" : "Reading resource: db/changelog/2.0/V2.0.33-insert-new-column-deleted-to-users-table.sql",
  "service" : "estate_flow-backend"
}
{
  "timestamp" : "2026-09-02T01:14:44.9053093+04:00",
  "level" : "INFO",
  "message" : "Database is up to date, no changesets to execute",
  "service" : "estate_flow-backend"
}
{
  "timestamp" : "2026-09-02T01:14:44.9092791+04:00",
  "level" : "INFO",
  "message" : "Reading from public.databasechangelog",
  "service" : "estate_flow-backend"
}
{
  "timestamp" : "2026-09-02T01:14:44.9532692+04:00",
  "level" : "INFO",
  "message" : "UPDATE SUMMARY",
  "service" : "estate_flow-backend"
}
{
  "timestamp" : "2026-09-02T01:14:44.9542701+04:00",
  "level" : "INFO",
  "message" : "Run:                          0",
  "service" : "estate_flow-backend"
}
{
  "timestamp" : "2026-09-02T01:14:44.9542701+04:00",
  "level" : "INFO",
  "message" : "Previously run:              38",
  "service" : "estate_flow-backend"
}
{
  "timestamp" : "2026-09-02T01:14:44.9542701+04:00",
  "level" : "INFO",
  "message" : "Filtered out:                 0",
  "service" : "estate_flow-backend"
}
{
  "timestamp" : "2026-09-02T01:14:44.9542701+04:00",
  "level" : "INFO",
  "message" : "-------------------------------",
  "service" : "estate_flow-backend"
}
{
  "timestamp" : "2026-09-02T01:14:44.9552689+04:00",
  "level" : "INFO",
  "message" : "Total change sets:           38",
  "service" : "estate_flow-backend"
}
{
  "timestamp" : "2026-09-02T01:14:44.9566895+04:00",
  "level" : "INFO",
  "message" : "Update summary generated",
  "service" : "estate_flow-backend"
}
{
  "timestamp" : "2026-09-02T01:14:44.95827+04:00",
  "level" : "INFO",
  "message" : "Command execution complete",
  "service" : "estate_flow-backend"
}
{
  "timestamp" : "2026-09-02T01:14:45.2242663+04:00",
  "level" : "INFO",
  "message" : "HHH008540: Processing PersistenceUnitInfo [name: default]",
  "service" : "estate_flow-backend"
}
{
  "timestamp" : "2026-09-02T01:14:45.4199906+04:00",
  "level" : "INFO",
  "message" : "HHH000001: Hibernate ORM core version 7.2.12.Final",
  "service" : "estate_flow-backend"
}
{
  "timestamp" : "2026-09-02T01:14:46.5427109+04:00",
  "level" : "INFO",
  "message" : "No LoadTimeWeaver setup: ignoring JPA class transformer",
  "service" : "estate_flow-backend"
}
{
  "timestamp" : "2026-09-02T01:14:46.6847084+04:00",
  "level" : "WARN",
  "message" : "HHH90000025: PostgreSQLDialect does not need to be specified explicitly using 'hibernate.dialect' (remove the property setting and it will be selected by default)",
  "service" : "estate_flow-backend"
}
{
  "timestamp" : "2026-09-02T01:14:46.7467091+04:00",
  "level" : "INFO",
  "message" : "HHH10001005: Database info:\n\tDatabase JDBC URL [jdbc:postgresql://localhost:5432/real_estate_dev_db]\n\tDatabase driver: PostgreSQL JDBC Driver\n\tDatabase dialect: PostgreSQLDialect\n\tDatabase version: 18.3\n\tDefault catalog/schema: real_estate_dev_db/public\n\tAutocommit mode: undefined/unknown\n\tIsolation level: READ_COMMITTED [default READ_COMMITTED]\n\tJDBC fetch size: none\n\tPool: DataSourceConnectionProvider\n\tMinimum pool size: undefined/unknown\n\tMaximum pool size: undefined/unknown",
  "service" : "estate_flow-backend"
}
{
  "timestamp" : "2026-09-02T01:14:50.2822353+04:00",
  "level" : "INFO",
  "message" : "HHH000489: No JTA platform available (set 'hibernate.transaction.jta.platform' to enable JTA platform integration)",
  "service" : "estate_flow-backend"
}
{
  "timestamp" : "2026-09-02T01:14:50.5130941+04:00",
  "level" : "INFO",
  "message" : "Initialized JPA EntityManagerFactory for persistence unit 'default'",
  "service" : "estate_flow-backend"
}
{
  "timestamp" : "2026-09-02T01:14:50.7715465+04:00",
  "level" : "INFO",
  "message" : "Hibernate is in classpath; If applicable, HQL parser will be used.",
  "service" : "estate_flow-backend"
}
{
  "timestamp" : "2026-09-02T01:14:53.1019168+04:00",
  "level" : "DEBUG",
  "message" : "Filter 'jwtAuthenticationFilter' configured for use",
  "service" : "estate_flow-backend"
}
{
  "timestamp" : "2026-09-02T01:14:53.105651+04:00",
  "level" : "DEBUG",
  "message" : "Filter 'rateLimitFilter' configured for use",
  "service" : "estate_flow-backend"
}
{
  "timestamp" : "2026-09-02T01:14:53.1096466+04:00",
  "level" : "DEBUG",
  "message" : "Filter 'requestLoggingFilter' configured for use",
  "service" : "estate_flow-backend"
}
{
  "timestamp" : "2026-09-02T01:14:53.112646+04:00",
  "level" : "DEBUG",
  "message" : "Filter 'mdcLoggingFilter' configured for use",
  "service" : "estate_flow-backend"
}
{
  "timestamp" : "2026-09-02T01:14:55.7850604+04:00",
  "level" : "INFO",
  "message" : "MinIO bucket 'estateflow' already exists",
  "service" : "estate_flow-backend"
}
{
  "timestamp" : "2026-09-02T01:14:56.8987303+04:00",
  "level" : "INFO",
  "message" : "Global AuthenticationManager configured with AuthenticationProvider bean with name authenticationProvider",
  "service" : "estate_flow-backend"
}
{
  "timestamp" : "2026-09-02T01:14:56.9012516+04:00",
  "level" : "WARN",
  "message" : "Global AuthenticationManager configured with an AuthenticationProvider bean. UserDetailsService beans will not be used by Spring Security for automatically configuring username/password login. Consider removing the AuthenticationProvider bean. Alternatively, consider using the UserDetailsService in a manually instantiated DaoAuthenticationProvider. If the current configuration is intentional, to turn off this warning, increase the logging level of 'org.springframework.security.config.annotation.authentication.configuration.InitializeUserDetailsBeanManagerConfigurer' to ERROR",
  "service" : "estate_flow-backend"
}
{
  "timestamp" : "2026-09-02T01:14:57.8377749+04:00",
  "level" : "WARN",
  "message" : "spring.jpa.open-in-view is enabled by default. Therefore, database queries may be performed during view rendering. Explicitly configure spring.jpa.open-in-view to disable this warning",
  "service" : "estate_flow-backend"
}
{
  "timestamp" : "2026-09-02T01:14:58.4640927+04:00",
  "level" : "DEBUG",
  "message" : "Will secure any request with filters: DisableEncodeUrlFilter, WebAsyncManagerIntegrationFilter, SecurityContextHolderFilter, HeaderWriterFilter, CorsFilter, LogoutFilter, JwtAuthenticationFilter, MdcLoggingFilter, RateLimitFilter, RequestLoggingFilter, RequestCacheAwareFilter, SecurityContextHolderAwareRequestFilter, AnonymousAuthenticationFilter, SessionManagementFilter, ExceptionTranslationFilter, AuthorizationFilter",
  "service" : "estate_flow-backend"
}
{
  "timestamp" : "2026-09-02T01:14:59.8957437+04:00",
  "level" : "INFO",
  "message" : "Tomcat started on port 8080 (http) with context path '/api'",
  "service" : "estate_flow-backend"
}
{
  "timestamp" : "2026-09-02T01:14:59.914703+04:00",
  "level" : "INFO",
  "message" : "Started BackendApplication in 30.003 seconds (process running for 32.295)",
  "service" : "estate_flow-backend"
}
{
  "timestamp" : "2026-09-02T01:15:15.7925006+04:00",
  "level" : "INFO",
  "message" : "Initializing Spring DispatcherServlet 'dispatcherServlet'",
  "service" : "estate_flow-backend"
}
{
  "timestamp" : "2026-09-02T01:15:15.7941643+04:00",
  "level" : "INFO",
  "message" : "Initializing Servlet 'dispatcherServlet'",
  "service" : "estate_flow-backend"
}
{
  "timestamp" : "2026-09-02T01:15:15.8011606+04:00",
  "level" : "INFO",
  "message" : "Completed initialization in 7 ms",
  "service" : "estate_flow-backend"
}
{
  "timestamp" : "2026-09-02T01:15:15.860165+04:00",
  "level" : "DEBUG",
  "message" : "Securing PUT /admin/agencies/baa4ec8f-6136-4256-a669-578bfa741a5e",
  "service" : "estate_flow-backend"
}
{
  "timestamp" : "2026-09-02T01:15:16.6813838+04:00",
  "level" : "DEBUG",
  "message" : "\r\n    select\r\n        ue1_0.id,\r\n        ue1_0.agency_id,\r\n        ue1_0.created_at,\r\n        ue1_0.deleted,\r\n        ue1_0.email,\r\n        ue1_0.email_verified,\r\n        ue1_0.enabled,\r\n        ue1_0.full_name,\r\n        ue1_0.password_hash,\r\n        ue1_0.phone_number,\r\n        r1_0.user_id,\r\n        r1_1.id,\r\n        r1_1.description,\r\n        r1_1.name,\r\n        ue1_0.updated_at \r\n    from\r\n        users ue1_0 \r\n    left join\r\n        user_roles r1_0 \r\n            on ue1_0.id=r1_0.user_id \r\n    left join\r\n        roles r1_1 \r\n            on r1_1.id=r1_0.role_id \r\n    where\r\n        ue1_0.email=?",
  "service" : "estate_flow-backend"
}
{
  "timestamp" : "2026-09-02T01:15:16.8779688+04:00",
  "level" : "DEBUG",
  "message" : "\r\n    select\r\n        ume1_0.id,\r\n        ume1_0.created_at,\r\n        ume1_0.is_primary,\r\n        ume1_0.media_id,\r\n        ume1_0.purpose,\r\n        ume1_0.user_id \r\n    from\r\n        user_media ume1_0 \r\n    where\r\n        ume1_0.user_id=?",
  "service" : "estate_flow-backend"
}
{
  "timestamp" : "2026-09-02T01:15:17.0319704+04:00",
  "level" : "DEBUG",
  "message" : "Rate limit check passed: policy=GENERAL, remainingTokens=99",
  "service" : "estate_flow-backend",
  "path" : "/api/admin/agencies/baa4ec8f-6136-4256-a669-578bfa741a5e",
  "correlationId" : "cffc1d82-af79-43ef-908d-e0e1a2b69136",
  "actorId" : "hesenovelsen@gmail.com",
  "method" : "PUT",
  "actorRole" : "ROLE_SUPER_ADMIN"
}
{
  "timestamp" : "2026-09-02T01:15:17.0419226+04:00",
  "level" : "DEBUG",
  "message" : "Secured PUT /admin/agencies/baa4ec8f-6136-4256-a669-578bfa741a5e",
  "service" : "estate_flow-backend",
  "path" : "/api/admin/agencies/baa4ec8f-6136-4256-a669-578bfa741a5e",
  "correlationId" : "cffc1d82-af79-43ef-908d-e0e1a2b69136",
  "actorId" : "hesenovelsen@gmail.com",
  "method" : "PUT",
  "actorRole" : "ROLE_SUPER_ADMIN"
}
{
  "timestamp" : "2026-09-02T01:15:17.4630494+04:00",
  "level" : "WARN",
  "message" : "validation_failed",
  "service" : "estate_flow-backend",
  "path" : "/api/admin/agencies/baa4ec8f-6136-4256-a669-578bfa741a5e",
  "correlationId" : "cffc1d82-af79-43ef-908d-e0e1a2b69136",
  "actorId" : "hesenovelsen@gmail.com",
  "method" : "PUT",
  "actorRole" : "ROLE_SUPER_ADMIN",
  "validation_errors" : {
    "email" : "Email is required."
  }
}
{
  "timestamp" : "2026-09-02T01:15:17.6333126+04:00",
  "level" : "WARN",
  "message" : "request_completed",
  "service" : "estate_flow-backend",
  "path" : "/api/admin/agencies/baa4ec8f-6136-4256-a669-578bfa741a5e",
  "correlationId" : "cffc1d82-af79-43ef-908d-e0e1a2b69136",
  "actorId" : "hesenovelsen@gmail.com",
  "method" : "PUT",
  "actorRole" : "ROLE_SUPER_ADMIN",
  "status" : 400,
  "durationMs" : 600
}
{
  "timestamp" : "2026-09-02T01:15:56.5242692+04:00",
  "level" : "DEBUG",
  "message" : "Securing PUT /admin/agencies/baa4ec8f-6136-4256-a669-578bfa741a5e",
  "service" : "estate_flow-backend"
}
{
  "timestamp" : "2026-09-02T01:15:56.5341869+04:00",
  "level" : "DEBUG",
  "message" : "\r\n    select\r\n        ue1_0.id,\r\n        ue1_0.agency_id,\r\n        ue1_0.created_at,\r\n        ue1_0.deleted,\r\n        ue1_0.email,\r\n        ue1_0.email_verified,\r\n        ue1_0.enabled,\r\n        ue1_0.full_name,\r\n        ue1_0.password_hash,\r\n        ue1_0.phone_number,\r\n        r1_0.user_id,\r\n        r1_1.id,\r\n        r1_1.description,\r\n        r1_1.name,\r\n        ue1_0.updated_at \r\n    from\r\n        users ue1_0 \r\n    left join\r\n        user_roles r1_0 \r\n            on ue1_0.id=r1_0.user_id \r\n    left join\r\n        roles r1_1 \r\n            on r1_1.id=r1_0.role_id \r\n    where\r\n        ue1_0.email=?",
  "service" : "estate_flow-backend"
}
{
  "timestamp" : "2026-09-02T01:15:56.5382645+04:00",
  "level" : "DEBUG",
  "message" : "\r\n    select\r\n        ume1_0.id,\r\n        ume1_0.created_at,\r\n        ume1_0.is_primary,\r\n        ume1_0.media_id,\r\n        ume1_0.purpose,\r\n        ume1_0.user_id \r\n    from\r\n        user_media ume1_0 \r\n    where\r\n        ume1_0.user_id=?",
  "service" : "estate_flow-backend"
}
{
  "timestamp" : "2026-09-02T01:15:56.5442188+04:00",
  "level" : "DEBUG",
  "message" : "Rate limit check passed: policy=GENERAL, remainingTokens=99",
  "service" : "estate_flow-backend",
  "path" : "/api/admin/agencies/baa4ec8f-6136-4256-a669-578bfa741a5e",
  "correlationId" : "4597e0a7-c486-49cf-a2d4-585caeca9cae",
  "actorId" : "hesenovelsen@gmail.com",
  "method" : "PUT",
  "actorRole" : "ROLE_SUPER_ADMIN"
}
{
  "timestamp" : "2026-09-02T01:15:56.5451858+04:00",
  "level" : "DEBUG",
  "message" : "Secured PUT /admin/agencies/baa4ec8f-6136-4256-a669-578bfa741a5e",
  "service" : "estate_flow-backend",
  "path" : "/api/admin/agencies/baa4ec8f-6136-4256-a669-578bfa741a5e",
  "correlationId" : "4597e0a7-c486-49cf-a2d4-585caeca9cae",
  "actorId" : "hesenovelsen@gmail.com",
  "method" : "PUT",
  "actorRole" : "ROLE_SUPER_ADMIN"
}
{
  "timestamp" : "2026-09-02T01:15:56.5511882+04:00",
  "level" : "WARN",
  "message" : "validation_failed",
  "service" : "estate_flow-backend",
  "path" : "/api/admin/agencies/baa4ec8f-6136-4256-a669-578bfa741a5e",
  "correlationId" : "4597e0a7-c486-49cf-a2d4-585caeca9cae",
  "actorId" : "hesenovelsen@gmail.com",
  "method" : "PUT",
  "actorRole" : "ROLE_SUPER_ADMIN",
  "validation_errors" : {
    "email" : "Email is required."
  }
}
{
  "timestamp" : "2026-09-02T01:15:56.5572239+04:00",
  "level" : "WARN",
  "message" : "request_completed",
  "service" : "estate_flow-backend",
  "path" : "/api/admin/agencies/baa4ec8f-6136-4256-a669-578bfa741a5e",
  "correlationId" : "4597e0a7-c486-49cf-a2d4-585caeca9cae",
  "actorId" : "hesenovelsen@gmail.com",
  "method" : "PUT",
  "actorRole" : "ROLE_SUPER_ADMIN",
  "status" : 400,
  "durationMs" : 13
}
{
  "timestamp" : "2026-09-02T01:16:12.196359+04:00",
  "level" : "DEBUG",
  "message" : "Securing PUT /admin/agencies/baa4ec8f-6136-4256-a669-578bfa741a5e",
  "service" : "estate_flow-backend"
}
{
  "timestamp" : "2026-09-02T01:16:12.2067526+04:00",
  "level" : "DEBUG",
  "message" : "\r\n    select\r\n        ue1_0.id,\r\n        ue1_0.agency_id,\r\n        ue1_0.created_at,\r\n        ue1_0.deleted,\r\n        ue1_0.email,\r\n        ue1_0.email_verified,\r\n        ue1_0.enabled,\r\n        ue1_0.full_name,\r\n        ue1_0.password_hash,\r\n        ue1_0.phone_number,\r\n        r1_0.user_id,\r\n        r1_1.id,\r\n        r1_1.description,\r\n        r1_1.name,\r\n        ue1_0.updated_at \r\n    from\r\n        users ue1_0 \r\n    left join\r\n        user_roles r1_0 \r\n            on ue1_0.id=r1_0.user_id \r\n    left join\r\n        roles r1_1 \r\n            on r1_1.id=r1_0.role_id \r\n    where\r\n        ue1_0.email=?",
  "service" : "estate_flow-backend"
}
{
  "timestamp" : "2026-09-02T01:16:12.2113909+04:00",
  "level" : "DEBUG",
  "message" : "\r\n    select\r\n        ume1_0.id,\r\n        ume1_0.created_at,\r\n        ume1_0.is_primary,\r\n        ume1_0.media_id,\r\n        ume1_0.purpose,\r\n        ume1_0.user_id \r\n    from\r\n        user_media ume1_0 \r\n    where\r\n        ume1_0.user_id=?",
  "service" : "estate_flow-backend"
}
{
  "timestamp" : "2026-09-02T01:16:12.2213597+04:00",
  "level" : "DEBUG",
  "message" : "Rate limit check passed: policy=GENERAL, remainingTokens=99",
  "service" : "estate_flow-backend",
  "path" : "/api/admin/agencies/baa4ec8f-6136-4256-a669-578bfa741a5e",
  "correlationId" : "00b69b4f-89e8-46fc-9083-c56a105588b5",
  "actorId" : "hesenovelsen@gmail.com",
  "method" : "PUT",
  "actorRole" : "ROLE_SUPER_ADMIN"
}
{
  "timestamp" : "2026-09-02T01:16:12.222537+04:00",
  "level" : "DEBUG",
  "message" : "Secured PUT /admin/agencies/baa4ec8f-6136-4256-a669-578bfa741a5e",
  "service" : "estate_flow-backend",
  "path" : "/api/admin/agencies/baa4ec8f-6136-4256-a669-578bfa741a5e",
  "correlationId" : "00b69b4f-89e8-46fc-9083-c56a105588b5",
  "actorId" : "hesenovelsen@gmail.com",
  "method" : "PUT",
  "actorRole" : "ROLE_SUPER_ADMIN"
}
{
  "timestamp" : "2026-09-02T01:16:12.2303573+04:00",
  "level" : "WARN",
  "message" : "validation_failed",
  "service" : "estate_flow-backend",
  "path" : "/api/admin/agencies/baa4ec8f-6136-4256-a669-578bfa741a5e",
  "correlationId" : "00b69b4f-89e8-46fc-9083-c56a105588b5",
  "actorId" : "hesenovelsen@gmail.com",
  "method" : "PUT",
  "actorRole" : "ROLE_SUPER_ADMIN",
  "validation_errors" : {
    "email" : "Email is required."
  }
}
{
  "timestamp" : "2026-09-02T01:16:12.235299+04:00",
  "level" : "WARN",
  "message" : "request_completed",
  "service" : "estate_flow-backend",
  "path" : "/api/admin/agencies/baa4ec8f-6136-4256-a669-578bfa741a5e",
  "correlationId" : "00b69b4f-89e8-46fc-9083-c56a105588b5",
  "actorId" : "hesenovelsen@gmail.com",
  "method" : "PUT",
  "actorRole" : "ROLE_SUPER_ADMIN",
  "status" : 400,
  "durationMs" : 14
}
{
  "timestamp" : "2026-09-02T01:18:27.1243194+04:00",
  "level" : "INFO",
  "message" : "Commencing graceful shutdown. Waiting for active requests to complete",
  "service" : "estate_flow-backend"
}
{
  "timestamp" : "2026-09-02T01:18:27.1445822+04:00",
  "level" : "INFO",
  "message" : "Graceful shutdown complete",
  "service" : "estate_flow-backend"
}
{
  "timestamp" : "2026-09-02T01:18:27.1703238+04:00",
  "level" : "INFO",
  "message" : "Closing JPA EntityManagerFactory for persistence unit 'default'",
  "service" : "estate_flow-backend"
}
{
  "timestamp" : "2026-09-02T01:18:27.1783226+04:00",
  "level" : "INFO",
  "message" : "HikariPool-1 - Shutdown initiated...",
  "service" : "estate_flow-backend"
}
{
  "timestamp" : "2026-09-02T01:18:27.1845761+04:00",
  "level" : "INFO",
  "message" : "HikariPool-1 - Shutdown completed.",
  "service" : "estate_flow-backend"
}
{
  "timestamp" : "2026-09-02T01:18:35.4106776+04:00",
  "level" : "ERROR",
  "message" : "Application run failed",
  "service" : "estate_flow-backend",
  "stackTrace" : "java.lang.IllegalStateException: Logback configuration error detected: \r\nERROR in ch.qos.logback.core.pattern.parser.Compiler@1719bac1 - There is no conversion supplier registered for conversion word [kv]\r\nERROR in ch.qos.logback.core.pattern.parser.Compiler@1719bac1 - [kv] is not a valid conversion word\r\n\tat org.springframework.boot.logging.logback.LogbackLoggingSystem.reportConfigurationErrorsIfNecessary(LogbackLoggingSystem.java:296)\r\n\tat org.springframework.boot.logging.logback.LogbackLoggingSystem.loadConfiguration(LogbackLoggingSystem.java:274)\r\n\tat org.springframework.boot.logging.AbstractLoggingSystem.initializeWithConventions(AbstractLoggingSystem.java:86)\r\n\tat org.springframework.boot.logging.AbstractLoggingSystem.initialize(AbstractLoggingSystem.java:65)\r\n\tat org.springframework.boot.logging.logback.LogbackLoggingSystem.initialize(LogbackLoggingSystem.java:197)\r\n\tat org.springframework.boot.context.logging.LoggingApplicationListener.initializeSystem(LoggingApplicationListener.java:337)\r\n\t... 22 common frames omitted\r\nWrapped by: java.lang.IllegalStateException: java.lang.IllegalStateException: Logback configuration error detected: \r\nERROR in ch.qos.logback.core.pattern.parser.Compiler@1719bac1 - There is no conversion supplier registered for conversion word [kv]\r\nERROR in ch.qos.logback.core.pattern.parser.Compiler@1719bac1 - [kv] is not a valid conversion word\r\n\tat org.springframework.boot.context.logging.LoggingApplicationListener.initializeSystem(LoggingApplicationListener.java:352)\r\n\tat org.springframework.boot.context.logging.LoggingApplicationListener.initialize(LoggingApplicationListener.java:302)\r\n\tat org.springframework.boot.context.logging.LoggingApplicationListener.onApplicationEnvironmentPreparedEvent(LoggingApplicationListener.java:248)\r\n\tat org.springframework.boot.context.logging.LoggingApplicationListener.onApplicationEvent(LoggingApplicationListener.java:225)\r\n\tat org.springframework.context.event.SimpleApplicationEventMulticaster.doInvokeListener(SimpleApplicationEventMulticaster.java:180)\r\n\tat org.springframework.context.event.SimpleApplicationEventMulticaster.invokeListener(SimpleApplicationEventMulticaster.java:173)\r\n\tat org.springframework.context.event.SimpleApplicationEventMulticaster.multicastEvent(SimpleApplicationEventMulticaster.java:151)\r\n\tat org.springframework.context.event.SimpleApplicationEventMulticaster.multicastEvent(SimpleApplicationEventMulticaster.java:133)\r\n\tat org.springframework.boot.context.event.EventPublishingRunListener.multicastInitialEvent(EventPublishingRunListener.java:137)\r\n\tat org.springframework.boot.context.event.EventPublishingRunListener.environmentPrepared(EventPublishingRunListener.java:82)\r\n\tat org.springframework.boot.SpringApplicationRunListeners.lambda$environmentPrepared$0(SpringApplicationRunListeners.java:66)\r\n\tat java.lang.Iterable.forEach(Iterable.java:75)\r\n\tat org.springframework.boot.SpringApplicationRunListeners.doWithListeners(SpringApplicationRunListeners.java:123)\r\n\tat org.springframework.boot.SpringApplicationRunListeners.doWithListeners(SpringApplicationRunListeners.java:117)\r\n\tat org.springframework.boot.SpringApplicationRunListeners.environmentPrepared(SpringApplicationRunListeners.java:65)\r\n\tat org.springframework.boot.SpringApplication.prepareEnvironment(SpringApplication.java:356)\r\n\tat org.springframework.boot.SpringApplication.run(SpringApplication.java:316)\r\n\tat org.springframework.boot.SpringApplication.run(SpringApplication.java:1365)\r\n\tat org.springframework.boot.SpringApplication.run(SpringApplication.java:1354)\r\n\tat com.realestate.backend.BackendApplication.main(BackendApplication.java:19)\r\n\tat jdk.internal.reflect.DirectMethodHandleAccessor.invoke(DirectMethodHandleAccessor.java:103)\r\n\tat java.lang.reflect.Method.invoke(Method.java:580)\r\n\tat org.springframework.boot.devtools.restart.RestartLauncher.run(RestartLauncher.java:52)\r\n"
}
{
  "timestamp" : "2026-09-02T01:19:05.778613+04:00",
  "level" : "ERROR",
  "message" : "Application run failed",
  "service" : "estate_flow-backend",
  "stackTrace" : "java.lang.IllegalStateException: Logback configuration error detected: \r\nERROR in ch.qos.logback.core.pattern.parser.Compiler@32d53d52 - There is no conversion supplier registered for conversion word [kv]\r\nERROR in ch.qos.logback.core.pattern.parser.Compiler@32d53d52 - [kv] is not a valid conversion word\r\n\tat org.springframework.boot.logging.logback.LogbackLoggingSystem.reportConfigurationErrorsIfNecessary(LogbackLoggingSystem.java:296)\r\n\tat org.springframework.boot.logging.logback.LogbackLoggingSystem.loadConfiguration(LogbackLoggingSystem.java:274)\r\n\tat org.springframework.boot.logging.AbstractLoggingSystem.initializeWithConventions(AbstractLoggingSystem.java:86)\r\n\tat org.springframework.boot.logging.AbstractLoggingSystem.initialize(AbstractLoggingSystem.java:65)\r\n\tat org.springframework.boot.logging.logback.LogbackLoggingSystem.initialize(LogbackLoggingSystem.java:197)\r\n\tat org.springframework.boot.context.logging.LoggingApplicationListener.initializeSystem(LoggingApplicationListener.java:337)\r\n\t... 22 common frames omitted\r\nWrapped by: java.lang.IllegalStateException: java.lang.IllegalStateException: Logback configuration error detected: \r\nERROR in ch.qos.logback.core.pattern.parser.Compiler@32d53d52 - There is no conversion supplier registered for conversion word [kv]\r\nERROR in ch.qos.logback.core.pattern.parser.Compiler@32d53d52 - [kv] is not a valid conversion word\r\n\tat org.springframework.boot.context.logging.LoggingApplicationListener.initializeSystem(LoggingApplicationListener.java:352)\r\n\tat org.springframework.boot.context.logging.LoggingApplicationListener.initialize(LoggingApplicationListener.java:302)\r\n\tat org.springframework.boot.context.logging.LoggingApplicationListener.onApplicationEnvironmentPreparedEvent(LoggingApplicationListener.java:248)\r\n\tat org.springframework.boot.context.logging.LoggingApplicationListener.onApplicationEvent(LoggingApplicationListener.java:225)\r\n\tat org.springframework.context.event.SimpleApplicationEventMulticaster.doInvokeListener(SimpleApplicationEventMulticaster.java:180)\r\n\tat org.springframework.context.event.SimpleApplicationEventMulticaster.invokeListener(SimpleApplicationEventMulticaster.java:173)\r\n\tat org.springframework.context.event.SimpleApplicationEventMulticaster.multicastEvent(SimpleApplicationEventMulticaster.java:151)\r\n\tat org.springframework.context.event.SimpleApplicationEventMulticaster.multicastEvent(SimpleApplicationEventMulticaster.java:133)\r\n\tat org.springframework.boot.context.event.EventPublishingRunListener.multicastInitialEvent(EventPublishingRunListener.java:137)\r\n\tat org.springframework.boot.context.event.EventPublishingRunListener.environmentPrepared(EventPublishingRunListener.java:82)\r\n\tat org.springframework.boot.SpringApplicationRunListeners.lambda$environmentPrepared$0(SpringApplicationRunListeners.java:66)\r\n\tat java.lang.Iterable.forEach(Iterable.java:75)\r\n\tat org.springframework.boot.SpringApplicationRunListeners.doWithListeners(SpringApplicationRunListeners.java:123)\r\n\tat org.springframework.boot.SpringApplicationRunListeners.doWithListeners(SpringApplicationRunListeners.java:117)\r\n\tat org.springframework.boot.SpringApplicationRunListeners.environmentPrepared(SpringApplicationRunListeners.java:65)\r\n\tat org.springframework.boot.SpringApplication.prepareEnvironment(SpringApplication.java:356)\r\n\tat org.springframework.boot.SpringApplication.run(SpringApplication.java:316)\r\n\tat org.springframework.boot.SpringApplication.run(SpringApplication.java:1365)\r\n\tat org.springframework.boot.SpringApplication.run(SpringApplication.java:1354)\r\n\tat com.realestate.backend.BackendApplication.main(BackendApplication.java:19)\r\n\tat jdk.internal.reflect.DirectMethodHandleAccessor.invoke(DirectMethodHandleAccessor.java:103)\r\n\tat java.lang.reflect.Method.invoke(Method.java:580)\r\n\tat org.springframework.boot.devtools.restart.RestartLauncher.run(RestartLauncher.java:52)\r\n"
}
{
  "timestamp" : "2026-09-02T01:19:18.7844335+04:00",
  "level" : "INFO",
  "message" : "Starting BackendApplication using Java 21.0.9 with PID 13292 (D:\\All materials\\Matrix\\Matrix (Java Programming)\\Graduation Project\\Real Estate App\\Real-Estate-App\\backend\\build\\classes\\java\\main started by PC in D:\\All materials\\Matrix\\Matrix (Java Programming)\\Graduation Project\\Real Estate App\\Real-Estate-App\\backend)",
  "service" : "estate_flow-backend"
}
{
  "timestamp" : "2026-09-02T01:19:18.7965796+04:00",
  "level" : "DEBUG",
  "message" : "Running with Spring Boot v4.0.6, Spring v7.0.7",
  "service" : "estate_flow-backend"
}
{
  "timestamp" : "2026-09-02T01:19:18.7974438+04:00",
  "level" : "INFO",
  "message" : "The following 1 profile is active: \"dev\"",
  "service" : "estate_flow-backend"
}
{
  "timestamp" : "2026-09-02T01:19:18.9303932+04:00",
  "level" : "INFO",
  "message" : "Devtools property defaults active! Set 'spring.devtools.add-properties' to 'false' to disable",
  "service" : "estate_flow-backend"
}
{
  "timestamp" : "2026-09-02T01:19:18.9313939+04:00",
  "level" : "INFO",
  "message" : "For additional web related logging consider setting the 'logging.level.web' property to 'DEBUG'",
  "service" : "estate_flow-backend"
}
{
  "timestamp" : "2026-09-02T01:19:22.0957621+04:00",
  "level" : "INFO",
  "message" : "Bootstrapping Spring Data JPA repositories in DEFAULT mode.",
  "service" : "estate_flow-backend"
}
{
  "timestamp" : "2026-09-02T01:19:22.3394098+04:00",
  "level" : "INFO",
  "message" : "Finished Spring Data repository scanning in 223 ms. Found 19 JPA repository interfaces.",
  "service" : "estate_flow-backend"
}
{
  "timestamp" : "2026-09-02T01:19:24.2511575+04:00",
  "level" : "INFO",
  "message" : "Tomcat initialized with port 8080 (http)",
  "service" : "estate_flow-backend"
}
{
  "timestamp" : "2026-09-02T01:19:24.2911613+04:00",
  "level" : "INFO",
  "message" : "Starting service [Tomcat]",
  "service" : "estate_flow-backend"
}
{
  "timestamp" : "2026-09-02T01:19:24.292199+04:00",
  "level" : "INFO",
  "message" : "Starting Servlet engine: [Apache Tomcat/11.0.21]",
  "service" : "estate_flow-backend"
}
{
  "timestamp" : "2026-09-02T01:19:24.4551254+04:00",
  "level" : "INFO",
  "message" : "Root WebApplicationContext: initialization completed in 5523 ms",
  "service" : "estate_flow-backend"
}
{
  "timestamp" : "2026-09-02T01:19:24.7160842+04:00",
  "level" : "INFO",
  "message" : "HikariPool-1 - Starting...",
  "service" : "estate_flow-backend"
}
{
  "timestamp" : "2026-09-02T01:19:25.1135108+04:00",
  "level" : "INFO",
  "message" : "HikariPool-1 - Added connection org.postgresql.jdbc.PgConnection@5f5c7cbb",
  "service" : "estate_flow-backend"
}
{
  "timestamp" : "2026-09-02T01:19:25.1155098+04:00",
  "level" : "INFO",
  "message" : "HikariPool-1 - Start completed.",
  "service" : "estate_flow-backend"
}
{
  "timestamp" : "2026-09-02T01:19:25.4935147+04:00",
  "level" : "INFO",
  "message" : "Set default schema name to public",
  "service" : "estate_flow-backend"
}
{
  "timestamp" : "2026-09-02T01:19:30.3621813+04:00",
  "level" : "INFO",
  "message" : "Reading resource: db/changelog/1.0/V1.0.00-create-users-table.sql",
  "service" : "estate_flow-backend"
}
{
  "timestamp" : "2026-09-02T01:19:30.7014471+04:00",
  "level" : "INFO",
  "message" : "Reading from public.databasechangelog",
  "service" : "estate_flow-backend"
}
{
  "timestamp" : "2026-09-02T01:19:30.7288174+04:00",
  "level" : "INFO",
  "message" : "Reading resource: db/changelog/1.0/V1.0.01-create-roles-table.sql",
  "service" : "estate_flow-backend"
}
{
  "timestamp" : "2026-09-02T01:19:30.7364369+04:00",
  "level" : "INFO",
  "message" : "Reading resource: db/changelog/1.0/V1.0.02-create-agencies-table.sql",
  "service" : "estate_flow-backend"
}
{
  "timestamp" : "2026-09-02T01:19:30.7444417+04:00",
  "level" : "INFO",
  "message" : "Reading resource: db/changelog/1.0/V1.0.03-create-categories-table.sql",
  "service" : "estate_flow-backend"
}
{
  "timestamp" : "2026-09-02T01:19:30.749442+04:00",
  "level" : "INFO",
  "message" : "Reading resource: db/changelog/1.0/V1.0.04-create-subscription-plans-table.sql",
  "service" : "estate_flow-backend"
}
{
  "timestamp" : "2026-09-02T01:19:30.7565975+04:00",
  "level" : "INFO",
  "message" : "Reading resource: db/changelog/1.0/V1.0.05-create-user-roles-table.sql",
  "service" : "estate_flow-backend"
}
{
  "timestamp" : "2026-09-02T01:19:30.7624363+04:00",
  "level" : "INFO",
  "message" : "Reading resource: db/changelog/1.0/V1.0.06-create-agency-members-table.sql",
  "service" : "estate_flow-backend"
}
{
  "timestamp" : "2026-09-02T01:19:30.7681174+04:00",
  "level" : "INFO",
  "message" : "Reading resource: db/changelog/1.0/V1.0.07-create-agency-subscriptions-table.sql",
  "service" : "estate_flow-backend"
}
{
  "timestamp" : "2026-09-02T01:19:30.7744441+04:00",
  "level" : "INFO",
  "message" : "Reading resource: db/changelog/1.0/V1.0.08-create-properties-table.sql",
  "service" : "estate_flow-backend"
}
{
  "timestamp" : "2026-09-02T01:19:30.7834384+04:00",
  "level" : "INFO",
  "message" : "Reading resource: db/changelog/1.0/V1.0.09-create-media-files-table.sql",
  "service" : "estate_flow-backend"
}
{
  "timestamp" : "2026-09-02T01:19:30.7964396+04:00",
  "level" : "INFO",
  "message" : "Reading resource: db/changelog/1.0/V1.0.10-create-favorites-table.sql",
  "service" : "estate_flow-backend"
}
{
  "timestamp" : "2026-09-02T01:19:30.8069437+04:00",
  "level" : "INFO",
  "message" : "Reading resource: db/changelog/1.0/V1.0.11-create-inquiries-table.sql",
  "service" : "estate_flow-backend"
}
{
  "timestamp" : "2026-09-02T01:19:30.8184409+04:00",
  "level" : "INFO",
  "message" : "Reading resource: db/changelog/1.0/V1.0.12-create-appointments-table.sql",
  "service" : "estate_flow-backend"
}
{
  "timestamp" : "2026-09-02T01:19:30.8285594+04:00",
  "level" : "INFO",
  "message" : "Reading resource: db/changelog/1.0/V1.0.13-create-reviews-table.sql",
  "service" : "estate_flow-backend"
}
{
  "timestamp" : "2026-09-02T01:19:30.8368273+04:00",
  "level" : "INFO",
  "message" : "Reading resource: db/changelog/1.0/V1.0.14-create-refresh-tokens-table.sql",
  "service" : "estate_flow-backend"
}
{
  "timestamp" : "2026-09-02T01:19:30.8455255+04:00",
  "level" : "INFO",
  "message" : "Reading resource: db/changelog/1.0/V1.0.15-create-password-reset-tokens-table.sql",
  "service" : "estate_flow-backend"
}
{
  "timestamp" : "2026-09-02T01:19:30.8534391+04:00",
  "level" : "INFO",
  "message" : "Reading resource: db/changelog/1.0/V1.0.16-create-agency-media-table.sql",
  "service" : "estate_flow-backend"
}
{
  "timestamp" : "2026-09-02T01:19:30.8594401+04:00",
  "level" : "INFO",
  "message" : "Reading resource: db/changelog/1.0/V1.0.17-create-user-media-table.sql",
  "service" : "estate_flow-backend"
}
{
  "timestamp" : "2026-09-02T01:19:30.8654394+04:00",
  "level" : "INFO",
  "message" : "Reading resource: db/changelog/1.0/V1.0.18-create-property-media-table.sql",
  "service" : "estate_flow-backend"
}
{
  "timestamp" : "2026-09-02T01:19:30.8734403+04:00",
  "level" : "INFO",
  "message" : "Reading resource: db/changelog/1.0/V1.0.19-create-password-reset-otp-table.sql",
  "service" : "estate_flow-backend"
}
{
  "timestamp" : "2026-09-02T01:19:31.1541526+04:00",
  "level" : "INFO",
  "message" : "Reading resource: db/changelog/2.0/V2.0.16-insert-default-categories.sql",
  "service" : "estate_flow-backend"
}
{
  "timestamp" : "2026-09-02T01:19:31.1581899+04:00",
  "level" : "INFO",
  "message" : "Reading resource: db/changelog/2.0/V2.0.17-insert-default-roles.sql",
  "service" : "estate_flow-backend"
}
{
  "timestamp" : "2026-09-02T01:19:31.1611897+04:00",
  "level" : "INFO",
  "message" : "Reading resource: db/changelog/2.0/V2.0.18-insert-default-subscription-plans.sql",
  "service" : "estate_flow-backend"
}
{
  "timestamp" : "2026-09-02T01:19:31.1661564+04:00",
  "level" : "INFO",
  "message" : "Reading resource: db/changelog/2.0/V2.0.19-add-agency-id-to-users-table.sql",
  "service" : "estate_flow-backend"
}
{
  "timestamp" : "2026-09-02T01:19:31.1831531+04:00",
  "level" : "INFO",
  "message" : "Reading resource: db/changelog/2.0/V2.0.20-change-role-name-from -inserted-roles.sql",
  "service" : "estate_flow-backend"
}
{
  "timestamp" : "2026-09-02T01:19:31.1871526+04:00",
  "level" : "INFO",
  "message" : "Reading resource: db/changelog/2.0/V2.0.21-insert-new-admin-role-ro-roles-table.sql",
  "service" : "estate_flow-backend"
}
{
  "timestamp" : "2026-09-02T01:19:31.201196+04:00",
  "level" : "INFO",
  "message" : "Reading resource: db/changelog/2.0/V2.0.22-insert-new-column-isDeleted-to-agencies-table.sql",
  "service" : "estate_flow-backend"
}
{
  "timestamp" : "2026-09-02T01:19:31.2051594+04:00",
  "level" : "INFO",
  "message" : "Reading resource: db/changelog/2.0/V2.0.23-insert-new-column-deleted-to-subscription-plans-table.sql",
  "service" : "estate_flow-backend"
}
{
  "timestamp" : "2026-09-02T01:19:31.2101545+04:00",
  "level" : "INFO",
  "message" : "Reading resource: db/changelog/2.0/V2.0.23-update-the-column-isDeleted-in-agencies-table.sql",
  "service" : "estate_flow-backend"
}
{
  "timestamp" : "2026-09-02T01:19:31.226163+04:00",
  "level" : "INFO",
  "message" : "Reading resource: db/changelog/2.0/V2.0.25-insert-new-column-agency_id-to-inquiries-table.sql",
  "service" : "estate_flow-backend"
}
{
  "timestamp" : "2026-09-02T01:19:31.2311639+04:00",
  "level" : "INFO",
  "message" : "Reading resource: db/changelog/2.0/V2.0.26-remove-uniqueness-contraint-for-agency_id-in-inquiries-table.sql",
  "service" : "estate_flow-backend"
}
{
  "timestamp" : "2026-09-02T01:19:31.2511603+04:00",
  "level" : "INFO",
  "message" : "Reading resource: db/changelog/2.0/V2.0.27-insert-new-column-agency_id-to-appointments-table.sql",
  "service" : "estate_flow-backend"
}
{
  "timestamp" : "2026-09-02T01:19:31.2561532+04:00",
  "level" : "INFO",
  "message" : "Reading resource: db/changelog/2.0/V2.0.28-refactor-media-files-table-for-generic-media-storage.sql",
  "service" : "estate_flow-backend"
}
{
  "timestamp" : "2026-09-02T01:19:31.2621541+04:00",
  "level" : "INFO",
  "message" : "Reading resource: db/changelog/2.0/V2.0.29-remove-logo-url-from-agencies-table.sql",
  "service" : "estate_flow-backend"
}
{
  "timestamp" : "2026-09-02T01:19:31.2671555+04:00",
  "level" : "INFO",
  "message" : "Reading resource: db/changelog/2.0/V2.0.30-insert-new-column-deleted-to-categories-table.sql",
  "service" : "estate_flow-backend"
}
{
  "timestamp" : "2026-09-02T01:19:31.2711513+04:00",
  "level" : "INFO",
  "message" : "Reading resource: db/changelog/2.0/V2.0.31-insert-new-column-target-to-reviews-table.sql",
  "service" : "estate_flow-backend"
}
{
  "timestamp" : "2026-09-02T01:19:31.2761523+04:00",
  "level" : "INFO",
  "message" : "Reading resource: db/changelog/2.0/V2.0.32-insert-new-column-currency-to-properties-table.sql",
  "service" : "estate_flow-backend"
}
{
  "timestamp" : "2026-09-02T01:19:31.2801648+04:00",
  "level" : "INFO",
  "message" : "Reading resource: db/changelog/2.0/V2.0.33-insert-new-column-deleted-to-users-table.sql",
  "service" : "estate_flow-backend"
}
{
  "timestamp" : "2026-09-02T01:19:31.4641972+04:00",
  "level" : "INFO",
  "message" : "Database is up to date, no changesets to execute",
  "service" : "estate_flow-backend"
}
{
  "timestamp" : "2026-09-02T01:19:31.4683781+04:00",
  "level" : "INFO",
  "message" : "Reading from public.databasechangelog",
  "service" : "estate_flow-backend"
}
{
  "timestamp" : "2026-09-02T01:19:31.5242013+04:00",
  "level" : "INFO",
  "message" : "UPDATE SUMMARY",
  "service" : "estate_flow-backend"
}
{
  "timestamp" : "2026-09-02T01:19:31.5251649+04:00",
  "level" : "INFO",
  "message" : "Run:                          0",
  "service" : "estate_flow-backend"
}
{
  "timestamp" : "2026-09-02T01:19:31.5251649+04:00",
  "level" : "INFO",
  "message" : "Previously run:              38",
  "service" : "estate_flow-backend"
}
{
  "timestamp" : "2026-09-02T01:19:31.5251649+04:00",
  "level" : "INFO",
  "message" : "Filtered out:                 0",
  "service" : "estate_flow-backend"
}
{
  "timestamp" : "2026-09-02T01:19:31.5251649+04:00",
  "level" : "INFO",
  "message" : "-------------------------------",
  "service" : "estate_flow-backend"
}
{
  "timestamp" : "2026-09-02T01:19:31.5261555+04:00",
  "level" : "INFO",
  "message" : "Total change sets:           38",
  "service" : "estate_flow-backend"
}
{
  "timestamp" : "2026-09-02T01:19:31.5281976+04:00",
  "level" : "INFO",
  "message" : "Update summary generated",
  "service" : "estate_flow-backend"
}
{
  "timestamp" : "2026-09-02T01:19:31.5301914+04:00",
  "level" : "INFO",
  "message" : "Command execution complete",
  "service" : "estate_flow-backend"
}
{
  "timestamp" : "2026-09-02T01:19:31.9108569+04:00",
  "level" : "INFO",
  "message" : "HHH008540: Processing PersistenceUnitInfo [name: default]",
  "service" : "estate_flow-backend"
}
{
  "timestamp" : "2026-09-02T01:19:32.1183764+04:00",
  "level" : "INFO",
  "message" : "HHH000001: Hibernate ORM core version 7.2.12.Final",
  "service" : "estate_flow-backend"
}
{
  "timestamp" : "2026-09-02T01:19:35.1908392+04:00",
  "level" : "INFO",
  "message" : "No LoadTimeWeaver setup: ignoring JPA class transformer",
  "service" : "estate_flow-backend"
}
{
  "timestamp" : "2026-09-02T01:19:35.4194+04:00",
  "level" : "WARN",
  "message" : "HHH90000025: PostgreSQLDialect does not need to be specified explicitly using 'hibernate.dialect' (remove the property setting and it will be selected by default)",
  "service" : "estate_flow-backend"
}
{
  "timestamp" : "2026-09-02T01:19:35.5408364+04:00",
  "level" : "INFO",
  "message" : "HHH10001005: Database info:\n\tDatabase JDBC URL [jdbc:postgresql://localhost:5432/real_estate_dev_db]\n\tDatabase driver: PostgreSQL JDBC Driver\n\tDatabase dialect: PostgreSQLDialect\n\tDatabase version: 18.3\n\tDefault catalog/schema: real_estate_dev_db/public\n\tAutocommit mode: undefined/unknown\n\tIsolation level: READ_COMMITTED [default READ_COMMITTED]\n\tJDBC fetch size: none\n\tPool: DataSourceConnectionProvider\n\tMinimum pool size: undefined/unknown\n\tMaximum pool size: undefined/unknown",
  "service" : "estate_flow-backend"
}
{
  "timestamp" : "2026-09-02T01:19:40.3548278+04:00",
  "level" : "INFO",
  "message" : "HHH000489: No JTA platform available (set 'hibernate.transaction.jta.platform' to enable JTA platform integration)",
  "service" : "estate_flow-backend"
}
{
  "timestamp" : "2026-09-02T01:19:40.4648654+04:00",
  "level" : "INFO",
  "message" : "Initialized JPA EntityManagerFactory for persistence unit 'default'",
  "service" : "estate_flow-backend"
}
{
  "timestamp" : "2026-09-02T01:19:40.63315+04:00",
  "level" : "INFO",
  "message" : "Hibernate is in classpath; If applicable, HQL parser will be used.",
  "service" : "estate_flow-backend"
}
{
  "timestamp" : "2026-09-02T01:19:42.951988+04:00",
  "level" : "DEBUG",
  "message" : "Filter 'jwtAuthenticationFilter' configured for use",
  "service" : "estate_flow-backend"
}
{
  "timestamp" : "2026-09-02T01:19:42.9529897+04:00",
  "level" : "DEBUG",
  "message" : "Filter 'rateLimitFilter' configured for use",
  "service" : "estate_flow-backend"
}
{
  "timestamp" : "2026-09-02T01:19:42.9529897+04:00",
  "level" : "DEBUG",
  "message" : "Filter 'requestLoggingFilter' configured for use",
  "service" : "estate_flow-backend"
}
{
  "timestamp" : "2026-09-02T01:19:42.9539888+04:00",
  "level" : "DEBUG",
  "message" : "Filter 'mdcLoggingFilter' configured for use",
  "service" : "estate_flow-backend"
}
{
  "timestamp" : "2026-09-02T01:19:45.3931686+04:00",
  "level" : "INFO",
  "message" : "MinIO bucket 'estateflow' already exists",
  "service" : "estate_flow-backend"
}
{
  "timestamp" : "2026-09-02T01:19:46.5343564+04:00",
  "level" : "INFO",
  "message" : "Global AuthenticationManager configured with AuthenticationProvider bean with name authenticationProvider",
  "service" : "estate_flow-backend"
}
{
  "timestamp" : "2026-09-02T01:19:46.5361159+04:00",
  "level" : "WARN",
  "message" : "Global AuthenticationManager configured with an AuthenticationProvider bean. UserDetailsService beans will not be used by Spring Security for automatically configuring username/password login. Consider removing the AuthenticationProvider bean. Alternatively, consider using the UserDetailsService in a manually instantiated DaoAuthenticationProvider. If the current configuration is intentional, to turn off this warning, increase the logging level of 'org.springframework.security.config.annotation.authentication.configuration.InitializeUserDetailsBeanManagerConfigurer' to ERROR",
  "service" : "estate_flow-backend"
}
{
  "timestamp" : "2026-09-02T01:19:47.4565039+04:00",
  "level" : "WARN",
  "message" : "spring.jpa.open-in-view is enabled by default. Therefore, database queries may be performed during view rendering. Explicitly configure spring.jpa.open-in-view to disable this warning",
  "service" : "estate_flow-backend"
}
{
  "timestamp" : "2026-09-02T01:19:47.9520225+04:00",
  "level" : "DEBUG",
  "message" : "Will secure any request with filters: DisableEncodeUrlFilter, WebAsyncManagerIntegrationFilter, SecurityContextHolderFilter, HeaderWriterFilter, CorsFilter, LogoutFilter, JwtAuthenticationFilter, MdcLoggingFilter, RateLimitFilter, RequestLoggingFilter, RequestCacheAwareFilter, SecurityContextHolderAwareRequestFilter, AnonymousAuthenticationFilter, SessionManagementFilter, ExceptionTranslationFilter, AuthorizationFilter",
  "service" : "estate_flow-backend"
}
{
  "timestamp" : "2026-09-02T01:19:49.1848142+04:00",
  "level" : "INFO",
  "message" : "Tomcat started on port 8080 (http) with context path '/api'",
  "service" : "estate_flow-backend"
}
{
  "timestamp" : "2026-09-02T01:19:49.2010238+04:00",
  "level" : "INFO",
  "message" : "Started BackendApplication in 32.142 seconds (process running for 34.031)",
  "service" : "estate_flow-backend"
}
{
  "timestamp" : "2026-09-02T01:20:12.2027317+04:00",
  "level" : "INFO",
  "message" : "Initializing Spring DispatcherServlet 'dispatcherServlet'",
  "service" : "estate_flow-backend"
}
{
  "timestamp" : "2026-09-02T01:20:12.2037342+04:00",
  "level" : "INFO",
  "message" : "Initializing Servlet 'dispatcherServlet'",
  "service" : "estate_flow-backend"
}
{
  "timestamp" : "2026-09-02T01:20:12.2076948+04:00",
  "level" : "INFO",
  "message" : "Completed initialization in 4 ms",
  "service" : "estate_flow-backend"
}
{
  "timestamp" : "2026-09-02T01:20:12.2383166+04:00",
  "level" : "DEBUG",
  "message" : "Securing PUT /admin/agencies/baa4ec8f-6136-4256-a669-578bfa741a5e",
  "service" : "estate_flow-backend"
}
{
  "timestamp" : "2026-09-02T01:20:13.452089+04:00",
  "level" : "DEBUG",
  "message" : "\r\n    select\r\n        ue1_0.id,\r\n        ue1_0.agency_id,\r\n        ue1_0.created_at,\r\n        ue1_0.deleted,\r\n        ue1_0.email,\r\n        ue1_0.email_verified,\r\n        ue1_0.enabled,\r\n        ue1_0.full_name,\r\n        ue1_0.password_hash,\r\n        ue1_0.phone_number,\r\n        r1_0.user_id,\r\n        r1_1.id,\r\n        r1_1.description,\r\n        r1_1.name,\r\n        ue1_0.updated_at \r\n    from\r\n        users ue1_0 \r\n    left join\r\n        user_roles r1_0 \r\n            on ue1_0.id=r1_0.user_id \r\n    left join\r\n        roles r1_1 \r\n            on r1_1.id=r1_0.role_id \r\n    where\r\n        ue1_0.email=?",
  "service" : "estate_flow-backend"
}
{
  "timestamp" : "2026-09-02T01:20:13.6820269+04:00",
  "level" : "DEBUG",
  "message" : "\r\n    select\r\n        ume1_0.id,\r\n        ume1_0.created_at,\r\n        ume1_0.is_primary,\r\n        ume1_0.media_id,\r\n        ume1_0.purpose,\r\n        ume1_0.user_id \r\n    from\r\n        user_media ume1_0 \r\n    where\r\n        ume1_0.user_id=?",
  "service" : "estate_flow-backend"
}
{
  "timestamp" : "2026-09-02T01:20:13.8707223+04:00",
  "level" : "DEBUG",
  "message" : "Rate limit check passed: policy=GENERAL, remainingTokens=99",
  "service" : "estate_flow-backend",
  "path" : "/api/admin/agencies/baa4ec8f-6136-4256-a669-578bfa741a5e",
  "correlationId" : "73e03d68-caac-4aa7-a174-f64dec8d71e4",
  "actorId" : "hesenovelsen@gmail.com",
  "method" : "PUT",
  "actorRole" : "ROLE_SUPER_ADMIN"
}
{
  "timestamp" : "2026-09-02T01:20:13.8796452+04:00",
  "level" : "DEBUG",
  "message" : "Secured PUT /admin/agencies/baa4ec8f-6136-4256-a669-578bfa741a5e",
  "service" : "estate_flow-backend",
  "path" : "/api/admin/agencies/baa4ec8f-6136-4256-a669-578bfa741a5e",
  "correlationId" : "73e03d68-caac-4aa7-a174-f64dec8d71e4",
  "actorId" : "hesenovelsen@gmail.com",
  "method" : "PUT",
  "actorRole" : "ROLE_SUPER_ADMIN"
}
{
  "timestamp" : "2026-09-02T01:20:14.3998374+04:00",
  "level" : "WARN",
  "message" : "validation_failed",
  "service" : "estate_flow-backend",
  "path" : "/api/admin/agencies/baa4ec8f-6136-4256-a669-578bfa741a5e",
  "correlationId" : "73e03d68-caac-4aa7-a174-f64dec8d71e4",
  "actorId" : "hesenovelsen@gmail.com",
  "method" : "PUT",
  "actorRole" : "ROLE_SUPER_ADMIN",
  "validation_errors" : {
    "email" : "Email is required."
  }
}
{
  "timestamp" : "2026-09-02T01:20:14.781766+04:00",
  "level" : "WARN",
  "message" : "request_completed",
  "service" : "estate_flow-backend",
  "path" : "/api/admin/agencies/baa4ec8f-6136-4256-a669-578bfa741a5e",
  "correlationId" : "73e03d68-caac-4aa7-a174-f64dec8d71e4",
  "actorId" : "hesenovelsen@gmail.com",
  "method" : "PUT",
  "actorRole" : "ROLE_SUPER_ADMIN",
  "status" : 400,
  "durationMs" : 910
}
{
  "timestamp" : "2026-09-02T01:23:44.2504884+04:00",
  "level" : "INFO",
  "message" : "Commencing graceful shutdown. Waiting for active requests to complete",
  "service" : "estate_flow-backend"
}
{
  "timestamp" : "2026-09-02T01:23:44.2724887+04:00",
  "level" : "INFO",
  "message" : "Graceful shutdown complete",
  "service" : "estate_flow-backend"
}
{
  "timestamp" : "2026-09-02T01:23:44.2954861+04:00",
  "level" : "INFO",
  "message" : "Closing JPA EntityManagerFactory for persistence unit 'default'",
  "service" : "estate_flow-backend"
}
{
  "timestamp" : "2026-09-02T01:23:44.3036191+04:00",
  "level" : "INFO",
  "message" : "HikariPool-1 - Shutdown initiated...",
  "service" : "estate_flow-backend"
}
{
  "timestamp" : "2026-09-02T01:23:44.309488+04:00",
  "level" : "INFO",
  "message" : "HikariPool-1 - Shutdown completed.",
  "service" : "estate_flow-backend"
}
{
  "timestamp" : "2026-09-02T01:23:51.5192801+04:00",
  "level" : "INFO",
  "message" : "Starting BackendApplication using Java 21.0.9 with PID 14088 (D:\\All materials\\Matrix\\Matrix (Java Programming)\\Graduation Project\\Real Estate App\\Real-Estate-App\\backend\\build\\classes\\java\\main started by PC in D:\\All materials\\Matrix\\Matrix (Java Programming)\\Graduation Project\\Real Estate App\\Real-Estate-App\\backend)",
  "service" : "estate_flow-backend"
}
{
  "timestamp" : "2026-09-02T01:23:51.5312805+04:00",
  "level" : "DEBUG",
  "message" : "Running with Spring Boot v4.0.6, Spring v7.0.7",
  "service" : "estate_flow-backend"
}
{
  "timestamp" : "2026-09-02T01:23:51.5332816+04:00",
  "level" : "INFO",
  "message" : "The following 1 profile is active: \"dev\"",
  "service" : "estate_flow-backend"
}
{
  "timestamp" : "2026-09-02T01:23:51.6600443+04:00",
  "level" : "INFO",
  "message" : "Devtools property defaults active! Set 'spring.devtools.add-properties' to 'false' to disable",
  "service" : "estate_flow-backend"
}
{
  "timestamp" : "2026-09-02T01:23:51.6609432+04:00",
  "level" : "INFO",
  "message" : "For additional web related logging consider setting the 'logging.level.web' property to 'DEBUG'",
  "service" : "estate_flow-backend"
}
{
  "timestamp" : "2026-09-02T01:23:54.435641+04:00",
  "level" : "INFO",
  "message" : "Bootstrapping Spring Data JPA repositories in DEFAULT mode.",
  "service" : "estate_flow-backend"
}
{
  "timestamp" : "2026-09-02T01:23:54.7372928+04:00",
  "level" : "INFO",
  "message" : "Finished Spring Data repository scanning in 279 ms. Found 19 JPA repository interfaces.",
  "service" : "estate_flow-backend"
}
{
  "timestamp" : "2026-09-02T01:23:56.7619632+04:00",
  "level" : "INFO",
  "message" : "Tomcat initialized with port 8080 (http)",
  "service" : "estate_flow-backend"
}
{
  "timestamp" : "2026-09-02T01:23:56.8010169+04:00",
  "level" : "INFO",
  "message" : "Starting service [Tomcat]",
  "service" : "estate_flow-backend"
}
{
  "timestamp" : "2026-09-02T01:23:56.8021657+04:00",
  "level" : "INFO",
  "message" : "Starting Servlet engine: [Apache Tomcat/11.0.21]",
  "service" : "estate_flow-backend"
}
{
  "timestamp" : "2026-09-02T01:23:56.9682753+04:00",
  "level" : "INFO",
  "message" : "Root WebApplicationContext: initialization completed in 5307 ms",
  "service" : "estate_flow-backend"
}
{
  "timestamp" : "2026-09-02T01:23:57.2912668+04:00",
  "level" : "INFO",
  "message" : "HikariPool-1 - Starting...",
  "service" : "estate_flow-backend"
}
{
  "timestamp" : "2026-09-02T01:23:57.6718915+04:00",
  "level" : "INFO",
  "message" : "HikariPool-1 - Added connection org.postgresql.jdbc.PgConnection@3f0e8ca9",
  "service" : "estate_flow-backend"
}
{
  "timestamp" : "2026-09-02T01:23:57.6758953+04:00",
  "level" : "INFO",
  "message" : "HikariPool-1 - Start completed.",
  "service" : "estate_flow-backend"
}
{
  "timestamp" : "2026-09-02T01:23:58.1114562+04:00",
  "level" : "INFO",
  "message" : "Set default schema name to public",
  "service" : "estate_flow-backend"
}
{
  "timestamp" : "2026-09-02T01:24:03.4575126+04:00",
  "level" : "INFO",
  "message" : "Reading resource: db/changelog/1.0/V1.0.00-create-users-table.sql",
  "service" : "estate_flow-backend"
}
{
  "timestamp" : "2026-09-02T01:24:03.7055337+04:00",
  "level" : "INFO",
  "message" : "Reading from public.databasechangelog",
  "service" : "estate_flow-backend"
}
{
  "timestamp" : "2026-09-02T01:24:03.7375794+04:00",
  "level" : "INFO",
  "message" : "Reading resource: db/changelog/1.0/V1.0.01-create-roles-table.sql",
  "service" : "estate_flow-backend"
}
{
  "timestamp" : "2026-09-02T01:24:03.7475193+04:00",
  "level" : "INFO",
  "message" : "Reading resource: db/changelog/1.0/V1.0.02-create-agencies-table.sql",
  "service" : "estate_flow-backend"
}
{
  "timestamp" : "2026-09-02T01:24:03.7588015+04:00",
  "level" : "INFO",
  "message" : "Reading resource: db/changelog/1.0/V1.0.03-create-categories-table.sql",
  "service" : "estate_flow-backend"
}
{
  "timestamp" : "2026-09-02T01:24:03.7677984+04:00",
  "level" : "INFO",
  "message" : "Reading resource: db/changelog/1.0/V1.0.04-create-subscription-plans-table.sql",
  "service" : "estate_flow-backend"
}
{
  "timestamp" : "2026-09-02T01:24:03.7787987+04:00",
  "level" : "INFO",
  "message" : "Reading resource: db/changelog/1.0/V1.0.05-create-user-roles-table.sql",
  "service" : "estate_flow-backend"
}
{
  "timestamp" : "2026-09-02T01:24:03.7897971+04:00",
  "level" : "INFO",
  "message" : "Reading resource: db/changelog/1.0/V1.0.06-create-agency-members-table.sql",
  "service" : "estate_flow-backend"
}
{
  "timestamp" : "2026-09-02T01:24:03.8017985+04:00",
  "level" : "INFO",
  "message" : "Reading resource: db/changelog/1.0/V1.0.07-create-agency-subscriptions-table.sql",
  "service" : "estate_flow-backend"
}
{
  "timestamp" : "2026-09-02T01:24:03.8127956+04:00",
  "level" : "INFO",
  "message" : "Reading resource: db/changelog/1.0/V1.0.08-create-properties-table.sql",
  "service" : "estate_flow-backend"
}
{
  "timestamp" : "2026-09-02T01:24:03.8217949+04:00",
  "level" : "INFO",
  "message" : "Reading resource: db/changelog/1.0/V1.0.09-create-media-files-table.sql",
  "service" : "estate_flow-backend"
}
{
  "timestamp" : "2026-09-02T01:24:03.8277927+04:00",
  "level" : "INFO",
  "message" : "Reading resource: db/changelog/1.0/V1.0.10-create-favorites-table.sql",
  "service" : "estate_flow-backend"
}
{
  "timestamp" : "2026-09-02T01:24:03.8397946+04:00",
  "level" : "INFO",
  "message" : "Reading resource: db/changelog/1.0/V1.0.11-create-inquiries-table.sql",
  "service" : "estate_flow-backend"
}
{
  "timestamp" : "2026-09-02T01:24:03.846002+04:00",
  "level" : "INFO",
  "message" : "Reading resource: db/changelog/1.0/V1.0.12-create-appointments-table.sql",
  "service" : "estate_flow-backend"
}
{
  "timestamp" : "2026-09-02T01:24:03.8507955+04:00",
  "level" : "INFO",
  "message" : "Reading resource: db/changelog/1.0/V1.0.13-create-reviews-table.sql",
  "service" : "estate_flow-backend"
}
{
  "timestamp" : "2026-09-02T01:24:03.857793+04:00",
  "level" : "INFO",
  "message" : "Reading resource: db/changelog/1.0/V1.0.14-create-refresh-tokens-table.sql",
  "service" : "estate_flow-backend"
}
{
  "timestamp" : "2026-09-02T01:24:03.8627924+04:00",
  "level" : "INFO",
  "message" : "Reading resource: db/changelog/1.0/V1.0.15-create-password-reset-tokens-table.sql",
  "service" : "estate_flow-backend"
}
{
  "timestamp" : "2026-09-02T01:24:03.8687932+04:00",
  "level" : "INFO",
  "message" : "Reading resource: db/changelog/1.0/V1.0.16-create-agency-media-table.sql",
  "service" : "estate_flow-backend"
}
{
  "timestamp" : "2026-09-02T01:24:03.8737935+04:00",
  "level" : "INFO",
  "message" : "Reading resource: db/changelog/1.0/V1.0.17-create-user-media-table.sql",
  "service" : "estate_flow-backend"
}
{
  "timestamp" : "2026-09-02T01:24:03.8787927+04:00",
  "level" : "INFO",
  "message" : "Reading resource: db/changelog/1.0/V1.0.18-create-property-media-table.sql",
  "service" : "estate_flow-backend"
}
{
  "timestamp" : "2026-09-02T01:24:03.8847962+04:00",
  "level" : "INFO",
  "message" : "Reading resource: db/changelog/1.0/V1.0.19-create-password-reset-otp-table.sql",
  "service" : "estate_flow-backend"
}
{
  "timestamp" : "2026-09-02T01:24:04.0977966+04:00",
  "level" : "INFO",
  "message" : "Reading resource: db/changelog/2.0/V2.0.16-insert-default-categories.sql",
  "service" : "estate_flow-backend"
}
{
  "timestamp" : "2026-09-02T01:24:04.1017979+04:00",
  "level" : "INFO",
  "message" : "Reading resource: db/changelog/2.0/V2.0.17-insert-default-roles.sql",
  "service" : "estate_flow-backend"
}
{
  "timestamp" : "2026-09-02T01:24:04.1058681+04:00",
  "level" : "INFO",
  "message" : "Reading resource: db/changelog/2.0/V2.0.18-insert-default-subscription-plans.sql",
  "service" : "estate_flow-backend"
}
{
  "timestamp" : "2026-09-02T01:24:04.1110639+04:00",
  "level" : "INFO",
  "message" : "Reading resource: db/changelog/2.0/V2.0.19-add-agency-id-to-users-table.sql",
  "service" : "estate_flow-backend"
}
{
  "timestamp" : "2026-09-02T01:24:04.1257964+04:00",
  "level" : "INFO",
  "message" : "Reading resource: db/changelog/2.0/V2.0.20-change-role-name-from -inserted-roles.sql",
  "service" : "estate_flow-backend"
}
{
  "timestamp" : "2026-09-02T01:24:04.1287957+04:00",
  "level" : "INFO",
  "message" : "Reading resource: db/changelog/2.0/V2.0.21-insert-new-admin-role-ro-roles-table.sql",
  "service" : "estate_flow-backend"
}
{
  "timestamp" : "2026-09-02T01:24:04.1417976+04:00",
  "level" : "INFO",
  "message" : "Reading resource: db/changelog/2.0/V2.0.22-insert-new-column-isDeleted-to-agencies-table.sql",
  "service" : "estate_flow-backend"
}
{
  "timestamp" : "2026-09-02T01:24:04.1459364+04:00",
  "level" : "INFO",
  "message" : "Reading resource: db/changelog/2.0/V2.0.23-insert-new-column-deleted-to-subscription-plans-table.sql",
  "service" : "estate_flow-backend"
}
{
  "timestamp" : "2026-09-02T01:24:04.1497973+04:00",
  "level" : "INFO",
  "message" : "Reading resource: db/changelog/2.0/V2.0.23-update-the-column-isDeleted-in-agencies-table.sql",
  "service" : "estate_flow-backend"
}
{
  "timestamp" : "2026-09-02T01:24:04.1637972+04:00",
  "level" : "INFO",
  "message" : "Reading resource: db/changelog/2.0/V2.0.25-insert-new-column-agency_id-to-inquiries-table.sql",
  "service" : "estate_flow-backend"
}
{
  "timestamp" : "2026-09-02T01:24:04.1679929+04:00",
  "level" : "INFO",
  "message" : "Reading resource: db/changelog/2.0/V2.0.26-remove-uniqueness-contraint-for-agency_id-in-inquiries-table.sql",
  "service" : "estate_flow-backend"
}
{
  "timestamp" : "2026-09-02T01:24:04.1807555+04:00",
  "level" : "INFO",
  "message" : "Reading resource: db/changelog/2.0/V2.0.27-insert-new-column-agency_id-to-appointments-table.sql",
  "service" : "estate_flow-backend"
}
{
  "timestamp" : "2026-09-02T01:24:04.1847561+04:00",
  "level" : "INFO",
  "message" : "Reading resource: db/changelog/2.0/V2.0.28-refactor-media-files-table-for-generic-media-storage.sql",
  "service" : "estate_flow-backend"
}
{
  "timestamp" : "2026-09-02T01:24:04.1877558+04:00",
  "level" : "INFO",
  "message" : "Reading resource: db/changelog/2.0/V2.0.29-remove-logo-url-from-agencies-table.sql",
  "service" : "estate_flow-backend"
}
{
  "timestamp" : "2026-09-02T01:24:04.1919162+04:00",
  "level" : "INFO",
  "message" : "Reading resource: db/changelog/2.0/V2.0.30-insert-new-column-deleted-to-categories-table.sql",
  "service" : "estate_flow-backend"
}
{
  "timestamp" : "2026-09-02T01:24:04.1949129+04:00",
  "level" : "INFO",
  "message" : "Reading resource: db/changelog/2.0/V2.0.31-insert-new-column-target-to-reviews-table.sql",
  "service" : "estate_flow-backend"
}
{
  "timestamp" : "2026-09-02T01:24:04.1978812+04:00",
  "level" : "INFO",
  "message" : "Reading resource: db/changelog/2.0/V2.0.32-insert-new-column-currency-to-properties-table.sql",
  "service" : "estate_flow-backend"
}
{
  "timestamp" : "2026-09-02T01:24:04.2019232+04:00",
  "level" : "INFO",
  "message" : "Reading resource: db/changelog/2.0/V2.0.33-insert-new-column-deleted-to-users-table.sql",
  "service" : "estate_flow-backend"
}
{
  "timestamp" : "2026-09-02T01:24:04.3368757+04:00",
  "level" : "INFO",
  "message" : "Database is up to date, no changesets to execute",
  "service" : "estate_flow-backend"
}
{
  "timestamp" : "2026-09-02T01:24:04.3408755+04:00",
  "level" : "INFO",
  "message" : "Reading from public.databasechangelog",
  "service" : "estate_flow-backend"
}
{
  "timestamp" : "2026-09-02T01:24:04.3899128+04:00",
  "level" : "INFO",
  "message" : "UPDATE SUMMARY",
  "service" : "estate_flow-backend"
}
{
  "timestamp" : "2026-09-02T01:24:04.3902836+04:00",
  "level" : "INFO",
  "message" : "Run:                          0",
  "service" : "estate_flow-backend"
}
{
  "timestamp" : "2026-09-02T01:24:04.3908764+04:00",
  "level" : "INFO",
  "message" : "Previously run:              38",
  "service" : "estate_flow-backend"
}
{
  "timestamp" : "2026-09-02T01:24:04.3908764+04:00",
  "level" : "INFO",
  "message" : "Filtered out:                 0",
  "service" : "estate_flow-backend"
}
{
  "timestamp" : "2026-09-02T01:24:04.3908764+04:00",
  "level" : "INFO",
  "message" : "-------------------------------",
  "service" : "estate_flow-backend"
}
{
  "timestamp" : "2026-09-02T01:24:04.3908764+04:00",
  "level" : "INFO",
  "message" : "Total change sets:           38",
  "service" : "estate_flow-backend"
}
{
  "timestamp" : "2026-09-02T01:24:04.3928832+04:00",
  "level" : "INFO",
  "message" : "Update summary generated",
  "service" : "estate_flow-backend"
}
{
  "timestamp" : "2026-09-02T01:24:04.3938829+04:00",
  "level" : "INFO",
  "message" : "Command execution complete",
  "service" : "estate_flow-backend"
}
{
  "timestamp" : "2026-09-02T01:24:06.5670969+04:00",
  "level" : "INFO",
  "message" : "No LoadTimeWeaver setup: ignoring JPA class transformer",
  "service" : "estate_flow-backend"
}
{
  "timestamp" : "2026-09-02T01:24:06.8352283+04:00",
  "level" : "WARN",
  "message" : "HHH90000025: PostgreSQLDialect does not need to be specified explicitly using 'hibernate.dialect' (remove the property setting and it will be selected by default)",
  "service" : "estate_flow-backend"
}
{
  "timestamp" : "2026-09-02T01:24:11.9492345+04:00",
  "level" : "INFO",
  "message" : "Initialized JPA EntityManagerFactory for persistence unit 'default'",
  "service" : "estate_flow-backend"
}
{
  "timestamp" : "2026-09-02T01:24:12.2343623+04:00",
  "level" : "INFO",
  "message" : "Hibernate is in classpath; If applicable, HQL parser will be used.",
  "service" : "estate_flow-backend"
}
{
  "timestamp" : "2026-09-02T01:24:14.8796089+04:00",
  "level" : "DEBUG",
  "message" : "Filter 'jwtAuthenticationFilter' configured for use",
  "service" : "estate_flow-backend"
}
{
  "timestamp" : "2026-09-02T01:24:14.881255+04:00",
  "level" : "DEBUG",
  "message" : "Filter 'rateLimitFilter' configured for use",
  "service" : "estate_flow-backend"
}
{
  "timestamp" : "2026-09-02T01:24:14.8816084+04:00",
  "level" : "DEBUG",
  "message" : "Filter 'requestLoggingFilter' configured for use",
  "service" : "estate_flow-backend"
}
{
  "timestamp" : "2026-09-02T01:24:14.8826105+04:00",
  "level" : "DEBUG",
  "message" : "Filter 'mdcLoggingFilter' configured for use",
  "service" : "estate_flow-backend"
}
{
  "timestamp" : "2026-09-02T01:24:17.8005718+04:00",
  "level" : "INFO",
  "message" : "MinIO bucket 'estateflow' already exists",
  "service" : "estate_flow-backend"
}
{
  "timestamp" : "2026-09-02T01:24:18.9304258+04:00",
  "level" : "INFO",
  "message" : "Global AuthenticationManager configured with AuthenticationProvider bean with name authenticationProvider",
  "service" : "estate_flow-backend"
}
{
  "timestamp" : "2026-09-02T01:24:18.9314261+04:00",
  "level" : "WARN",
  "message" : "Global AuthenticationManager configured with an AuthenticationProvider bean. UserDetailsService beans will not be used by Spring Security for automatically configuring username/password login. Consider removing the AuthenticationProvider bean. Alternatively, consider using the UserDetailsService in a manually instantiated DaoAuthenticationProvider. If the current configuration is intentional, to turn off this warning, increase the logging level of 'org.springframework.security.config.annotation.authentication.configuration.InitializeUserDetailsBeanManagerConfigurer' to ERROR",
  "service" : "estate_flow-backend"
}
{
  "timestamp" : "2026-09-02T01:24:20.4206809+04:00",
  "level" : "WARN",
  "message" : "spring.jpa.open-in-view is enabled by default. Therefore, database queries may be performed during view rendering. Explicitly configure spring.jpa.open-in-view to disable this warning",
  "service" : "estate_flow-backend"
}
{
  "timestamp" : "2026-09-02T01:24:21.114564+04:00",
  "level" : "DEBUG",
  "message" : "Will secure any request with filters: DisableEncodeUrlFilter, WebAsyncManagerIntegrationFilter, SecurityContextHolderFilter, HeaderWriterFilter, CorsFilter, LogoutFilter, JwtAuthenticationFilter, MdcLoggingFilter, RateLimitFilter, RequestLoggingFilter, RequestCacheAwareFilter, SecurityContextHolderAwareRequestFilter, AnonymousAuthenticationFilter, SessionManagementFilter, ExceptionTranslationFilter, AuthorizationFilter",
  "service" : "estate_flow-backend"
}
{
  "timestamp" : "2026-09-02T01:24:22.5869356+04:00",
  "level" : "INFO",
  "message" : "Tomcat started on port 8080 (http) with context path '/api'",
  "service" : "estate_flow-backend"
}
{
  "timestamp" : "2026-09-02T01:24:22.6109433+04:00",
  "level" : "INFO",
  "message" : "Started BackendApplication in 32.803 seconds (process running for 35.423)",
  "service" : "estate_flow-backend"
}
{
  "timestamp" : "2026-09-02T01:25:31.5939398+04:00",
  "level" : "INFO",
  "message" : "Initializing Spring DispatcherServlet 'dispatcherServlet'",
  "service" : "estate_flow-backend"
}
{
  "timestamp" : "2026-09-02T01:25:31.5949404+04:00",
  "level" : "INFO",
  "message" : "Initializing Servlet 'dispatcherServlet'",
  "service" : "estate_flow-backend"
}
{
  "timestamp" : "2026-09-02T01:25:31.6009424+04:00",
  "level" : "INFO",
  "message" : "Completed initialization in 5 ms",
  "service" : "estate_flow-backend"
}
{
  "timestamp" : "2026-09-02T01:25:31.6302343+04:00",
  "level" : "DEBUG",
  "message" : "Securing PUT /admin/agencies/baa4ec8f-6136-4256-a669-578bfa741a5e",
  "service" : "estate_flow-backend"
}
{
  "timestamp" : "2026-09-02T01:25:32.4531471+04:00",
  "level" : "DEBUG",
  "message" : "\r\n    select\r\n        ue1_0.id,\r\n        ue1_0.agency_id,\r\n        ue1_0.created_at,\r\n        ue1_0.deleted,\r\n        ue1_0.email,\r\n        ue1_0.email_verified,\r\n        ue1_0.enabled,\r\n        ue1_0.full_name,\r\n        ue1_0.password_hash,\r\n        ue1_0.phone_number,\r\n        r1_0.user_id,\r\n        r1_1.id,\r\n        r1_1.description,\r\n        r1_1.name,\r\n        ue1_0.updated_at \r\n    from\r\n        users ue1_0 \r\n    left join\r\n        user_roles r1_0 \r\n            on ue1_0.id=r1_0.user_id \r\n    left join\r\n        roles r1_1 \r\n            on r1_1.id=r1_0.role_id \r\n    where\r\n        ue1_0.email=?",
  "service" : "estate_flow-backend"
}
{
  "timestamp" : "2026-09-02T01:25:32.5352077+04:00",
  "level" : "DEBUG",
  "message" : "\r\n    select\r\n        ume1_0.id,\r\n        ume1_0.created_at,\r\n        ume1_0.is_primary,\r\n        ume1_0.media_id,\r\n        ume1_0.purpose,\r\n        ume1_0.user_id \r\n    from\r\n        user_media ume1_0 \r\n    where\r\n        ume1_0.user_id=?",
  "service" : "estate_flow-backend"
}
{
  "timestamp" : "2026-09-02T01:25:32.6291999+04:00",
  "level" : "DEBUG",
  "message" : "Rate limit check passed: policy=GENERAL, remainingTokens=99",
  "service" : "estate_flow-backend",
  "path" : "/api/admin/agencies/baa4ec8f-6136-4256-a669-578bfa741a5e",
  "correlationId" : "213d5f6a-8e12-4439-bafb-d23e4ab901b3",
  "actorId" : "hesenovelsen@gmail.com",
  "method" : "PUT",
  "actorRole" : "ROLE_SUPER_ADMIN"
}
{
  "timestamp" : "2026-09-02T01:25:32.6362142+04:00",
  "level" : "DEBUG",
  "message" : "Secured PUT /admin/agencies/baa4ec8f-6136-4256-a669-578bfa741a5e",
  "service" : "estate_flow-backend",
  "path" : "/api/admin/agencies/baa4ec8f-6136-4256-a669-578bfa741a5e",
  "correlationId" : "213d5f6a-8e12-4439-bafb-d23e4ab901b3",
  "actorId" : "hesenovelsen@gmail.com",
  "method" : "PUT",
  "actorRole" : "ROLE_SUPER_ADMIN"
}
{
  "timestamp" : "2026-09-02T01:25:33.0102052+04:00",
  "level" : "WARN",
  "message" : "validation_failed",
  "service" : "estate_flow-backend",
  "path" : "/api/admin/agencies/baa4ec8f-6136-4256-a669-578bfa741a5e",
  "correlationId" : "213d5f6a-8e12-4439-bafb-d23e4ab901b3",
  "actorId" : "hesenovelsen@gmail.com",
  "method" : "PUT",
  "actorRole" : "ROLE_SUPER_ADMIN",
  "validation_errors" : {
    "email" : "Email is required."
  }
}
{
  "timestamp" : "2026-09-02T01:25:33.1411666+04:00",
  "level" : "WARN",
  "message" : "request_completed",
  "service" : "estate_flow-backend",
  "path" : "/api/admin/agencies/baa4ec8f-6136-4256-a669-578bfa741a5e",
  "correlationId" : "213d5f6a-8e12-4439-bafb-d23e4ab901b3",
  "actorId" : "hesenovelsen@gmail.com",
  "method" : "PUT",
  "actorRole" : "ROLE_SUPER_ADMIN",
  "status" : 400,
  "durationMs" : 511
}
{
  "timestamp" : "2026-09-02T01:26:43.7123154+04:00",
  "level" : "INFO",
  "message" : "Commencing graceful shutdown. Waiting for active requests to complete",
  "service" : "estate_flow-backend"
}
{
  "timestamp" : "2026-09-02T01:26:43.7313207+04:00",
  "level" : "INFO",
  "message" : "Graceful shutdown complete",
  "service" : "estate_flow-backend"
}
{
  "timestamp" : "2026-09-02T01:26:43.7633135+04:00",
  "level" : "INFO",
  "message" : "Closing JPA EntityManagerFactory for persistence unit 'default'",
  "service" : "estate_flow-backend"
}
{
  "timestamp" : "2026-09-02T01:26:43.771319+04:00",
  "level" : "INFO",
  "message" : "HikariPool-1 - Shutdown initiated...",
  "service" : "estate_flow-backend"
}
{
  "timestamp" : "2026-09-02T01:26:43.7878363+04:00",
  "level" : "INFO",
  "message" : "HikariPool-1 - Shutdown completed.",
  "service" : "estate_flow-backend"
}
{
  "timestamp" : "2026-09-02T01:27:46.809241+04:00",
  "level" : "INFO",
  "message" : "Starting BackendApplication using Java 21.0.9 with PID 14020 (D:\\All materials\\Matrix\\Matrix (Java Programming)\\Graduation Project\\Real Estate App\\Real-Estate-App\\backend\\build\\classes\\java\\main started by PC in D:\\All materials\\Matrix\\Matrix (Java Programming)\\Graduation Project\\Real Estate App\\Real-Estate-App\\backend)",
  "service" : "estate_flow-backend"
}
{
  "timestamp" : "2026-09-02T01:27:46.8232374+04:00",
  "level" : "DEBUG",
  "message" : "Running with Spring Boot v4.0.6, Spring v7.0.7",
  "service" : "estate_flow-backend"
}
{
  "timestamp" : "2026-09-02T01:27:46.8242364+04:00",
  "level" : "INFO",
  "message" : "The following 1 profile is active: \"dev\"",
  "service" : "estate_flow-backend"
}
{
  "timestamp" : "2026-09-02T01:27:46.939238+04:00",
  "level" : "INFO",
  "message" : "Devtools property defaults active! Set 'spring.devtools.add-properties' to 'false' to disable",
  "service" : "estate_flow-backend"
}
{
  "timestamp" : "2026-09-02T01:27:46.9402373+04:00",
  "level" : "INFO",
  "message" : "For additional web related logging consider setting the 'logging.level.web' property to 'DEBUG'",
  "service" : "estate_flow-backend"
}
{
  "timestamp" : "2026-09-02T01:27:49.7093595+04:00",
  "level" : "INFO",
  "message" : "Bootstrapping Spring Data JPA repositories in DEFAULT mode.",
  "service" : "estate_flow-backend"
}
{
  "timestamp" : "2026-09-02T01:27:49.9904578+04:00",
  "level" : "INFO",
  "message" : "Finished Spring Data repository scanning in 260 ms. Found 19 JPA repository interfaces.",
  "service" : "estate_flow-backend"
}
{
  "timestamp" : "2026-09-02T01:27:51.8760434+04:00",
  "level" : "INFO",
  "message" : "Tomcat initialized with port 8080 (http)",
  "service" : "estate_flow-backend"
}
{
  "timestamp" : "2026-09-02T01:27:51.9020433+04:00",
  "level" : "INFO",
  "message" : "Initializing ProtocolHandler [\"http-nio-8080\"]",
  "service" : "estate_flow-backend"
}
{
  "timestamp" : "2026-09-02T01:27:51.9060453+04:00",
  "level" : "INFO",
  "message" : "Starting service [Tomcat]",
  "service" : "estate_flow-backend"
}
{
  "timestamp" : "2026-09-02T01:27:51.9063464+04:00",
  "level" : "INFO",
  "message" : "Starting Servlet engine: [Apache Tomcat/11.0.21]",
  "service" : "estate_flow-backend"
}
{
  "timestamp" : "2026-09-02T01:27:52.0291826+04:00",
  "level" : "INFO",
  "message" : "Root WebApplicationContext: initialization completed in 5088 ms",
  "service" : "estate_flow-backend"
}
{
  "timestamp" : "2026-09-02T01:27:52.2966497+04:00",
  "level" : "INFO",
  "message" : "HikariPool-1 - Starting...",
  "service" : "estate_flow-backend"
}
{
  "timestamp" : "2026-09-02T01:27:52.6868675+04:00",
  "level" : "INFO",
  "message" : "HikariPool-1 - Added connection org.postgresql.jdbc.PgConnection@3ab4043b",
  "service" : "estate_flow-backend"
}
{
  "timestamp" : "2026-09-02T01:27:52.6898299+04:00",
  "level" : "INFO",
  "message" : "HikariPool-1 - Start completed.",
  "service" : "estate_flow-backend"
}
{
  "timestamp" : "2026-09-02T01:27:53.0990407+04:00",
  "level" : "INFO",
  "message" : "Set default schema name to public",
  "service" : "estate_flow-backend"
}
{
  "timestamp" : "2026-09-02T01:27:57.6220342+04:00",
  "level" : "INFO",
  "message" : "Reading resource: db/changelog/1.0/V1.0.00-create-users-table.sql",
  "service" : "estate_flow-backend"
}
{
  "timestamp" : "2026-09-02T01:27:57.8822872+04:00",
  "level" : "INFO",
  "message" : "Reading from public.databasechangelog",
  "service" : "estate_flow-backend"
}
{
  "timestamp" : "2026-09-02T01:27:57.9202677+04:00",
  "level" : "INFO",
  "message" : "Reading resource: db/changelog/1.0/V1.0.01-create-roles-table.sql",
  "service" : "estate_flow-backend"
}
{
  "timestamp" : "2026-09-02T01:27:57.9312675+04:00",
  "level" : "INFO",
  "message" : "Reading resource: db/changelog/1.0/V1.0.02-create-agencies-table.sql",
  "service" : "estate_flow-backend"
}
{
  "timestamp" : "2026-09-02T01:27:57.9432689+04:00",
  "level" : "INFO",
  "message" : "Reading resource: db/changelog/1.0/V1.0.03-create-categories-table.sql",
  "service" : "estate_flow-backend"
}
{
  "timestamp" : "2026-09-02T01:27:57.9532634+04:00",
  "level" : "INFO",
  "message" : "Reading resource: db/changelog/1.0/V1.0.04-create-subscription-plans-table.sql",
  "service" : "estate_flow-backend"
}
{
  "timestamp" : "2026-09-02T01:27:57.9652643+04:00",
  "level" : "INFO",
  "message" : "Reading resource: db/changelog/1.0/V1.0.05-create-user-roles-table.sql",
  "service" : "estate_flow-backend"
}
{
  "timestamp" : "2026-09-02T01:27:57.9763233+04:00",
  "level" : "INFO",
  "message" : "Reading resource: db/changelog/1.0/V1.0.06-create-agency-members-table.sql",
  "service" : "estate_flow-backend"
}
{
  "timestamp" : "2026-09-02T01:27:57.9872772+04:00",
  "level" : "INFO",
  "message" : "Reading resource: db/changelog/1.0/V1.0.07-create-agency-subscriptions-table.sql",
  "service" : "estate_flow-backend"
}
{
  "timestamp" : "2026-09-02T01:27:57.999274+04:00",
  "level" : "INFO",
  "message" : "Reading resource: db/changelog/1.0/V1.0.08-create-properties-table.sql",
  "service" : "estate_flow-backend"
}
{
  "timestamp" : "2026-09-02T01:27:58.0153137+04:00",
  "level" : "INFO",
  "message" : "Reading resource: db/changelog/1.0/V1.0.09-create-media-files-table.sql",
  "service" : "estate_flow-backend"
}
{
  "timestamp" : "2026-09-02T01:27:58.0312719+04:00",
  "level" : "INFO",
  "message" : "Reading resource: db/changelog/1.0/V1.0.10-create-favorites-table.sql",
  "service" : "estate_flow-backend"
}
{
  "timestamp" : "2026-09-02T01:27:58.044326+04:00",
  "level" : "INFO",
  "message" : "Reading resource: db/changelog/1.0/V1.0.11-create-inquiries-table.sql",
  "service" : "estate_flow-backend"
}
{
  "timestamp" : "2026-09-02T01:27:58.0562762+04:00",
  "level" : "INFO",
  "message" : "Reading resource: db/changelog/1.0/V1.0.12-create-appointments-table.sql",
  "service" : "estate_flow-backend"
}
{
  "timestamp" : "2026-09-02T01:27:58.0683271+04:00",
  "level" : "INFO",
  "message" : "Reading resource: db/changelog/1.0/V1.0.13-create-reviews-table.sql",
  "service" : "estate_flow-backend"
}
{
  "timestamp" : "2026-09-02T01:27:58.0802847+04:00",
  "level" : "INFO",
  "message" : "Reading resource: db/changelog/1.0/V1.0.14-create-refresh-tokens-table.sql",
  "service" : "estate_flow-backend"
}
{
  "timestamp" : "2026-09-02T01:27:58.0912705+04:00",
  "level" : "INFO",
  "message" : "Reading resource: db/changelog/1.0/V1.0.15-create-password-reset-tokens-table.sql",
  "service" : "estate_flow-backend"
}
{
  "timestamp" : "2026-09-02T01:27:58.1022834+04:00",
  "level" : "INFO",
  "message" : "Reading resource: db/changelog/1.0/V1.0.16-create-agency-media-table.sql",
  "service" : "estate_flow-backend"
}
{
  "timestamp" : "2026-09-02T01:27:58.1153748+04:00",
  "level" : "INFO",
  "message" : "Reading resource: db/changelog/1.0/V1.0.17-create-user-media-table.sql",
  "service" : "estate_flow-backend"
}
{
  "timestamp" : "2026-09-02T01:27:58.1284086+04:00",
  "level" : "INFO",
  "message" : "Reading resource: db/changelog/1.0/V1.0.18-create-property-media-table.sql",
  "service" : "estate_flow-backend"
}
{
  "timestamp" : "2026-09-02T01:27:58.1442775+04:00",
  "level" : "INFO",
  "message" : "Reading resource: db/changelog/1.0/V1.0.19-create-password-reset-otp-table.sql",
  "service" : "estate_flow-backend"
}
{
  "timestamp" : "2026-09-02T01:27:58.6544571+04:00",
  "level" : "INFO",
  "message" : "Reading resource: db/changelog/2.0/V2.0.16-insert-default-categories.sql",
  "service" : "estate_flow-backend"
}
{
  "timestamp" : "2026-09-02T01:27:58.6634616+04:00",
  "level" : "INFO",
  "message" : "Reading resource: db/changelog/2.0/V2.0.17-insert-default-roles.sql",
  "service" : "estate_flow-backend"
}
{
  "timestamp" : "2026-09-02T01:27:58.6724652+04:00",
  "level" : "INFO",
  "message" : "Reading resource: db/changelog/2.0/V2.0.18-insert-default-subscription-plans.sql",
  "service" : "estate_flow-backend"
}
{
  "timestamp" : "2026-09-02T01:27:58.6834613+04:00",
  "level" : "INFO",
  "message" : "Reading resource: db/changelog/2.0/V2.0.19-add-agency-id-to-users-table.sql",
  "service" : "estate_flow-backend"
}
{
  "timestamp" : "2026-09-02T01:27:58.7185291+04:00",
  "level" : "INFO",
  "message" : "Reading resource: db/changelog/2.0/V2.0.20-change-role-name-from -inserted-roles.sql",
  "service" : "estate_flow-backend"
}
{
  "timestamp" : "2026-09-02T01:27:58.7257475+04:00",
  "level" : "INFO",
  "message" : "Reading resource: db/changelog/2.0/V2.0.21-insert-new-admin-role-ro-roles-table.sql",
  "service" : "estate_flow-backend"
}
{
  "timestamp" : "2026-09-02T01:27:58.7565259+04:00",
  "level" : "INFO",
  "message" : "Reading resource: db/changelog/2.0/V2.0.22-insert-new-column-isDeleted-to-agencies-table.sql",
  "service" : "estate_flow-backend"
}
{
  "timestamp" : "2026-09-02T01:27:58.7636942+04:00",
  "level" : "INFO",
  "message" : "Reading resource: db/changelog/2.0/V2.0.23-insert-new-column-deleted-to-subscription-plans-table.sql",
  "service" : "estate_flow-backend"
}
{
  "timestamp" : "2026-09-02T01:27:58.7726525+04:00",
  "level" : "INFO",
  "message" : "Reading resource: db/changelog/2.0/V2.0.23-update-the-column-isDeleted-in-agencies-table.sql",
  "service" : "estate_flow-backend"
}
{
  "timestamp" : "2026-09-02T01:27:58.8025275+04:00",
  "level" : "INFO",
  "message" : "Reading resource: db/changelog/2.0/V2.0.25-insert-new-column-agency_id-to-inquiries-table.sql",
  "service" : "estate_flow-backend"
}
{
  "timestamp" : "2026-09-02T01:27:58.8105166+04:00",
  "level" : "INFO",
  "message" : "Reading resource: db/changelog/2.0/V2.0.26-remove-uniqueness-contraint-for-agency_id-in-inquiries-table.sql",
  "service" : "estate_flow-backend"
}
{
  "timestamp" : "2026-09-02T01:27:58.8414953+04:00",
  "level" : "INFO",
  "message" : "Reading resource: db/changelog/2.0/V2.0.27-insert-new-column-agency_id-to-appointments-table.sql",
  "service" : "estate_flow-backend"
}
{
  "timestamp" : "2026-09-02T01:27:58.8495234+04:00",
  "level" : "INFO",
  "message" : "Reading resource: db/changelog/2.0/V2.0.28-refactor-media-files-table-for-generic-media-storage.sql",
  "service" : "estate_flow-backend"
}
{
  "timestamp" : "2026-09-02T01:27:58.8585306+04:00",
  "level" : "INFO",
  "message" : "Reading resource: db/changelog/2.0/V2.0.29-remove-logo-url-from-agencies-table.sql",
  "service" : "estate_flow-backend"
}
{
  "timestamp" : "2026-09-02T01:27:58.865522+04:00",
  "level" : "INFO",
  "message" : "Reading resource: db/changelog/2.0/V2.0.30-insert-new-column-deleted-to-categories-table.sql",
  "service" : "estate_flow-backend"
}
{
  "timestamp" : "2026-09-02T01:27:58.8745216+04:00",
  "level" : "INFO",
  "message" : "Reading resource: db/changelog/2.0/V2.0.31-insert-new-column-target-to-reviews-table.sql",
  "service" : "estate_flow-backend"
}
{
  "timestamp" : "2026-09-02T01:27:58.900525+04:00",
  "level" : "INFO",
  "message" : "Reading resource: db/changelog/2.0/V2.0.32-insert-new-column-currency-to-properties-table.sql",
  "service" : "estate_flow-backend"
}
{
  "timestamp" : "2026-09-02T01:27:58.9085252+04:00",
  "level" : "INFO",
  "message" : "Reading resource: db/changelog/2.0/V2.0.33-insert-new-column-deleted-to-users-table.sql",
  "service" : "estate_flow-backend"
}
{
  "timestamp" : "2026-09-02T01:27:59.0954632+04:00",
  "level" : "INFO",
  "message" : "Database is up to date, no changesets to execute",
  "service" : "estate_flow-backend"
}
{
  "timestamp" : "2026-09-02T01:27:59.1004588+04:00",
  "level" : "INFO",
  "message" : "Reading from public.databasechangelog",
  "service" : "estate_flow-backend"
}
{
  "timestamp" : "2026-09-02T01:27:59.1405327+04:00",
  "level" : "INFO",
  "message" : "UPDATE SUMMARY",
  "service" : "estate_flow-backend"
}
{
  "timestamp" : "2026-09-02T01:27:59.1405327+04:00",
  "level" : "INFO",
  "message" : "Run:                          0",
  "service" : "estate_flow-backend"
}
{
  "timestamp" : "2026-09-02T01:27:59.1405327+04:00",
  "level" : "INFO",
  "message" : "Previously run:              38",
  "service" : "estate_flow-backend"
}
{
  "timestamp" : "2026-09-02T01:27:59.1405327+04:00",
  "level" : "INFO",
  "message" : "Filtered out:                 0",
  "service" : "estate_flow-backend"
}
{
  "timestamp" : "2026-09-02T01:27:59.1414617+04:00",
  "level" : "INFO",
  "message" : "-------------------------------",
  "service" : "estate_flow-backend"
}
{
  "timestamp" : "2026-09-02T01:27:59.1417816+04:00",
  "level" : "INFO",
  "message" : "Total change sets:           38",
  "service" : "estate_flow-backend"
}
{
  "timestamp" : "2026-09-02T01:27:59.1424621+04:00",
  "level" : "INFO",
  "message" : "Update summary generated",
  "service" : "estate_flow-backend"
}
{
  "timestamp" : "2026-09-02T01:27:59.1454644+04:00",
  "level" : "INFO",
  "message" : "Command execution complete",
  "service" : "estate_flow-backend"
}
{
  "timestamp" : "2026-09-02T01:28:00.7572275+04:00",
  "level" : "INFO",
  "message" : "No LoadTimeWeaver setup: ignoring JPA class transformer",
  "service" : "estate_flow-backend"
}
{
  "timestamp" : "2026-09-02T01:28:00.9407555+04:00",
  "level" : "WARN",
  "message" : "HHH90000025: PostgreSQLDialect does not need to be specified explicitly using 'hibernate.dialect' (remove the property setting and it will be selected by default)",
  "service" : "estate_flow-backend"
}
{
  "timestamp" : "2026-09-02T01:28:05.0621958+04:00",
  "level" : "INFO",
  "message" : "Initialized JPA EntityManagerFactory for persistence unit 'default'",
  "service" : "estate_flow-backend"
}
{
  "timestamp" : "2026-09-02T01:28:05.2527728+04:00",
  "level" : "INFO",
  "message" : "Hibernate is in classpath; If applicable, HQL parser will be used.",
  "service" : "estate_flow-backend"
}
{
  "timestamp" : "2026-09-02T01:28:07.3057842+04:00",
  "level" : "DEBUG",
  "message" : "Filter 'jwtAuthenticationFilter' configured for use",
  "service" : "estate_flow-backend"
}
{
  "timestamp" : "2026-09-02T01:28:07.3067838+04:00",
  "level" : "DEBUG",
  "message" : "Filter 'rateLimitFilter' configured for use",
  "service" : "estate_flow-backend"
}
{
  "timestamp" : "2026-09-02T01:28:07.3067838+04:00",
  "level" : "DEBUG",
  "message" : "Filter 'requestLoggingFilter' configured for use",
  "service" : "estate_flow-backend"
}
{
  "timestamp" : "2026-09-02T01:28:07.3077841+04:00",
  "level" : "DEBUG",
  "message" : "Filter 'mdcLoggingFilter' configured for use",
  "service" : "estate_flow-backend"
}
{
  "timestamp" : "2026-09-02T01:28:09.6920653+04:00",
  "level" : "INFO",
  "message" : "MinIO bucket 'estateflow' already exists",
  "service" : "estate_flow-backend"
}
{
  "timestamp" : "2026-09-02T01:28:10.6825369+04:00",
  "level" : "INFO",
  "message" : "Global AuthenticationManager configured with AuthenticationProvider bean with name authenticationProvider",
  "service" : "estate_flow-backend"
}
{
  "timestamp" : "2026-09-02T01:28:10.6837026+04:00",
  "level" : "WARN",
  "message" : "Global AuthenticationManager configured with an AuthenticationProvider bean. UserDetailsService beans will not be used by Spring Security for automatically configuring username/password login. Consider removing the AuthenticationProvider bean. Alternatively, consider using the UserDetailsService in a manually instantiated DaoAuthenticationProvider. If the current configuration is intentional, to turn off this warning, increase the logging level of 'org.springframework.security.config.annotation.authentication.configuration.InitializeUserDetailsBeanManagerConfigurer' to ERROR",
  "service" : "estate_flow-backend"
}
{
  "timestamp" : "2026-09-02T01:28:11.4783326+04:00",
  "level" : "WARN",
  "message" : "spring.jpa.open-in-view is enabled by default. Therefore, database queries may be performed during view rendering. Explicitly configure spring.jpa.open-in-view to disable this warning",
  "service" : "estate_flow-backend"
}
{
  "timestamp" : "2026-09-02T01:28:12.2208787+04:00",
  "level" : "DEBUG",
  "message" : "Will secure any request with filters: DisableEncodeUrlFilter, WebAsyncManagerIntegrationFilter, SecurityContextHolderFilter, HeaderWriterFilter, CorsFilter, LogoutFilter, JwtAuthenticationFilter, MdcLoggingFilter, RateLimitFilter, RequestLoggingFilter, RequestCacheAwareFilter, SecurityContextHolderAwareRequestFilter, AnonymousAuthenticationFilter, SessionManagementFilter, ExceptionTranslationFilter, AuthorizationFilter",
  "service" : "estate_flow-backend"
}
{
  "timestamp" : "2026-09-02T01:28:13.5300246+04:00",
  "level" : "INFO",
  "message" : "Starting ProtocolHandler [\"http-nio-8080\"]",
  "service" : "estate_flow-backend"
}
{
  "timestamp" : "2026-09-02T01:28:13.5650213+04:00",
  "level" : "INFO",
  "message" : "Tomcat started on port 8080 (http) with context path '/api'",
  "service" : "estate_flow-backend"
}
{
  "timestamp" : "2026-09-02T01:28:13.5800183+04:00",
  "level" : "INFO",
  "message" : "Started BackendApplication in 28.526 seconds (process running for 30.825)",
  "service" : "estate_flow-backend"
}
{
  "timestamp" : "2026-09-02T01:29:19.6067769+04:00",
  "level" : "INFO",
  "message" : "Commencing graceful shutdown. Waiting for active requests to complete",
  "service" : "estate_flow-backend"
}
{
  "timestamp" : "2026-09-02T01:29:19.6247742+04:00",
  "level" : "INFO",
  "message" : "Graceful shutdown complete",
  "service" : "estate_flow-backend"
}
{
  "timestamp" : "2026-09-02T01:29:19.6477734+04:00",
  "level" : "INFO",
  "message" : "Closing JPA EntityManagerFactory for persistence unit 'default'",
  "service" : "estate_flow-backend"
}
{
  "timestamp" : "2026-09-02T01:29:19.6557736+04:00",
  "level" : "INFO",
  "message" : "HikariPool-1 - Shutdown initiated...",
  "service" : "estate_flow-backend"
}
{
  "timestamp" : "2026-09-02T01:29:19.6607788+04:00",
  "level" : "INFO",
  "message" : "HikariPool-1 - Shutdown completed.",
  "service" : "estate_flow-backend"
}
{
  "timestamp" : "2026-09-02T01:29:26.2216214+04:00",
  "level" : "INFO",
  "message" : "Starting BackendApplication using Java 21.0.9 with PID 4704 (D:\\All materials\\Matrix\\Matrix (Java Programming)\\Graduation Project\\Real Estate App\\Real-Estate-App\\backend\\build\\classes\\java\\main started by PC in D:\\All materials\\Matrix\\Matrix (Java Programming)\\Graduation Project\\Real Estate App\\Real-Estate-App\\backend)",
  "service" : "estate_flow-backend"
}
{
  "timestamp" : "2026-09-02T01:29:26.2344934+04:00",
  "level" : "DEBUG",
  "message" : "Running with Spring Boot v4.0.6, Spring v7.0.7",
  "service" : "estate_flow-backend"
}
{
  "timestamp" : "2026-09-02T01:29:26.2364943+04:00",
  "level" : "INFO",
  "message" : "The following 1 profile is active: \"dev\"",
  "service" : "estate_flow-backend"
}
{
  "timestamp" : "2026-09-02T01:29:26.356495+04:00",
  "level" : "INFO",
  "message" : "Devtools property defaults active! Set 'spring.devtools.add-properties' to 'false' to disable",
  "service" : "estate_flow-backend"
}
{
  "timestamp" : "2026-09-02T01:29:26.3571933+04:00",
  "level" : "INFO",
  "message" : "For additional web related logging consider setting the 'logging.level.web' property to 'DEBUG'",
  "service" : "estate_flow-backend"
}
{
  "timestamp" : "2026-09-02T01:29:28.6231692+04:00",
  "level" : "INFO",
  "message" : "Bootstrapping Spring Data JPA repositories in DEFAULT mode.",
  "service" : "estate_flow-backend"
}
{
  "timestamp" : "2026-09-02T01:29:28.9111388+04:00",
  "level" : "INFO",
  "message" : "Finished Spring Data repository scanning in 270 ms. Found 19 JPA repository interfaces.",
  "service" : "estate_flow-backend"
}
{
  "timestamp" : "2026-09-02T01:29:30.7155793+04:00",
  "level" : "INFO",
  "message" : "Tomcat initialized with port 8080 (http)",
  "service" : "estate_flow-backend"
}
{
  "timestamp" : "2026-09-02T01:29:30.7464652+04:00",
  "level" : "INFO",
  "message" : "Starting service [Tomcat]",
  "service" : "estate_flow-backend"
}
{
  "timestamp" : "2026-09-02T01:29:30.7464652+04:00",
  "level" : "INFO",
  "message" : "Starting Servlet engine: [Apache Tomcat/11.0.21]",
  "service" : "estate_flow-backend"
}
{
  "timestamp" : "2026-09-02T01:29:30.9194649+04:00",
  "level" : "INFO",
  "message" : "Root WebApplicationContext: initialization completed in 4561 ms",
  "service" : "estate_flow-backend"
}
{
  "timestamp" : "2026-09-02T01:29:31.2424629+04:00",
  "level" : "INFO",
  "message" : "HikariPool-1 - Starting...",
  "service" : "estate_flow-backend"
}
{
  "timestamp" : "2026-09-02T01:29:31.8653836+04:00",
  "level" : "INFO",
  "message" : "HikariPool-1 - Added connection org.postgresql.jdbc.PgConnection@2aedd084",
  "service" : "estate_flow-backend"
}
{
  "timestamp" : "2026-09-02T01:29:31.8723297+04:00",
  "level" : "INFO",
  "message" : "HikariPool-1 - Start completed.",
  "service" : "estate_flow-backend"
}
{
  "timestamp" : "2026-09-02T01:29:32.4153921+04:00",
  "level" : "INFO",
  "message" : "Set default schema name to public",
  "service" : "estate_flow-backend"
}
{
  "timestamp" : "2026-09-02T01:29:35.9399354+04:00",
  "level" : "INFO",
  "message" : "Reading resource: db/changelog/1.0/V1.0.00-create-users-table.sql",
  "service" : "estate_flow-backend"
}
{
  "timestamp" : "2026-09-02T01:29:36.100978+04:00",
  "level" : "INFO",
  "message" : "Reading from public.databasechangelog",
  "service" : "estate_flow-backend"
}
{
  "timestamp" : "2026-09-02T01:29:36.1159784+04:00",
  "level" : "INFO",
  "message" : "Reading resource: db/changelog/1.0/V1.0.01-create-roles-table.sql",
  "service" : "estate_flow-backend"
}
{
  "timestamp" : "2026-09-02T01:29:36.1209791+04:00",
  "level" : "INFO",
  "message" : "Reading resource: db/changelog/1.0/V1.0.02-create-agencies-table.sql",
  "service" : "estate_flow-backend"
}
{
  "timestamp" : "2026-09-02T01:29:36.1259361+04:00",
  "level" : "INFO",
  "message" : "Reading resource: db/changelog/1.0/V1.0.03-create-categories-table.sql",
  "service" : "estate_flow-backend"
}
{
  "timestamp" : "2026-09-02T01:29:36.1309337+04:00",
  "level" : "INFO",
  "message" : "Reading resource: db/changelog/1.0/V1.0.04-create-subscription-plans-table.sql",
  "service" : "estate_flow-backend"
}
{
  "timestamp" : "2026-09-02T01:29:36.1369361+04:00",
  "level" : "INFO",
  "message" : "Reading resource: db/changelog/1.0/V1.0.05-create-user-roles-table.sql",
  "service" : "estate_flow-backend"
}
{
  "timestamp" : "2026-09-02T01:29:36.141934+04:00",
  "level" : "INFO",
  "message" : "Reading resource: db/changelog/1.0/V1.0.06-create-agency-members-table.sql",
  "service" : "estate_flow-backend"
}
{
  "timestamp" : "2026-09-02T01:29:36.1479346+04:00",
  "level" : "INFO",
  "message" : "Reading resource: db/changelog/1.0/V1.0.07-create-agency-subscriptions-table.sql",
  "service" : "estate_flow-backend"
}
{
  "timestamp" : "2026-09-02T01:29:36.1559356+04:00",
  "level" : "INFO",
  "message" : "Reading resource: db/changelog/1.0/V1.0.08-create-properties-table.sql",
  "service" : "estate_flow-backend"
}
{
  "timestamp" : "2026-09-02T01:29:36.1659386+04:00",
  "level" : "INFO",
  "message" : "Reading resource: db/changelog/1.0/V1.0.09-create-media-files-table.sql",
  "service" : "estate_flow-backend"
}
{
  "timestamp" : "2026-09-02T01:29:36.1779391+04:00",
  "level" : "INFO",
  "message" : "Reading resource: db/changelog/1.0/V1.0.10-create-favorites-table.sql",
  "service" : "estate_flow-backend"
}
{
  "timestamp" : "2026-09-02T01:29:36.1861331+04:00",
  "level" : "INFO",
  "message" : "Reading resource: db/changelog/1.0/V1.0.11-create-inquiries-table.sql",
  "service" : "estate_flow-backend"
}
{
  "timestamp" : "2026-09-02T01:29:36.1961403+04:00",
  "level" : "INFO",
  "message" : "Reading resource: db/changelog/1.0/V1.0.12-create-appointments-table.sql",
  "service" : "estate_flow-backend"
}
{
  "timestamp" : "2026-09-02T01:29:36.2081369+04:00",
  "level" : "INFO",
  "message" : "Reading resource: db/changelog/1.0/V1.0.13-create-reviews-table.sql",
  "service" : "estate_flow-backend"
}
{
  "timestamp" : "2026-09-02T01:29:36.217141+04:00",
  "level" : "INFO",
  "message" : "Reading resource: db/changelog/1.0/V1.0.14-create-refresh-tokens-table.sql",
  "service" : "estate_flow-backend"
}
{
  "timestamp" : "2026-09-02T01:29:36.2261752+04:00",
  "level" : "INFO",
  "message" : "Reading resource: db/changelog/1.0/V1.0.15-create-password-reset-tokens-table.sql",
  "service" : "estate_flow-backend"
}
{
  "timestamp" : "2026-09-02T01:29:36.2331756+04:00",
  "level" : "INFO",
  "message" : "Reading resource: db/changelog/1.0/V1.0.16-create-agency-media-table.sql",
  "service" : "estate_flow-backend"
}
{
  "timestamp" : "2026-09-02T01:29:36.2401761+04:00",
  "level" : "INFO",
  "message" : "Reading resource: db/changelog/1.0/V1.0.17-create-user-media-table.sql",
  "service" : "estate_flow-backend"
}
{
  "timestamp" : "2026-09-02T01:29:36.2481362+04:00",
  "level" : "INFO",
  "message" : "Reading resource: db/changelog/1.0/V1.0.18-create-property-media-table.sql",
  "service" : "estate_flow-backend"
}
{
  "timestamp" : "2026-09-02T01:29:36.2571368+04:00",
  "level" : "INFO",
  "message" : "Reading resource: db/changelog/1.0/V1.0.19-create-password-reset-otp-table.sql",
  "service" : "estate_flow-backend"
}
{
  "timestamp" : "2026-09-02T01:29:36.6081417+04:00",
  "level" : "INFO",
  "message" : "Reading resource: db/changelog/2.0/V2.0.16-insert-default-categories.sql",
  "service" : "estate_flow-backend"
}
{
  "timestamp" : "2026-09-02T01:29:36.6141428+04:00",
  "level" : "INFO",
  "message" : "Reading resource: db/changelog/2.0/V2.0.17-insert-default-roles.sql",
  "service" : "estate_flow-backend"
}
{
  "timestamp" : "2026-09-02T01:29:36.620137+04:00",
  "level" : "INFO",
  "message" : "Reading resource: db/changelog/2.0/V2.0.18-insert-default-subscription-plans.sql",
  "service" : "estate_flow-backend"
}
{
  "timestamp" : "2026-09-02T01:29:36.6271427+04:00",
  "level" : "INFO",
  "message" : "Reading resource: db/changelog/2.0/V2.0.19-add-agency-id-to-users-table.sql",
  "service" : "estate_flow-backend"
}
{
  "timestamp" : "2026-09-02T01:29:36.6511361+04:00",
  "level" : "INFO",
  "message" : "Reading resource: db/changelog/2.0/V2.0.20-change-role-name-from -inserted-roles.sql",
  "service" : "estate_flow-backend"
}
{
  "timestamp" : "2026-09-02T01:29:36.6561357+04:00",
  "level" : "INFO",
  "message" : "Reading resource: db/changelog/2.0/V2.0.21-insert-new-admin-role-ro-roles-table.sql",
  "service" : "estate_flow-backend"
}
{
  "timestamp" : "2026-09-02T01:29:36.6761319+04:00",
  "level" : "INFO",
  "message" : "Reading resource: db/changelog/2.0/V2.0.22-insert-new-column-isDeleted-to-agencies-table.sql",
  "service" : "estate_flow-backend"
}
{
  "timestamp" : "2026-09-02T01:29:36.6821353+04:00",
  "level" : "INFO",
  "message" : "Reading resource: db/changelog/2.0/V2.0.23-insert-new-column-deleted-to-subscription-plans-table.sql",
  "service" : "estate_flow-backend"
}
{
  "timestamp" : "2026-09-02T01:29:36.6881353+04:00",
  "level" : "INFO",
  "message" : "Reading resource: db/changelog/2.0/V2.0.23-update-the-column-isDeleted-in-agencies-table.sql",
  "service" : "estate_flow-backend"
}
{
  "timestamp" : "2026-09-02T01:29:36.7071319+04:00",
  "level" : "INFO",
  "message" : "Reading resource: db/changelog/2.0/V2.0.25-insert-new-column-agency_id-to-inquiries-table.sql",
  "service" : "estate_flow-backend"
}
{
  "timestamp" : "2026-09-02T01:29:36.7121319+04:00",
  "level" : "INFO",
  "message" : "Reading resource: db/changelog/2.0/V2.0.26-remove-uniqueness-contraint-for-agency_id-in-inquiries-table.sql",
  "service" : "estate_flow-backend"
}
{
  "timestamp" : "2026-09-02T01:29:36.7331316+04:00",
  "level" : "INFO",
  "message" : "Reading resource: db/changelog/2.0/V2.0.27-insert-new-column-agency_id-to-appointments-table.sql",
  "service" : "estate_flow-backend"
}
{
  "timestamp" : "2026-09-02T01:29:36.7381318+04:00",
  "level" : "INFO",
  "message" : "Reading resource: db/changelog/2.0/V2.0.28-refactor-media-files-table-for-generic-media-storage.sql",
  "service" : "estate_flow-backend"
}
{
  "timestamp" : "2026-09-02T01:29:36.7441318+04:00",
  "level" : "INFO",
  "message" : "Reading resource: db/changelog/2.0/V2.0.29-remove-logo-url-from-agencies-table.sql",
  "service" : "estate_flow-backend"
}
{
  "timestamp" : "2026-09-02T01:29:36.7481306+04:00",
  "level" : "INFO",
  "message" : "Reading resource: db/changelog/2.0/V2.0.30-insert-new-column-deleted-to-categories-table.sql",
  "service" : "estate_flow-backend"
}
{
  "timestamp" : "2026-09-02T01:29:36.7521338+04:00",
  "level" : "INFO",
  "message" : "Reading resource: db/changelog/2.0/V2.0.31-insert-new-column-target-to-reviews-table.sql",
  "service" : "estate_flow-backend"
}
{
  "timestamp" : "2026-09-02T01:29:36.7581313+04:00",
  "level" : "INFO",
  "message" : "Reading resource: db/changelog/2.0/V2.0.32-insert-new-column-currency-to-properties-table.sql",
  "service" : "estate_flow-backend"
}
{
  "timestamp" : "2026-09-02T01:29:36.7611314+04:00",
  "level" : "INFO",
  "message" : "Reading resource: db/changelog/2.0/V2.0.33-insert-new-column-deleted-to-users-table.sql",
  "service" : "estate_flow-backend"
}
{
  "timestamp" : "2026-09-02T01:29:36.9301361+04:00",
  "level" : "INFO",
  "message" : "Database is up to date, no changesets to execute",
  "service" : "estate_flow-backend"
}
{
  "timestamp" : "2026-09-02T01:29:36.9344295+04:00",
  "level" : "INFO",
  "message" : "Reading from public.databasechangelog",
  "service" : "estate_flow-backend"
}
{
  "timestamp" : "2026-09-02T01:29:36.9741334+04:00",
  "level" : "INFO",
  "message" : "UPDATE SUMMARY",
  "service" : "estate_flow-backend"
}
{
  "timestamp" : "2026-09-02T01:29:36.9741334+04:00",
  "level" : "INFO",
  "message" : "Run:                          0",
  "service" : "estate_flow-backend"
}
{
  "timestamp" : "2026-09-02T01:29:36.9741334+04:00",
  "level" : "INFO",
  "message" : "Previously run:              38",
  "service" : "estate_flow-backend"
}
{
  "timestamp" : "2026-09-02T01:29:36.9751328+04:00",
  "level" : "INFO",
  "message" : "Filtered out:                 0",
  "service" : "estate_flow-backend"
}
{
  "timestamp" : "2026-09-02T01:29:36.9751328+04:00",
  "level" : "INFO",
  "message" : "-------------------------------",
  "service" : "estate_flow-backend"
}
{
  "timestamp" : "2026-09-02T01:29:36.9751328+04:00",
  "level" : "INFO",
  "message" : "Total change sets:           38",
  "service" : "estate_flow-backend"
}
{
  "timestamp" : "2026-09-02T01:29:36.9761336+04:00",
  "level" : "INFO",
  "message" : "Update summary generated",
  "service" : "estate_flow-backend"
}
{
  "timestamp" : "2026-09-02T01:29:36.9781332+04:00",
  "level" : "INFO",
  "message" : "Command execution complete",
  "service" : "estate_flow-backend"
}
{
  "timestamp" : "2026-09-02T01:29:38.4636096+04:00",
  "level" : "INFO",
  "message" : "No LoadTimeWeaver setup: ignoring JPA class transformer",
  "service" : "estate_flow-backend"
}
{
  "timestamp" : "2026-09-02T01:29:38.5595714+04:00",
  "level" : "WARN",
  "message" : "HHH90000025: PostgreSQLDialect does not need to be specified explicitly using 'hibernate.dialect' (remove the property setting and it will be selected by default)",
  "service" : "estate_flow-backend"
}
{
  "timestamp" : "2026-09-02T01:29:42.3329044+04:00",
  "level" : "INFO",
  "message" : "Initialized JPA EntityManagerFactory for persistence unit 'default'",
  "service" : "estate_flow-backend"
}
{
  "timestamp" : "2026-09-02T01:29:42.5545868+04:00",
  "level" : "INFO",
  "message" : "Hibernate is in classpath; If applicable, HQL parser will be used.",
  "service" : "estate_flow-backend"
}
{
  "timestamp" : "2026-09-02T01:29:44.8554355+04:00",
  "level" : "DEBUG",
  "message" : "Filter 'jwtAuthenticationFilter' configured for use",
  "service" : "estate_flow-backend"
}
{
  "timestamp" : "2026-09-02T01:29:44.8564339+04:00",
  "level" : "DEBUG",
  "message" : "Filter 'rateLimitFilter' configured for use",
  "service" : "estate_flow-backend"
}
{
  "timestamp" : "2026-09-02T01:29:44.8574364+04:00",
  "level" : "DEBUG",
  "message" : "Filter 'requestLoggingFilter' configured for use",
  "service" : "estate_flow-backend"
}
{
  "timestamp" : "2026-09-02T01:29:44.8583886+04:00",
  "level" : "DEBUG",
  "message" : "Filter 'mdcLoggingFilter' configured for use",
  "service" : "estate_flow-backend"
}
{
  "timestamp" : "2026-09-02T01:29:47.2378037+04:00",
  "level" : "INFO",
  "message" : "MinIO bucket 'estateflow' already exists",
  "service" : "estate_flow-backend"
}
{
  "timestamp" : "2026-09-02T01:29:48.4528815+04:00",
  "level" : "INFO",
  "message" : "Global AuthenticationManager configured with AuthenticationProvider bean with name authenticationProvider",
  "service" : "estate_flow-backend"
}
{
  "timestamp" : "2026-09-02T01:29:48.4538819+04:00",
  "level" : "WARN",
  "message" : "Global AuthenticationManager configured with an AuthenticationProvider bean. UserDetailsService beans will not be used by Spring Security for automatically configuring username/password login. Consider removing the AuthenticationProvider bean. Alternatively, consider using the UserDetailsService in a manually instantiated DaoAuthenticationProvider. If the current configuration is intentional, to turn off this warning, increase the logging level of 'org.springframework.security.config.annotation.authentication.configuration.InitializeUserDetailsBeanManagerConfigurer' to ERROR",
  "service" : "estate_flow-backend"
}
{
  "timestamp" : "2026-09-02T01:29:49.4208818+04:00",
  "level" : "WARN",
  "message" : "spring.jpa.open-in-view is enabled by default. Therefore, database queries may be performed during view rendering. Explicitly configure spring.jpa.open-in-view to disable this warning",
  "service" : "estate_flow-backend"
}
{
  "timestamp" : "2026-09-02T01:29:50.1078114+04:00",
  "level" : "DEBUG",
  "message" : "Will secure any request with filters: DisableEncodeUrlFilter, WebAsyncManagerIntegrationFilter, SecurityContextHolderFilter, HeaderWriterFilter, CorsFilter, LogoutFilter, JwtAuthenticationFilter, MdcLoggingFilter, RateLimitFilter, RequestLoggingFilter, RequestCacheAwareFilter, SecurityContextHolderAwareRequestFilter, AnonymousAuthenticationFilter, SessionManagementFilter, ExceptionTranslationFilter, AuthorizationFilter",
  "service" : "estate_flow-backend"
}
{
  "timestamp" : "2026-09-02T01:29:51.6330661+04:00",
  "level" : "INFO",
  "message" : "Tomcat started on port 8080 (http) with context path '/api'",
  "service" : "estate_flow-backend"
}
{
  "timestamp" : "2026-09-02T01:29:51.6650636+04:00",
  "level" : "INFO",
  "message" : "Started BackendApplication in 27.215 seconds (process running for 29.32)",
  "service" : "estate_flow-backend"
}
{
  "timestamp" : "2026-09-02T01:30:32.6418046+04:00",
  "level" : "INFO",
  "message" : "Commencing graceful shutdown. Waiting for active requests to complete",
  "service" : "estate_flow-backend"
}
{
  "timestamp" : "2026-09-02T01:30:32.661762+04:00",
  "level" : "INFO",
  "message" : "Graceful shutdown complete",
  "service" : "estate_flow-backend"
}
{
  "timestamp" : "2026-09-02T01:30:32.6867652+04:00",
  "level" : "INFO",
  "message" : "Closing JPA EntityManagerFactory for persistence unit 'default'",
  "service" : "estate_flow-backend"
}
{
  "timestamp" : "2026-09-02T01:30:32.6947749+04:00",
  "level" : "INFO",
  "message" : "HikariPool-1 - Shutdown initiated...",
  "service" : "estate_flow-backend"
}
{
  "timestamp" : "2026-09-02T01:30:32.7007608+04:00",
  "level" : "INFO",
  "message" : "HikariPool-1 - Shutdown completed.",
  "service" : "estate_flow-backend"
}
{
  "timestamp" : "2026-09-02T01:30:39.5585572+04:00",
  "level" : "INFO",
  "message" : "Starting BackendApplication using Java 21.0.9 with PID 13156 (D:\\All materials\\Matrix\\Matrix (Java Programming)\\Graduation Project\\Real Estate App\\Real-Estate-App\\backend\\build\\classes\\java\\main started by PC in D:\\All materials\\Matrix\\Matrix (Java Programming)\\Graduation Project\\Real Estate App\\Real-Estate-App\\backend)",
  "service" : "estate_flow-backend"
}
{
  "timestamp" : "2026-09-02T01:30:39.5715562+04:00",
  "level" : "DEBUG",
  "message" : "Running with Spring Boot v4.0.6, Spring v7.0.7",
  "service" : "estate_flow-backend"
}
{
  "timestamp" : "2026-09-02T01:30:39.5725561+04:00",
  "level" : "INFO",
  "message" : "The following 1 profile is active: \"dev\"",
  "service" : "estate_flow-backend"
}
{
  "timestamp" : "2026-09-02T01:30:39.6855558+04:00",
  "level" : "INFO",
  "message" : "Devtools property defaults active! Set 'spring.devtools.add-properties' to 'false' to disable",
  "service" : "estate_flow-backend"
}
{
  "timestamp" : "2026-09-02T01:30:39.6855558+04:00",
  "level" : "INFO",
  "message" : "For additional web related logging consider setting the 'logging.level.web' property to 'DEBUG'",
  "service" : "estate_flow-backend"
}
{
  "timestamp" : "2026-09-02T01:30:41.8929709+04:00",
  "level" : "INFO",
  "message" : "Bootstrapping Spring Data JPA repositories in DEFAULT mode.",
  "service" : "estate_flow-backend"
}
{
  "timestamp" : "2026-09-02T01:30:42.1687924+04:00",
  "level" : "INFO",
  "message" : "Finished Spring Data repository scanning in 254 ms. Found 19 JPA repository interfaces.",
  "service" : "estate_flow-backend"
}
{
  "timestamp" : "2026-09-02T01:30:43.9307335+04:00",
  "level" : "INFO",
  "message" : "Tomcat initialized with port 8080 (http)",
  "service" : "estate_flow-backend"
}
{
  "timestamp" : "2026-09-02T01:30:43.9557354+04:00",
  "level" : "INFO",
  "message" : "Starting service [Tomcat]",
  "service" : "estate_flow-backend"
}
{
  "timestamp" : "2026-09-02T01:30:43.9567359+04:00",
  "level" : "INFO",
  "message" : "Starting Servlet engine: [Apache Tomcat/11.0.21]",
  "service" : "estate_flow-backend"
}
{
  "timestamp" : "2026-09-02T01:30:44.0688087+04:00",
  "level" : "INFO",
  "message" : "Root WebApplicationContext: initialization completed in 4381 ms",
  "service" : "estate_flow-backend"
}
{
  "timestamp" : "2026-09-02T01:30:44.2768972+04:00",
  "level" : "INFO",
  "message" : "HikariPool-1 - Starting...",
  "service" : "estate_flow-backend"
}
{
  "timestamp" : "2026-09-02T01:30:44.5998591+04:00",
  "level" : "INFO",
  "message" : "HikariPool-1 - Added connection org.postgresql.jdbc.PgConnection@5abca695",
  "service" : "estate_flow-backend"
}
{
  "timestamp" : "2026-09-02T01:30:44.6029042+04:00",
  "level" : "INFO",
  "message" : "HikariPool-1 - Start completed.",
  "service" : "estate_flow-backend"
}
{
  "timestamp" : "2026-09-02T01:30:44.9206833+04:00",
  "level" : "INFO",
  "message" : "Set default schema name to public",
  "service" : "estate_flow-backend"
}
{
  "timestamp" : "2026-09-02T01:30:48.5511714+04:00",
  "level" : "INFO",
  "message" : "Reading resource: db/changelog/1.0/V1.0.00-create-users-table.sql",
  "service" : "estate_flow-backend"
}
{
  "timestamp" : "2026-09-02T01:30:48.7582226+04:00",
  "level" : "INFO",
  "message" : "Reading from public.databasechangelog",
  "service" : "estate_flow-backend"
}
{
  "timestamp" : "2026-09-02T01:30:48.778125+04:00",
  "level" : "INFO",
  "message" : "Reading resource: db/changelog/1.0/V1.0.01-create-roles-table.sql",
  "service" : "estate_flow-backend"
}
{
  "timestamp" : "2026-09-02T01:30:48.7851328+04:00",
  "level" : "INFO",
  "message" : "Reading resource: db/changelog/1.0/V1.0.02-create-agencies-table.sql",
  "service" : "estate_flow-backend"
}
{
  "timestamp" : "2026-09-02T01:30:48.7911653+04:00",
  "level" : "INFO",
  "message" : "Reading resource: db/changelog/1.0/V1.0.03-create-categories-table.sql",
  "service" : "estate_flow-backend"
}
{
  "timestamp" : "2026-09-02T01:30:48.7971305+04:00",
  "level" : "INFO",
  "message" : "Reading resource: db/changelog/1.0/V1.0.04-create-subscription-plans-table.sql",
  "service" : "estate_flow-backend"
}
{
  "timestamp" : "2026-09-02T01:30:48.8051677+04:00",
  "level" : "INFO",
  "message" : "Reading resource: db/changelog/1.0/V1.0.05-create-user-roles-table.sql",
  "service" : "estate_flow-backend"
}
{
  "timestamp" : "2026-09-02T01:30:48.8111686+04:00",
  "level" : "INFO",
  "message" : "Reading resource: db/changelog/1.0/V1.0.06-create-agency-members-table.sql",
  "service" : "estate_flow-backend"
}
{
  "timestamp" : "2026-09-02T01:30:48.8197384+04:00",
  "level" : "INFO",
  "message" : "Reading resource: db/changelog/1.0/V1.0.07-create-agency-subscriptions-table.sql",
  "service" : "estate_flow-backend"
}
{
  "timestamp" : "2026-09-02T01:30:48.8301708+04:00",
  "level" : "INFO",
  "message" : "Reading resource: db/changelog/1.0/V1.0.08-create-properties-table.sql",
  "service" : "estate_flow-backend"
}
{
  "timestamp" : "2026-09-02T01:30:48.8421218+04:00",
  "level" : "INFO",
  "message" : "Reading resource: db/changelog/1.0/V1.0.09-create-media-files-table.sql",
  "service" : "estate_flow-backend"
}
{
  "timestamp" : "2026-09-02T01:30:48.8511227+04:00",
  "level" : "INFO",
  "message" : "Reading resource: db/changelog/1.0/V1.0.10-create-favorites-table.sql",
  "service" : "estate_flow-backend"
}
{
  "timestamp" : "2026-09-02T01:30:48.856122+04:00",
  "level" : "INFO",
  "message" : "Reading resource: db/changelog/1.0/V1.0.11-create-inquiries-table.sql",
  "service" : "estate_flow-backend"
}
{
  "timestamp" : "2026-09-02T01:30:48.8625834+04:00",
  "level" : "INFO",
  "message" : "Reading resource: db/changelog/1.0/V1.0.12-create-appointments-table.sql",
  "service" : "estate_flow-backend"
}
{
  "timestamp" : "2026-09-02T01:30:48.867122+04:00",
  "level" : "INFO",
  "message" : "Reading resource: db/changelog/1.0/V1.0.13-create-reviews-table.sql",
  "service" : "estate_flow-backend"
}
{
  "timestamp" : "2026-09-02T01:30:48.8721206+04:00",
  "level" : "INFO",
  "message" : "Reading resource: db/changelog/1.0/V1.0.14-create-refresh-tokens-table.sql",
  "service" : "estate_flow-backend"
}
{
  "timestamp" : "2026-09-02T01:30:48.8771215+04:00",
  "level" : "INFO",
  "message" : "Reading resource: db/changelog/1.0/V1.0.15-create-password-reset-tokens-table.sql",
  "service" : "estate_flow-backend"
}
{
  "timestamp" : "2026-09-02T01:30:48.8811722+04:00",
  "level" : "INFO",
  "message" : "Reading resource: db/changelog/1.0/V1.0.16-create-agency-media-table.sql",
  "service" : "estate_flow-backend"
}
{
  "timestamp" : "2026-09-02T01:30:48.8851612+04:00",
  "level" : "INFO",
  "message" : "Reading resource: db/changelog/1.0/V1.0.17-create-user-media-table.sql",
  "service" : "estate_flow-backend"
}
{
  "timestamp" : "2026-09-02T01:30:48.8891691+04:00",
  "level" : "INFO",
  "message" : "Reading resource: db/changelog/1.0/V1.0.18-create-property-media-table.sql",
  "service" : "estate_flow-backend"
}
{
  "timestamp" : "2026-09-02T01:30:48.8951782+04:00",
  "level" : "INFO",
  "message" : "Reading resource: db/changelog/1.0/V1.0.19-create-password-reset-otp-table.sql",
  "service" : "estate_flow-backend"
}
{
  "timestamp" : "2026-09-02T01:30:49.1308034+04:00",
  "level" : "INFO",
  "message" : "Reading resource: db/changelog/2.0/V2.0.16-insert-default-categories.sql",
  "service" : "estate_flow-backend"
}
{
  "timestamp" : "2026-09-02T01:30:49.1351231+04:00",
  "level" : "INFO",
  "message" : "Reading resource: db/changelog/2.0/V2.0.17-insert-default-roles.sql",
  "service" : "estate_flow-backend"
}
{
  "timestamp" : "2026-09-02T01:30:49.1401226+04:00",
  "level" : "INFO",
  "message" : "Reading resource: db/changelog/2.0/V2.0.18-insert-default-subscription-plans.sql",
  "service" : "estate_flow-backend"
}
{
  "timestamp" : "2026-09-02T01:30:49.1474167+04:00",
  "level" : "INFO",
  "message" : "Reading resource: db/changelog/2.0/V2.0.19-add-agency-id-to-users-table.sql",
  "service" : "estate_flow-backend"
}
{
  "timestamp" : "2026-09-02T01:30:49.1681231+04:00",
  "level" : "INFO",
  "message" : "Reading resource: db/changelog/2.0/V2.0.20-change-role-name-from -inserted-roles.sql",
  "service" : "estate_flow-backend"
}
{
  "timestamp" : "2026-09-02T01:30:49.172138+04:00",
  "level" : "INFO",
  "message" : "Reading resource: db/changelog/2.0/V2.0.21-insert-new-admin-role-ro-roles-table.sql",
  "service" : "estate_flow-backend"
}
{
  "timestamp" : "2026-09-02T01:30:49.1901263+04:00",
  "level" : "INFO",
  "message" : "Reading resource: db/changelog/2.0/V2.0.22-insert-new-column-isDeleted-to-agencies-table.sql",
  "service" : "estate_flow-backend"
}
{
  "timestamp" : "2026-09-02T01:30:49.1951269+04:00",
  "level" : "INFO",
  "message" : "Reading resource: db/changelog/2.0/V2.0.23-insert-new-column-deleted-to-subscription-plans-table.sql",
  "service" : "estate_flow-backend"
}
{
  "timestamp" : "2026-09-02T01:30:49.2001329+04:00",
  "level" : "INFO",
  "message" : "Reading resource: db/changelog/2.0/V2.0.23-update-the-column-isDeleted-in-agencies-table.sql",
  "service" : "estate_flow-backend"
}
{
  "timestamp" : "2026-09-02T01:30:49.2211229+04:00",
  "level" : "INFO",
  "message" : "Reading resource: db/changelog/2.0/V2.0.25-insert-new-column-agency_id-to-inquiries-table.sql",
  "service" : "estate_flow-backend"
}
{
  "timestamp" : "2026-09-02T01:30:49.224124+04:00",
  "level" : "INFO",
  "message" : "Reading resource: db/changelog/2.0/V2.0.26-remove-uniqueness-contraint-for-agency_id-in-inquiries-table.sql",
  "service" : "estate_flow-backend"
}
{
  "timestamp" : "2026-09-02T01:30:49.2381744+04:00",
  "level" : "INFO",
  "message" : "Reading resource: db/changelog/2.0/V2.0.27-insert-new-column-agency_id-to-appointments-table.sql",
  "service" : "estate_flow-backend"
}
{
  "timestamp" : "2026-09-02T01:30:49.2421246+04:00",
  "level" : "INFO",
  "message" : "Reading resource: db/changelog/2.0/V2.0.28-refactor-media-files-table-for-generic-media-storage.sql",
  "service" : "estate_flow-backend"
}
{
  "timestamp" : "2026-09-02T01:30:49.2471633+04:00",
  "level" : "INFO",
  "message" : "Reading resource: db/changelog/2.0/V2.0.29-remove-logo-url-from-agencies-table.sql",
  "service" : "estate_flow-backend"
}
{
  "timestamp" : "2026-09-02T01:30:49.250169+04:00",
  "level" : "INFO",
  "message" : "Reading resource: db/changelog/2.0/V2.0.30-insert-new-column-deleted-to-categories-table.sql",
  "service" : "estate_flow-backend"
}
{
  "timestamp" : "2026-09-02T01:30:49.2531639+04:00",
  "level" : "INFO",
  "message" : "Reading resource: db/changelog/2.0/V2.0.31-insert-new-column-target-to-reviews-table.sql",
  "service" : "estate_flow-backend"
}
{
  "timestamp" : "2026-09-02T01:30:49.2571292+04:00",
  "level" : "INFO",
  "message" : "Reading resource: db/changelog/2.0/V2.0.32-insert-new-column-currency-to-properties-table.sql",
  "service" : "estate_flow-backend"
}
{
  "timestamp" : "2026-09-02T01:30:49.2611275+04:00",
  "level" : "INFO",
  "message" : "Reading resource: db/changelog/2.0/V2.0.33-insert-new-column-deleted-to-users-table.sql",
  "service" : "estate_flow-backend"
}
{
  "timestamp" : "2026-09-02T01:30:49.3841307+04:00",
  "level" : "INFO",
  "message" : "Database is up to date, no changesets to execute",
  "service" : "estate_flow-backend"
}
{
  "timestamp" : "2026-09-02T01:30:49.3881227+04:00",
  "level" : "INFO",
  "message" : "Reading from public.databasechangelog",
  "service" : "estate_flow-backend"
}
{
  "timestamp" : "2026-09-02T01:30:49.4411305+04:00",
  "level" : "INFO",
  "message" : "UPDATE SUMMARY",
  "service" : "estate_flow-backend"
}
{
  "timestamp" : "2026-09-02T01:30:49.442554+04:00",
  "level" : "INFO",
  "message" : "Run:                          0",
  "service" : "estate_flow-backend"
}
{
  "timestamp" : "2026-09-02T01:30:49.4433913+04:00",
  "level" : "INFO",
  "message" : "Previously run:              38",
  "service" : "estate_flow-backend"
}
{
  "timestamp" : "2026-09-02T01:30:49.4441536+04:00",
  "level" : "INFO",
  "message" : "Filtered out:                 0",
  "service" : "estate_flow-backend"
}
{
  "timestamp" : "2026-09-02T01:30:49.4443787+04:00",
  "level" : "INFO",
  "message" : "-------------------------------",
  "service" : "estate_flow-backend"
}
{
  "timestamp" : "2026-09-02T01:30:49.4443787+04:00",
  "level" : "INFO",
  "message" : "Total change sets:           38",
  "service" : "estate_flow-backend"
}
{
  "timestamp" : "2026-09-02T01:30:49.447132+04:00",
  "level" : "INFO",
  "message" : "Update summary generated",
  "service" : "estate_flow-backend"
}
{
  "timestamp" : "2026-09-02T01:30:49.4491308+04:00",
  "level" : "INFO",
  "message" : "Command execution complete",
  "service" : "estate_flow-backend"
}
{
  "timestamp" : "2026-09-02T01:30:50.7645723+04:00",
  "level" : "INFO",
  "message" : "No LoadTimeWeaver setup: ignoring JPA class transformer",
  "service" : "estate_flow-backend"
}
{
  "timestamp" : "2026-09-02T01:30:50.947549+04:00",
  "level" : "WARN",
  "message" : "HHH90000025: PostgreSQLDialect does not need to be specified explicitly using 'hibernate.dialect' (remove the property setting and it will be selected by default)",
  "service" : "estate_flow-backend"
}
{
  "timestamp" : "2026-09-02T01:30:53.8460654+04:00",
  "level" : "INFO",
  "message" : "Initialized JPA EntityManagerFactory for persistence unit 'default'",
  "service" : "estate_flow-backend"
}
{
  "timestamp" : "2026-09-02T01:30:54.053022+04:00",
  "level" : "INFO",
  "message" : "Hibernate is in classpath; If applicable, HQL parser will be used.",
  "service" : "estate_flow-backend"
}
{
  "timestamp" : "2026-09-02T01:30:55.9655747+04:00",
  "level" : "DEBUG",
  "message" : "Filter 'jwtAuthenticationFilter' configured for use",
  "service" : "estate_flow-backend"
}
{
  "timestamp" : "2026-09-02T01:30:55.9655747+04:00",
  "level" : "DEBUG",
  "message" : "Filter 'rateLimitFilter' configured for use",
  "service" : "estate_flow-backend"
}
{
  "timestamp" : "2026-09-02T01:30:55.9665751+04:00",
  "level" : "DEBUG",
  "message" : "Filter 'requestLoggingFilter' configured for use",
  "service" : "estate_flow-backend"
}
{
  "timestamp" : "2026-09-02T01:30:55.9675745+04:00",
  "level" : "DEBUG",
  "message" : "Filter 'mdcLoggingFilter' configured for use",
  "service" : "estate_flow-backend"
}
{
  "timestamp" : "2026-09-02T01:30:58.2623127+04:00",
  "level" : "INFO",
  "message" : "MinIO bucket 'estateflow' already exists",
  "service" : "estate_flow-backend"
}
{
  "timestamp" : "2026-09-02T01:30:59.1955559+04:00",
  "level" : "INFO",
  "message" : "Global AuthenticationManager configured with AuthenticationProvider bean with name authenticationProvider",
  "service" : "estate_flow-backend"
}
{
  "timestamp" : "2026-09-02T01:30:59.196561+04:00",
  "level" : "WARN",
  "message" : "Global AuthenticationManager configured with an AuthenticationProvider bean. UserDetailsService beans will not be used by Spring Security for automatically configuring username/password login. Consider removing the AuthenticationProvider bean. Alternatively, consider using the UserDetailsService in a manually instantiated DaoAuthenticationProvider. If the current configuration is intentional, to turn off this warning, increase the logging level of 'org.springframework.security.config.annotation.authentication.configuration.InitializeUserDetailsBeanManagerConfigurer' to ERROR",
  "service" : "estate_flow-backend"
}
{
  "timestamp" : "2026-09-02T01:30:59.8634097+04:00",
  "level" : "WARN",
  "message" : "spring.jpa.open-in-view is enabled by default. Therefore, database queries may be performed during view rendering. Explicitly configure spring.jpa.open-in-view to disable this warning",
  "service" : "estate_flow-backend"
}
{
  "timestamp" : "2026-09-02T01:31:00.5116331+04:00",
  "level" : "DEBUG",
  "message" : "Will secure any request with filters: DisableEncodeUrlFilter, WebAsyncManagerIntegrationFilter, SecurityContextHolderFilter, HeaderWriterFilter, CorsFilter, LogoutFilter, JwtAuthenticationFilter, MdcLoggingFilter, RateLimitFilter, RequestLoggingFilter, RequestCacheAwareFilter, SecurityContextHolderAwareRequestFilter, AnonymousAuthenticationFilter, SessionManagementFilter, ExceptionTranslationFilter, AuthorizationFilter",
  "service" : "estate_flow-backend"
}
{
  "timestamp" : "2026-09-02T01:31:01.9066905+04:00",
  "level" : "INFO",
  "message" : "Tomcat started on port 8080 (http) with context path '/api'",
  "service" : "estate_flow-backend"
}
{
  "timestamp" : "2026-09-02T01:31:01.919692+04:00",
  "level" : "INFO",
  "message" : "Started BackendApplication in 24.325 seconds (process running for 26.599)",
  "service" : "estate_flow-backend"
}
{
  "timestamp" : "2026-09-02T01:31:31.9053778+04:00",
  "level" : "INFO",
  "message" : "Initializing Spring DispatcherServlet 'dispatcherServlet'",
  "service" : "estate_flow-backend"
}
{
  "timestamp" : "2026-09-02T01:31:31.9063758+04:00",
  "level" : "INFO",
  "message" : "Initializing Servlet 'dispatcherServlet'",
  "service" : "estate_flow-backend"
}
{
  "timestamp" : "2026-09-02T01:31:31.9125113+04:00",
  "level" : "INFO",
  "message" : "Completed initialization in 5 ms",
  "service" : "estate_flow-backend"
}
{
  "timestamp" : "2026-09-02T01:31:31.957376+04:00",
  "level" : "DEBUG",
  "message" : "Securing PUT /admin/agencies/baa4ec8f-6136-4256-a669-578bfa741a5e",
  "service" : "estate_flow-backend"
}
{
  "timestamp" : "2026-09-02T01:31:32.9180009+04:00",
  "level" : "DEBUG",
  "message" : "\r\n    select\r\n        ue1_0.id,\r\n        ue1_0.agency_id,\r\n        ue1_0.created_at,\r\n        ue1_0.deleted,\r\n        ue1_0.email,\r\n        ue1_0.email_verified,\r\n        ue1_0.enabled,\r\n        ue1_0.full_name,\r\n        ue1_0.password_hash,\r\n        ue1_0.phone_number,\r\n        r1_0.user_id,\r\n        r1_1.id,\r\n        r1_1.description,\r\n        r1_1.name,\r\n        ue1_0.updated_at \r\n    from\r\n        users ue1_0 \r\n    left join\r\n        user_roles r1_0 \r\n            on ue1_0.id=r1_0.user_id \r\n    left join\r\n        roles r1_1 \r\n            on r1_1.id=r1_0.role_id \r\n    where\r\n        ue1_0.email=?",
  "service" : "estate_flow-backend"
}
{
  "timestamp" : "2026-09-02T01:31:33.0920023+04:00",
  "level" : "DEBUG",
  "message" : "\r\n    select\r\n        ume1_0.id,\r\n        ume1_0.created_at,\r\n        ume1_0.is_primary,\r\n        ume1_0.media_id,\r\n        ume1_0.purpose,\r\n        ume1_0.user_id \r\n    from\r\n        user_media ume1_0 \r\n    where\r\n        ume1_0.user_id=?",
  "service" : "estate_flow-backend"
}
{
  "timestamp" : "2026-09-02T01:31:33.2129884+04:00",
  "level" : "DEBUG",
  "message" : "Rate limit check passed: policy=GENERAL, remainingTokens=99",
  "service" : "estate_flow-backend",
  "path" : "/api/admin/agencies/baa4ec8f-6136-4256-a669-578bfa741a5e",
  "correlationId" : "2d62ca12-019e-4c86-b048-2229a9b427f1",
  "actorId" : "hesenovelsen@gmail.com",
  "method" : "PUT",
  "actorRole" : "ROLE_SUPER_ADMIN"
}
{
  "timestamp" : "2026-09-02T01:31:33.2199908+04:00",
  "level" : "DEBUG",
  "message" : "Secured PUT /admin/agencies/baa4ec8f-6136-4256-a669-578bfa741a5e",
  "service" : "estate_flow-backend",
  "path" : "/api/admin/agencies/baa4ec8f-6136-4256-a669-578bfa741a5e",
  "correlationId" : "2d62ca12-019e-4c86-b048-2229a9b427f1",
  "actorId" : "hesenovelsen@gmail.com",
  "method" : "PUT",
  "actorRole" : "ROLE_SUPER_ADMIN"
}
{
  "timestamp" : "2026-09-02T01:31:33.6811416+04:00",
  "level" : "WARN",
  "message" : "validation_failed",
  "service" : "estate_flow-backend",
  "path" : "/api/admin/agencies/baa4ec8f-6136-4256-a669-578bfa741a5e",
  "correlationId" : "2d62ca12-019e-4c86-b048-2229a9b427f1",
  "actorId" : "hesenovelsen@gmail.com",
  "method" : "PUT",
  "actorRole" : "ROLE_SUPER_ADMIN",
  "validation_errors" : {
    "email" : "Email is required."
  }
}
{
  "timestamp" : "2026-09-02T01:31:33.8887711+04:00",
  "level" : "WARN",
  "message" : "request_completed",
  "service" : "estate_flow-backend",
  "path" : "/api/admin/agencies/baa4ec8f-6136-4256-a669-578bfa741a5e",
  "correlationId" : "2d62ca12-019e-4c86-b048-2229a9b427f1",
  "actorId" : "hesenovelsen@gmail.com",
  "method" : "PUT",
  "actorRole" : "ROLE_SUPER_ADMIN",
  "status" : 400,
  "durationMs" : 674
}
{
  "timestamp" : "2026-09-02T01:34:39.2971861+04:00",
  "level" : "DEBUG",
  "message" : "Securing PATCH /inquiries/6fd8708c-0e0b-4691-9069-7cd87ea86cb5/status",
  "service" : "estate_flow-backend"
}
{
  "timestamp" : "2026-09-02T01:34:39.3781758+04:00",
  "level" : "DEBUG",
  "message" : "\r\n    select\r\n        ue1_0.id,\r\n        ue1_0.agency_id,\r\n        ue1_0.created_at,\r\n        ue1_0.deleted,\r\n        ue1_0.email,\r\n        ue1_0.email_verified,\r\n        ue1_0.enabled,\r\n        ue1_0.full_name,\r\n        ue1_0.password_hash,\r\n        ue1_0.phone_number,\r\n        r1_0.user_id,\r\n        r1_1.id,\r\n        r1_1.description,\r\n        r1_1.name,\r\n        ue1_0.updated_at \r\n    from\r\n        users ue1_0 \r\n    left join\r\n        user_roles r1_0 \r\n            on ue1_0.id=r1_0.user_id \r\n    left join\r\n        roles r1_1 \r\n            on r1_1.id=r1_0.role_id \r\n    where\r\n        ue1_0.email=?",
  "service" : "estate_flow-backend"
}
{
  "timestamp" : "2026-09-02T01:34:39.3881824+04:00",
  "level" : "DEBUG",
  "message" : "\r\n    select\r\n        ume1_0.id,\r\n        ume1_0.created_at,\r\n        ume1_0.is_primary,\r\n        ume1_0.media_id,\r\n        ume1_0.purpose,\r\n        ume1_0.user_id \r\n    from\r\n        user_media ume1_0 \r\n    where\r\n        ume1_0.user_id=?",
  "service" : "estate_flow-backend"
}
{
  "timestamp" : "2026-09-02T01:34:39.4102173+04:00",
  "level" : "DEBUG",
  "message" : "Rate limit check passed: policy=GENERAL, remainingTokens=99",
  "service" : "estate_flow-backend",
  "path" : "/api/inquiries/6fd8708c-0e0b-4691-9069-7cd87ea86cb5/status",
  "correlationId" : "7eb4d6a4-895c-4858-b378-5b99d26b406c",
  "actorId" : "hesenovelsen@gmail.com",
  "method" : "PATCH",
  "actorRole" : "ROLE_SUPER_ADMIN"
}
{
  "timestamp" : "2026-09-02T01:34:39.4144758+04:00",
  "level" : "DEBUG",
  "message" : "Secured PATCH /inquiries/6fd8708c-0e0b-4691-9069-7cd87ea86cb5/status",
  "service" : "estate_flow-backend",
  "path" : "/api/inquiries/6fd8708c-0e0b-4691-9069-7cd87ea86cb5/status",
  "correlationId" : "7eb4d6a4-895c-4858-b378-5b99d26b406c",
  "actorId" : "hesenovelsen@gmail.com",
  "method" : "PATCH",
  "actorRole" : "ROLE_SUPER_ADMIN"
}
{
  "timestamp" : "2026-09-02T01:34:39.5201764+04:00",
  "level" : "DEBUG",
  "message" : "Authorizing method invocation ReflectiveMethodInvocation: public org.springframework.http.ResponseEntity com.realestate.backend.controller.InquiryController.updateInquiryStatus(java.util.UUID,com.realestate.backend.dto.request.UpdateInquiryStatusRequest,com.realestate.backend.security.CustomUserDetails); target is of class [com.realestate.backend.controller.InquiryController]",
  "service" : "estate_flow-backend",
  "path" : "/api/inquiries/6fd8708c-0e0b-4691-9069-7cd87ea86cb5/status",
  "correlationId" : "7eb4d6a4-895c-4858-b378-5b99d26b406c",
  "actorId" : "hesenovelsen@gmail.com",
  "method" : "PATCH",
  "actorRole" : "ROLE_SUPER_ADMIN"
}
{
  "timestamp" : "2026-09-02T01:34:39.5811753+04:00",
  "level" : "DEBUG",
  "message" : "Authorized method invocation ReflectiveMethodInvocation: public org.springframework.http.ResponseEntity com.realestate.backend.controller.InquiryController.updateInquiryStatus(java.util.UUID,com.realestate.backend.dto.request.UpdateInquiryStatusRequest,com.realestate.backend.security.CustomUserDetails); target is of class [com.realestate.backend.controller.InquiryController]",
  "service" : "estate_flow-backend",
  "path" : "/api/inquiries/6fd8708c-0e0b-4691-9069-7cd87ea86cb5/status",
  "correlationId" : "7eb4d6a4-895c-4858-b378-5b99d26b406c",
  "actorId" : "hesenovelsen@gmail.com",
  "method" : "PATCH",
  "actorRole" : "ROLE_SUPER_ADMIN"
}
{
  "timestamp" : "2026-09-02T01:34:39.94018+04:00",
  "level" : "DEBUG",
  "message" : "\r\n    select\r\n        ie1_0.id,\r\n        ie1_0.agency_id,\r\n        ie1_0.assigned_agent_id,\r\n        ie1_0.client_id,\r\n        ie1_0.created_at,\r\n        ie1_0.message,\r\n        ie1_0.preferred_contact_method,\r\n        ie1_0.property_id,\r\n        ie1_0.status,\r\n        ie1_0.updated_at \r\n    from\r\n        inquiries ie1_0 \r\n    where\r\n        ie1_0.id=?",
  "service" : "estate_flow-backend",
  "path" : "/api/inquiries/6fd8708c-0e0b-4691-9069-7cd87ea86cb5/status",
  "correlationId" : "7eb4d6a4-895c-4858-b378-5b99d26b406c",
  "actorId" : "hesenovelsen@gmail.com",
  "method" : "PATCH",
  "actorRole" : "ROLE_SUPER_ADMIN"
}
{
  "timestamp" : "2026-09-02T01:34:40.0810639+04:00",
  "level" : "WARN",
  "message" : "bad_request",
  "service" : "estate_flow-backend",
  "path" : "/api/inquiries/6fd8708c-0e0b-4691-9069-7cd87ea86cb5/status",
  "correlationId" : "7eb4d6a4-895c-4858-b378-5b99d26b406c",
  "actorId" : "hesenovelsen@gmail.com",
  "method" : "PATCH",
  "actorRole" : "ROLE_SUPER_ADMIN",
  "reason" : "Allowed statuses:  [CONTACTED, CLOSED]"
}
{
  "timestamp" : "2026-09-02T01:34:40.1180932+04:00",
  "level" : "WARN",
  "message" : "request_completed",
  "service" : "estate_flow-backend",
  "path" : "/api/inquiries/6fd8708c-0e0b-4691-9069-7cd87ea86cb5/status",
  "correlationId" : "7eb4d6a4-895c-4858-b378-5b99d26b406c",
  "actorId" : "hesenovelsen@gmail.com",
  "method" : "PATCH",
  "actorRole" : "ROLE_SUPER_ADMIN",
  "status" : 400,
  "durationMs" : 707
}
{
  "timestamp" : "2026-09-02T01:53:46.2427104+04:00",
  "level" : "INFO",
  "message" : "Commencing graceful shutdown. Waiting for active requests to complete",
  "service" : "estate_flow-backend"
}
{
  "timestamp" : "2026-09-02T01:53:46.3156695+04:00",
  "level" : "INFO",
  "message" : "Graceful shutdown complete",
  "service" : "estate_flow-backend"
}
{
  "timestamp" : "2026-09-02T01:53:46.4457042+04:00",
  "level" : "INFO",
  "message" : "Closing JPA EntityManagerFactory for persistence unit 'default'",
  "service" : "estate_flow-backend"
}
{
  "timestamp" : "2026-09-02T01:53:46.6267984+04:00",
  "level" : "INFO",
  "message" : "HikariPool-1 - Shutdown initiated...",
  "service" : "estate_flow-backend"
}
{
  "timestamp" : "2026-09-02T01:53:46.6406712+04:00",
  "level" : "INFO",
  "message" : "HikariPool-1 - Shutdown completed.",
  "service" : "estate_flow-backend"
}
{
  "timestamp" : "2026-09-02T00:53:56.5320217+03:00",
  "level" : "INFO",
  "message" : "HV000001: Hibernate Validator 9.0.1.Final",
  "service" : "estate_flow-backend"
}
{
  "timestamp" : "2026-09-02T00:53:56.6749491+03:00",
  "level" : "INFO",
  "message" : "Starting BackendApplication using Java 21.0.9 with PID 6408 (D:\\All materials\\Matrix\\Matrix (Java Programming)\\Graduation Project\\Real Estate App\\Real-Estate-App\\backend\\build\\classes\\java\\main started by PC in D:\\All materials\\Matrix\\Matrix (Java Programming)\\Graduation Project\\Real Estate App\\Real-Estate-App\\backend)",
  "service" : "estate_flow-backend"
}
{
  "timestamp" : "2026-09-02T00:53:56.6769767+03:00",
  "level" : "DEBUG",
  "message" : "Running with Spring Boot v4.0.6, Spring v7.0.7",
  "service" : "estate_flow-backend"
}
{
  "timestamp" : "2026-09-02T00:53:56.678946+03:00",
  "level" : "INFO",
  "message" : "The following 1 profile is active: \"dev\"",
  "service" : "estate_flow-backend"
}
{
  "timestamp" : "2026-09-02T00:53:56.8729479+03:00",
  "level" : "INFO",
  "message" : "Devtools property defaults active! Set 'spring.devtools.add-properties' to 'false' to disable",
  "service" : "estate_flow-backend"
}
{
  "timestamp" : "2026-09-02T00:53:56.8729479+03:00",
  "level" : "INFO",
  "message" : "For additional web related logging consider setting the 'logging.level.web' property to 'DEBUG'",
  "service" : "estate_flow-backend"
}
{
  "timestamp" : "2026-09-02T00:54:00.5893166+03:00",
  "level" : "INFO",
  "message" : "Bootstrapping Spring Data JPA repositories in DEFAULT mode.",
  "service" : "estate_flow-backend"
}
{
  "timestamp" : "2026-09-02T00:54:00.9239791+03:00",
  "level" : "INFO",
  "message" : "Finished Spring Data repository scanning in 309 ms. Found 19 JPA repository interfaces.",
  "service" : "estate_flow-backend"
}
{
  "timestamp" : "2026-09-02T00:54:02.9986496+03:00",
  "level" : "INFO",
  "message" : "Tomcat initialized with port 8080 (http)",
  "service" : "estate_flow-backend"
}
{
  "timestamp" : "2026-09-02T00:54:03.0235816+03:00",
  "level" : "INFO",
  "message" : "Initializing ProtocolHandler [\"http-nio-8080\"]",
  "service" : "estate_flow-backend"
}
{
  "timestamp" : "2026-09-02T00:54:03.0277745+03:00",
  "level" : "INFO",
  "message" : "Starting service [Tomcat]",
  "service" : "estate_flow-backend"
}
{
  "timestamp" : "2026-09-02T00:54:03.0285373+03:00",
  "level" : "INFO",
  "message" : "Starting Servlet engine: [Apache Tomcat/11.0.21]",
  "service" : "estate_flow-backend"
}
{
  "timestamp" : "2026-09-02T00:54:03.1906228+03:00",
  "level" : "INFO",
  "message" : "Root WebApplicationContext: initialization completed in 6315 ms",
  "service" : "estate_flow-backend"
}
{
  "timestamp" : "2026-09-02T00:54:03.585008+03:00",
  "level" : "INFO",
  "message" : "HikariPool-1 - Starting...",
  "service" : "estate_flow-backend"
}
{
  "timestamp" : "2026-09-02T00:54:04.3088361+03:00",
  "level" : "INFO",
  "message" : "HikariPool-1 - Added connection org.postgresql.jdbc.PgConnection@142a4231",
  "service" : "estate_flow-backend"
}
{
  "timestamp" : "2026-09-02T00:54:04.3178377+03:00",
  "level" : "INFO",
  "message" : "HikariPool-1 - Start completed.",
  "service" : "estate_flow-backend"
}
{
  "timestamp" : "2026-09-02T00:54:04.8969454+03:00",
  "level" : "INFO",
  "message" : "Set default schema name to public",
  "service" : "estate_flow-backend"
}
{
  "timestamp" : "2026-09-02T00:54:10.1988996+03:00",
  "level" : "INFO",
  "message" : "Reading resource: db/changelog/1.0/V1.0.00-create-users-table.sql",
  "service" : "estate_flow-backend"
}
{
  "timestamp" : "2026-09-02T00:54:10.5909061+03:00",
  "level" : "INFO",
  "message" : "Reading from public.databasechangelog",
  "service" : "estate_flow-backend"
}
{
  "timestamp" : "2026-09-02T00:54:10.626903+03:00",
  "level" : "INFO",
  "message" : "Reading resource: db/changelog/1.0/V1.0.01-create-roles-table.sql",
  "service" : "estate_flow-backend"
}
{
  "timestamp" : "2026-09-02T00:54:10.6329044+03:00",
  "level" : "INFO",
  "message" : "Reading resource: db/changelog/1.0/V1.0.02-create-agencies-table.sql",
  "service" : "estate_flow-backend"
}
{
  "timestamp" : "2026-09-02T00:54:10.6389016+03:00",
  "level" : "INFO",
  "message" : "Reading resource: db/changelog/1.0/V1.0.03-create-categories-table.sql",
  "service" : "estate_flow-backend"
}
{
  "timestamp" : "2026-09-02T00:54:10.6439046+03:00",
  "level" : "INFO",
  "message" : "Reading resource: db/changelog/1.0/V1.0.04-create-subscription-plans-table.sql",
  "service" : "estate_flow-backend"
}
{
  "timestamp" : "2026-09-02T00:54:10.6498953+03:00",
  "level" : "INFO",
  "message" : "Reading resource: db/changelog/1.0/V1.0.05-create-user-roles-table.sql",
  "service" : "estate_flow-backend"
}
{
  "timestamp" : "2026-09-02T00:54:10.6538953+03:00",
  "level" : "INFO",
  "message" : "Reading resource: db/changelog/1.0/V1.0.06-create-agency-members-table.sql",
  "service" : "estate_flow-backend"
}
{
  "timestamp" : "2026-09-02T00:54:10.6598945+03:00",
  "level" : "INFO",
  "message" : "Reading resource: db/changelog/1.0/V1.0.07-create-agency-subscriptions-table.sql",
  "service" : "estate_flow-backend"
}
{
  "timestamp" : "2026-09-02T00:54:10.6658952+03:00",
  "level" : "INFO",
  "message" : "Reading resource: db/changelog/1.0/V1.0.08-create-properties-table.sql",
  "service" : "estate_flow-backend"
}
{
  "timestamp" : "2026-09-02T00:54:10.6718994+03:00",
  "level" : "INFO",
  "message" : "Reading resource: db/changelog/1.0/V1.0.09-create-media-files-table.sql",
  "service" : "estate_flow-backend"
}
{
  "timestamp" : "2026-09-02T00:54:10.6769058+03:00",
  "level" : "INFO",
  "message" : "Reading resource: db/changelog/1.0/V1.0.10-create-favorites-table.sql",
  "service" : "estate_flow-backend"
}
{
  "timestamp" : "2026-09-02T00:54:10.6818951+03:00",
  "level" : "INFO",
  "message" : "Reading resource: db/changelog/1.0/V1.0.11-create-inquiries-table.sql",
  "service" : "estate_flow-backend"
}
{
  "timestamp" : "2026-09-02T00:54:10.6858948+03:00",
  "level" : "INFO",
  "message" : "Reading resource: db/changelog/1.0/V1.0.12-create-appointments-table.sql",
  "service" : "estate_flow-backend"
}
{
  "timestamp" : "2026-09-02T00:54:10.6909854+03:00",
  "level" : "INFO",
  "message" : "Reading resource: db/changelog/1.0/V1.0.13-create-reviews-table.sql",
  "service" : "estate_flow-backend"
}
{
  "timestamp" : "2026-09-02T00:54:10.6968953+03:00",
  "level" : "INFO",
  "message" : "Reading resource: db/changelog/1.0/V1.0.14-create-refresh-tokens-table.sql",
  "service" : "estate_flow-backend"
}
{
  "timestamp" : "2026-09-02T00:54:10.7008944+03:00",
  "level" : "INFO",
  "message" : "Reading resource: db/changelog/1.0/V1.0.15-create-password-reset-tokens-table.sql",
  "service" : "estate_flow-backend"
}
{
  "timestamp" : "2026-09-02T00:54:10.7038945+03:00",
  "level" : "INFO",
  "message" : "Reading resource: db/changelog/1.0/V1.0.16-create-agency-media-table.sql",
  "service" : "estate_flow-backend"
}
{
  "timestamp" : "2026-09-02T00:54:10.709899+03:00",
  "level" : "INFO",
  "message" : "Reading resource: db/changelog/1.0/V1.0.17-create-user-media-table.sql",
  "service" : "estate_flow-backend"
}
{
  "timestamp" : "2026-09-02T00:54:10.7141672+03:00",
  "level" : "INFO",
  "message" : "Reading resource: db/changelog/1.0/V1.0.18-create-property-media-table.sql",
  "service" : "estate_flow-backend"
}
{
  "timestamp" : "2026-09-02T00:54:10.718897+03:00",
  "level" : "INFO",
  "message" : "Reading resource: db/changelog/1.0/V1.0.19-create-password-reset-otp-table.sql",
  "service" : "estate_flow-backend"
}
{
  "timestamp" : "2026-09-02T00:54:10.9856794+03:00",
  "level" : "INFO",
  "message" : "Reading resource: db/changelog/2.0/V2.0.16-insert-default-categories.sql",
  "service" : "estate_flow-backend"
}
{
  "timestamp" : "2026-09-02T00:54:10.9894647+03:00",
  "level" : "INFO",
  "message" : "Reading resource: db/changelog/2.0/V2.0.17-insert-default-roles.sql",
  "service" : "estate_flow-backend"
}
{
  "timestamp" : "2026-09-02T00:54:10.9934644+03:00",
  "level" : "INFO",
  "message" : "Reading resource: db/changelog/2.0/V2.0.18-insert-default-subscription-plans.sql",
  "service" : "estate_flow-backend"
}
{
  "timestamp" : "2026-09-02T00:54:10.9976399+03:00",
  "level" : "INFO",
  "message" : "Reading resource: db/changelog/2.0/V2.0.19-add-agency-id-to-users-table.sql",
  "service" : "estate_flow-backend"
}
{
  "timestamp" : "2026-09-02T00:54:11.0205108+03:00",
  "level" : "INFO",
  "message" : "Reading resource: db/changelog/2.0/V2.0.20-change-role-name-from -inserted-roles.sql",
  "service" : "estate_flow-backend"
}
{
  "timestamp" : "2026-09-02T00:54:11.0255123+03:00",
  "level" : "INFO",
  "message" : "Reading resource: db/changelog/2.0/V2.0.21-insert-new-admin-role-ro-roles-table.sql",
  "service" : "estate_flow-backend"
}
{
  "timestamp" : "2026-09-02T00:54:11.0434642+03:00",
  "level" : "INFO",
  "message" : "Reading resource: db/changelog/2.0/V2.0.22-insert-new-column-isDeleted-to-agencies-table.sql",
  "service" : "estate_flow-backend"
}
{
  "timestamp" : "2026-09-02T00:54:11.048477+03:00",
  "level" : "INFO",
  "message" : "Reading resource: db/changelog/2.0/V2.0.23-insert-new-column-deleted-to-subscription-plans-table.sql",
  "service" : "estate_flow-backend"
}
{
  "timestamp" : "2026-09-02T00:54:11.0534761+03:00",
  "level" : "INFO",
  "message" : "Reading resource: db/changelog/2.0/V2.0.23-update-the-column-isDeleted-in-agencies-table.sql",
  "service" : "estate_flow-backend"
}
{
  "timestamp" : "2026-09-02T00:54:11.0715108+03:00",
  "level" : "INFO",
  "message" : "Reading resource: db/changelog/2.0/V2.0.25-insert-new-column-agency_id-to-inquiries-table.sql",
  "service" : "estate_flow-backend"
}
{
  "timestamp" : "2026-09-02T00:54:11.076511+03:00",
  "level" : "INFO",
  "message" : "Reading resource: db/changelog/2.0/V2.0.26-remove-uniqueness-contraint-for-agency_id-in-inquiries-table.sql",
  "service" : "estate_flow-backend"
}
{
  "timestamp" : "2026-09-02T00:54:11.095927+03:00",
  "level" : "INFO",
  "message" : "Reading resource: db/changelog/2.0/V2.0.27-insert-new-column-agency_id-to-appointments-table.sql",
  "service" : "estate_flow-backend"
}
{
  "timestamp" : "2026-09-02T00:54:11.1004669+03:00",
  "level" : "INFO",
  "message" : "Reading resource: db/changelog/2.0/V2.0.28-refactor-media-files-table-for-generic-media-storage.sql",
  "service" : "estate_flow-backend"
}
{
  "timestamp" : "2026-09-02T00:54:11.1065129+03:00",
  "level" : "INFO",
  "message" : "Reading resource: db/changelog/2.0/V2.0.29-remove-logo-url-from-agencies-table.sql",
  "service" : "estate_flow-backend"
}
{
  "timestamp" : "2026-09-02T00:54:11.1105117+03:00",
  "level" : "INFO",
  "message" : "Reading resource: db/changelog/2.0/V2.0.30-insert-new-column-deleted-to-categories-table.sql",
  "service" : "estate_flow-backend"
}
{
  "timestamp" : "2026-09-02T00:54:11.1135116+03:00",
  "level" : "INFO",
  "message" : "Reading resource: db/changelog/2.0/V2.0.31-insert-new-column-target-to-reviews-table.sql",
  "service" : "estate_flow-backend"
}
{
  "timestamp" : "2026-09-02T00:54:11.1180479+03:00",
  "level" : "INFO",
  "message" : "Reading resource: db/changelog/2.0/V2.0.32-insert-new-column-currency-to-properties-table.sql",
  "service" : "estate_flow-backend"
}
{
  "timestamp" : "2026-09-02T00:54:11.1217682+03:00",
  "level" : "INFO",
  "message" : "Reading resource: db/changelog/2.0/V2.0.33-insert-new-column-deleted-to-users-table.sql",
  "service" : "estate_flow-backend"
}
{
  "timestamp" : "2026-09-02T00:54:11.2754679+03:00",
  "level" : "INFO",
  "message" : "Database is up to date, no changesets to execute",
  "service" : "estate_flow-backend"
}
{
  "timestamp" : "2026-09-02T00:54:11.2784652+03:00",
  "level" : "INFO",
  "message" : "Reading from public.databasechangelog",
  "service" : "estate_flow-backend"
}
{
  "timestamp" : "2026-09-02T00:54:11.3414633+03:00",
  "level" : "INFO",
  "message" : "UPDATE SUMMARY",
  "service" : "estate_flow-backend"
}
{
  "timestamp" : "2026-09-02T00:54:11.3414633+03:00",
  "level" : "INFO",
  "message" : "Run:                          0",
  "service" : "estate_flow-backend"
}
{
  "timestamp" : "2026-09-02T00:54:11.3421658+03:00",
  "level" : "INFO",
  "message" : "Previously run:              38",
  "service" : "estate_flow-backend"
}
{
  "timestamp" : "2026-09-02T00:54:11.3421658+03:00",
  "level" : "INFO",
  "message" : "Filtered out:                 0",
  "service" : "estate_flow-backend"
}
{
  "timestamp" : "2026-09-02T00:54:11.3424626+03:00",
  "level" : "INFO",
  "message" : "-------------------------------",
  "service" : "estate_flow-backend"
}
{
  "timestamp" : "2026-09-02T00:54:11.3424626+03:00",
  "level" : "INFO",
  "message" : "Total change sets:           38",
  "service" : "estate_flow-backend"
}
{
  "timestamp" : "2026-09-02T00:54:11.3454627+03:00",
  "level" : "INFO",
  "message" : "Update summary generated",
  "service" : "estate_flow-backend"
}
{
  "timestamp" : "2026-09-02T00:54:11.3464674+03:00",
  "level" : "INFO",
  "message" : "Command execution complete",
  "service" : "estate_flow-backend"
}
{
  "timestamp" : "2026-09-02T00:54:11.6143002+03:00",
  "level" : "INFO",
  "message" : "HHH008540: Processing PersistenceUnitInfo [name: default]",
  "service" : "estate_flow-backend"
}
{
  "timestamp" : "2026-09-02T00:54:11.8358114+03:00",
  "level" : "INFO",
  "message" : "HHH000001: Hibernate ORM core version 7.2.12.Final",
  "service" : "estate_flow-backend"
}
{
  "timestamp" : "2026-09-02T00:54:14.0322246+03:00",
  "level" : "INFO",
  "message" : "No LoadTimeWeaver setup: ignoring JPA class transformer",
  "service" : "estate_flow-backend"
}
{
  "timestamp" : "2026-09-02T00:54:14.3995213+03:00",
  "level" : "WARN",
  "message" : "HHH90000025: PostgreSQLDialect does not need to be specified explicitly using 'hibernate.dialect' (remove the property setting and it will be selected by default)",
  "service" : "estate_flow-backend"
}
{
  "timestamp" : "2026-09-02T00:54:14.5032929+03:00",
  "level" : "INFO",
  "message" : "HHH10001005: Database info:\n\tDatabase JDBC URL [jdbc:postgresql://localhost:5432/real_estate_dev_db]\n\tDatabase driver: PostgreSQL JDBC Driver\n\tDatabase dialect: PostgreSQLDialect\n\tDatabase version: 18.3\n\tDefault catalog/schema: real_estate_dev_db/public\n\tAutocommit mode: undefined/unknown\n\tIsolation level: READ_COMMITTED [default READ_COMMITTED]\n\tJDBC fetch size: none\n\tPool: DataSourceConnectionProvider\n\tMinimum pool size: undefined/unknown\n\tMaximum pool size: undefined/unknown",
  "service" : "estate_flow-backend"
}
{
  "timestamp" : "2026-09-02T00:54:20.1372264+03:00",
  "level" : "INFO",
  "message" : "HHH000489: No JTA platform available (set 'hibernate.transaction.jta.platform' to enable JTA platform integration)",
  "service" : "estate_flow-backend"
}
{
  "timestamp" : "2026-09-02T00:54:20.4136737+03:00",
  "level" : "INFO",
  "message" : "Initialized JPA EntityManagerFactory for persistence unit 'default'",
  "service" : "estate_flow-backend"
}
{
  "timestamp" : "2026-09-02T00:54:20.7585659+03:00",
  "level" : "INFO",
  "message" : "Hibernate is in classpath; If applicable, HQL parser will be used.",
  "service" : "estate_flow-backend"
}
{
  "timestamp" : "2026-09-02T00:54:24.6531609+03:00",
  "level" : "DEBUG",
  "message" : "Filter 'jwtAuthenticationFilter' configured for use",
  "service" : "estate_flow-backend"
}
{
  "timestamp" : "2026-09-02T00:54:24.6551679+03:00",
  "level" : "DEBUG",
  "message" : "Filter 'rateLimitFilter' configured for use",
  "service" : "estate_flow-backend"
}
{
  "timestamp" : "2026-09-02T00:54:24.6561681+03:00",
  "level" : "DEBUG",
  "message" : "Filter 'requestLoggingFilter' configured for use",
  "service" : "estate_flow-backend"
}
{
  "timestamp" : "2026-09-02T00:54:24.6571664+03:00",
  "level" : "DEBUG",
  "message" : "Filter 'mdcLoggingFilter' configured for use",
  "service" : "estate_flow-backend"
}
{
  "timestamp" : "2026-09-02T00:54:28.0247301+03:00",
  "level" : "INFO",
  "message" : "MinIO bucket 'estateflow' already exists",
  "service" : "estate_flow-backend"
}
{
  "timestamp" : "2026-09-02T00:54:29.2490896+03:00",
  "level" : "INFO",
  "message" : "Global AuthenticationManager configured with AuthenticationProvider bean with name authenticationProvider",
  "service" : "estate_flow-backend"
}
{
  "timestamp" : "2026-09-02T00:54:29.251015+03:00",
  "level" : "WARN",
  "message" : "Global AuthenticationManager configured with an AuthenticationProvider bean. UserDetailsService beans will not be used by Spring Security for automatically configuring username/password login. Consider removing the AuthenticationProvider bean. Alternatively, consider using the UserDetailsService in a manually instantiated DaoAuthenticationProvider. If the current configuration is intentional, to turn off this warning, increase the logging level of 'org.springframework.security.config.annotation.authentication.configuration.InitializeUserDetailsBeanManagerConfigurer' to ERROR",
  "service" : "estate_flow-backend"
}
{
  "timestamp" : "2026-09-02T00:54:30.2016389+03:00",
  "level" : "WARN",
  "message" : "spring.jpa.open-in-view is enabled by default. Therefore, database queries may be performed during view rendering. Explicitly configure spring.jpa.open-in-view to disable this warning",
  "service" : "estate_flow-backend"
}
{
  "timestamp" : "2026-09-02T00:54:30.7581629+03:00",
  "level" : "DEBUG",
  "message" : "Will secure any request with filters: DisableEncodeUrlFilter, WebAsyncManagerIntegrationFilter, SecurityContextHolderFilter, HeaderWriterFilter, CorsFilter, LogoutFilter, JwtAuthenticationFilter, MdcLoggingFilter, RateLimitFilter, RequestLoggingFilter, RequestCacheAwareFilter, SecurityContextHolderAwareRequestFilter, AnonymousAuthenticationFilter, SessionManagementFilter, ExceptionTranslationFilter, AuthorizationFilter",
  "service" : "estate_flow-backend"
}
{
  "timestamp" : "2026-09-02T00:54:31.9973864+03:00",
  "level" : "INFO",
  "message" : "Starting ProtocolHandler [\"http-nio-8080\"]",
  "service" : "estate_flow-backend"
}
{
  "timestamp" : "2026-09-02T00:54:32.0353465+03:00",
  "level" : "INFO",
  "message" : "Tomcat started on port 8080 (http) with context path '/api'",
  "service" : "estate_flow-backend"
}
{
  "timestamp" : "2026-09-02T00:54:32.0513946+03:00",
  "level" : "INFO",
  "message" : "Started BackendApplication in 38.156 seconds (process running for 41.196)",
  "service" : "estate_flow-backend"
}
{
  "timestamp" : "2026-09-02T00:54:53.8760155+03:00",
  "level" : "INFO",
  "message" : "Initializing Spring DispatcherServlet 'dispatcherServlet'",
  "service" : "estate_flow-backend"
}
{
  "timestamp" : "2026-09-02T00:54:53.87702+03:00",
  "level" : "INFO",
  "message" : "Initializing Servlet 'dispatcherServlet'",
  "service" : "estate_flow-backend"
}
{
  "timestamp" : "2026-09-02T00:54:53.8810161+03:00",
  "level" : "INFO",
  "message" : "Completed initialization in 4 ms",
  "service" : "estate_flow-backend"
}
{
  "timestamp" : "2026-09-02T00:54:53.9080199+03:00",
  "level" : "DEBUG",
  "message" : "Securing PATCH /inquiries/6fd8708c-0e0b-4691-9069-7cd87ea86cb5/status",
  "service" : "estate_flow-backend"
}
{
  "timestamp" : "2026-09-02T00:54:54.7958889+03:00",
  "level" : "DEBUG",
  "message" : "\r\n    select\r\n        ue1_0.id,\r\n        ue1_0.agency_id,\r\n        ue1_0.created_at,\r\n        ue1_0.deleted,\r\n        ue1_0.email,\r\n        ue1_0.email_verified,\r\n        ue1_0.enabled,\r\n        ue1_0.full_name,\r\n        ue1_0.password_hash,\r\n        ue1_0.phone_number,\r\n        r1_0.user_id,\r\n        r1_1.id,\r\n        r1_1.description,\r\n        r1_1.name,\r\n        ue1_0.updated_at \r\n    from\r\n        users ue1_0 \r\n    left join\r\n        user_roles r1_0 \r\n            on ue1_0.id=r1_0.user_id \r\n    left join\r\n        roles r1_1 \r\n            on r1_1.id=r1_0.role_id \r\n    where\r\n        ue1_0.email=?",
  "service" : "estate_flow-backend"
}
{
  "timestamp" : "2026-09-02T00:54:54.9403609+03:00",
  "level" : "DEBUG",
  "message" : "\r\n    select\r\n        ume1_0.id,\r\n        ume1_0.created_at,\r\n        ume1_0.is_primary,\r\n        ume1_0.media_id,\r\n        ume1_0.purpose,\r\n        ume1_0.user_id \r\n    from\r\n        user_media ume1_0 \r\n    where\r\n        ume1_0.user_id=?",
  "service" : "estate_flow-backend"
}
{
  "timestamp" : "2026-09-02T00:54:55.1170032+03:00",
  "level" : "DEBUG",
  "message" : "Rate limit check passed: policy=GENERAL, remainingTokens=99",
  "service" : "estate_flow-backend",
  "path" : "/api/inquiries/6fd8708c-0e0b-4691-9069-7cd87ea86cb5/status",
  "correlationId" : "ac33b0e3-7e98-4922-96e8-d3c88b44be7f",
  "actorId" : "hesenovelsen@gmail.com",
  "method" : "PATCH",
  "actorRole" : "ROLE_SUPER_ADMIN"
}
{
  "timestamp" : "2026-09-02T00:54:55.1260046+03:00",
  "level" : "DEBUG",
  "message" : "Secured PATCH /inquiries/6fd8708c-0e0b-4691-9069-7cd87ea86cb5/status",
  "service" : "estate_flow-backend",
  "path" : "/api/inquiries/6fd8708c-0e0b-4691-9069-7cd87ea86cb5/status",
  "correlationId" : "ac33b0e3-7e98-4922-96e8-d3c88b44be7f",
  "actorId" : "hesenovelsen@gmail.com",
  "method" : "PATCH",
  "actorRole" : "ROLE_SUPER_ADMIN"
}
{
  "timestamp" : "2026-09-02T00:54:55.5389344+03:00",
  "level" : "DEBUG",
  "message" : "Authorizing method invocation ReflectiveMethodInvocation: public org.springframework.http.ResponseEntity com.realestate.backend.controller.InquiryController.updateInquiryStatus(java.util.UUID,com.realestate.backend.dto.request.UpdateInquiryStatusRequest,com.realestate.backend.security.CustomUserDetails); target is of class [com.realestate.backend.controller.InquiryController]",
  "service" : "estate_flow-backend",
  "path" : "/api/inquiries/6fd8708c-0e0b-4691-9069-7cd87ea86cb5/status",
  "correlationId" : "ac33b0e3-7e98-4922-96e8-d3c88b44be7f",
  "actorId" : "hesenovelsen@gmail.com",
  "method" : "PATCH",
  "actorRole" : "ROLE_SUPER_ADMIN"
}
{
  "timestamp" : "2026-09-02T00:54:55.5569398+03:00",
  "level" : "DEBUG",
  "message" : "Authorized method invocation ReflectiveMethodInvocation: public org.springframework.http.ResponseEntity com.realestate.backend.controller.InquiryController.updateInquiryStatus(java.util.UUID,com.realestate.backend.dto.request.UpdateInquiryStatusRequest,com.realestate.backend.security.CustomUserDetails); target is of class [com.realestate.backend.controller.InquiryController]",
  "service" : "estate_flow-backend",
  "path" : "/api/inquiries/6fd8708c-0e0b-4691-9069-7cd87ea86cb5/status",
  "correlationId" : "ac33b0e3-7e98-4922-96e8-d3c88b44be7f",
  "actorId" : "hesenovelsen@gmail.com",
  "method" : "PATCH",
  "actorRole" : "ROLE_SUPER_ADMIN"
}
{
  "timestamp" : "2026-09-02T00:54:55.5919838+03:00",
  "level" : "DEBUG",
  "message" : "\r\n    select\r\n        ie1_0.id,\r\n        ie1_0.agency_id,\r\n        ie1_0.assigned_agent_id,\r\n        ie1_0.client_id,\r\n        ie1_0.created_at,\r\n        ie1_0.message,\r\n        ie1_0.preferred_contact_method,\r\n        ie1_0.property_id,\r\n        ie1_0.status,\r\n        ie1_0.updated_at \r\n    from\r\n        inquiries ie1_0 \r\n    where\r\n        ie1_0.id=?",
  "service" : "estate_flow-backend",
  "path" : "/api/inquiries/6fd8708c-0e0b-4691-9069-7cd87ea86cb5/status",
  "correlationId" : "ac33b0e3-7e98-4922-96e8-d3c88b44be7f",
  "actorId" : "hesenovelsen@gmail.com",
  "method" : "PATCH",
  "actorRole" : "ROLE_SUPER_ADMIN"
}
{
  "timestamp" : "2026-09-02T00:54:55.6291044+03:00",
  "level" : "WARN",
  "message" : "bad_request",
  "service" : "estate_flow-backend",
  "path" : "/api/inquiries/6fd8708c-0e0b-4691-9069-7cd87ea86cb5/status",
  "correlationId" : "ac33b0e3-7e98-4922-96e8-d3c88b44be7f",
  "actorId" : "hesenovelsen@gmail.com",
  "method" : "PATCH",
  "actorRole" : "ROLE_SUPER_ADMIN"
}
{
  "timestamp" : "2026-09-02T00:54:55.7752447+03:00",
  "level" : "WARN",
  "message" : "request_completed",
  "service" : "estate_flow-backend",
  "path" : "/api/inquiries/6fd8708c-0e0b-4691-9069-7cd87ea86cb5/status",
  "correlationId" : "ac33b0e3-7e98-4922-96e8-d3c88b44be7f",
  "actorId" : "hesenovelsen@gmail.com",
  "method" : "PATCH",
  "actorRole" : "ROLE_SUPER_ADMIN"
}
{
  "timestamp" : "2026-09-02T00:57:35.7033253+03:00",
  "level" : "DEBUG",
  "message" : "Securing PUT /admin/agencies/baa4ec8f-6136-4256-a669-578bfa741a5e",
  "service" : "estate_flow-backend"
}
{
  "timestamp" : "2026-09-02T00:57:35.7143728+03:00",
  "level" : "DEBUG",
  "message" : "\r\n    select\r\n        ue1_0.id,\r\n        ue1_0.agency_id,\r\n        ue1_0.created_at,\r\n        ue1_0.deleted,\r\n        ue1_0.email,\r\n        ue1_0.email_verified,\r\n        ue1_0.enabled,\r\n        ue1_0.full_name,\r\n        ue1_0.password_hash,\r\n        ue1_0.phone_number,\r\n        r1_0.user_id,\r\n        r1_1.id,\r\n        r1_1.description,\r\n        r1_1.name,\r\n        ue1_0.updated_at \r\n    from\r\n        users ue1_0 \r\n    left join\r\n        user_roles r1_0 \r\n            on ue1_0.id=r1_0.user_id \r\n    left join\r\n        roles r1_1 \r\n            on r1_1.id=r1_0.role_id \r\n    where\r\n        ue1_0.email=?",
  "service" : "estate_flow-backend"
}
{
  "timestamp" : "2026-09-02T00:57:35.7223267+03:00",
  "level" : "DEBUG",
  "message" : "\r\n    select\r\n        ume1_0.id,\r\n        ume1_0.created_at,\r\n        ume1_0.is_primary,\r\n        ume1_0.media_id,\r\n        ume1_0.purpose,\r\n        ume1_0.user_id \r\n    from\r\n        user_media ume1_0 \r\n    where\r\n        ume1_0.user_id=?",
  "service" : "estate_flow-backend"
}
{
  "timestamp" : "2026-09-02T00:57:35.7313195+03:00",
  "level" : "DEBUG",
  "message" : "Rate limit check passed: policy=GENERAL, remainingTokens=99",
  "service" : "estate_flow-backend",
  "path" : "/api/admin/agencies/baa4ec8f-6136-4256-a669-578bfa741a5e",
  "correlationId" : "fe1f7f4f-afbf-4ba6-b935-8ec28bd80746",
  "actorId" : "hesenovelsen@gmail.com",
  "method" : "PUT",
  "actorRole" : "ROLE_SUPER_ADMIN"
}
{
  "timestamp" : "2026-09-02T00:57:35.7343259+03:00",
  "level" : "DEBUG",
  "message" : "Secured PUT /admin/agencies/baa4ec8f-6136-4256-a669-578bfa741a5e",
  "service" : "estate_flow-backend",
  "path" : "/api/admin/agencies/baa4ec8f-6136-4256-a669-578bfa741a5e",
  "correlationId" : "fe1f7f4f-afbf-4ba6-b935-8ec28bd80746",
  "actorId" : "hesenovelsen@gmail.com",
  "method" : "PUT",
  "actorRole" : "ROLE_SUPER_ADMIN"
}
{
  "timestamp" : "2026-09-02T00:57:35.8025359+03:00",
  "level" : "WARN",
  "message" : "validation_failed",
  "service" : "estate_flow-backend",
  "path" : "/api/admin/agencies/baa4ec8f-6136-4256-a669-578bfa741a5e",
  "correlationId" : "fe1f7f4f-afbf-4ba6-b935-8ec28bd80746",
  "actorId" : "hesenovelsen@gmail.com",
  "method" : "PUT",
  "actorRole" : "ROLE_SUPER_ADMIN"
}
{
  "timestamp" : "2026-09-02T00:57:35.8196742+03:00",
  "level" : "WARN",
  "message" : "request_completed",
  "service" : "estate_flow-backend",
  "path" : "/api/admin/agencies/baa4ec8f-6136-4256-a669-578bfa741a5e",
  "correlationId" : "fe1f7f4f-afbf-4ba6-b935-8ec28bd80746",
  "actorId" : "hesenovelsen@gmail.com",
  "method" : "PUT",
  "actorRole" : "ROLE_SUPER_ADMIN"
}
{
  "timestamp" : "2026-09-02T01:00:43.5194977+03:00",
  "level" : "DEBUG",
  "message" : "Securing PUT /admin/agencies/baa4ec8f-6136-4256-a669-578bfa741a5e",
  "service" : "estate_flow-backend"
}
{
  "timestamp" : "2026-09-02T01:00:43.533498+03:00",
  "level" : "ERROR",
  "message" : "Servlet.service() for servlet [dispatcherServlet] in context with path [/api] threw exception",
  "service" : "estate_flow-backend",
  "stackTrace" : "io.jsonwebtoken.ExpiredJwtException: JWT expired 35523 milliseconds ago at 2026-09-01T22:00:08.000Z. Current time: 2026-09-01T22:00:43.523Z. Allowed clock skew: 0 milliseconds.\r\n\tat io.jsonwebtoken.impl.DefaultJwtParser.parse(DefaultJwtParser.java:691)\r\n\tat io.jsonwebtoken.impl.DefaultJwtParser.parse(DefaultJwtParser.java:364)\r\n\tat io.jsonwebtoken.impl.DefaultJwtParser.parse(DefaultJwtParser.java:94)\r\n\tat io.jsonwebtoken.impl.io.AbstractParser.parse(AbstractParser.java:36)\r\n\tat io.jsonwebtoken.impl.io.AbstractParser.parse(AbstractParser.java:29)\r\n\tat io.jsonwebtoken.impl.DefaultJwtParser.parseSignedClaims(DefaultJwtParser.java:830)\r\n\tat com.realestate.backend.security.JwtService.extractClaims(JwtService.java:80)\r\n\tat com.realestate.backend.security.JwtService.extractEmail(JwtService.java:53)\r\n\tat com.realestate.backend.security.JwtAuthenticationFilter.doFilterInternal(JwtAuthenticationFilter.java:59)\r\n\tat org.springframework.web.filter.OncePerRequestFilter.doFilter(OncePerRequestFilter.java:116)\r\n\tat org.springframework.security.web.FilterChainProxy$VirtualFilterChain.doFilter(FilterChainProxy.java:385)\r\n\tat org.springframework.security.web.authentication.logout.LogoutFilter.doFilter(LogoutFilter.java:110)\r\n\tat org.springframework.security.web.authentication.logout.LogoutFilter.doFilter(LogoutFilter.java:96)\r\n\tat org.springframework.security.web.FilterChainProxy$VirtualFilterChain.doFilter(FilterChainProxy.java:385)\r\n\tat org.springframework.web.filter.CorsFilter.doFilterInternal(CorsFilter.java:91)\r\n\tat org.springframework.web.filter.OncePerRequestFilter.doFilter(OncePerRequestFilter.java:116)\r\n\tat org.springframework.security.web.FilterChainProxy$VirtualFilterChain.doFilter(FilterChainProxy.java:385)\r\n\tat org.springframework.security.web.header.HeaderWriterFilter.doHeadersAfter(HeaderWriterFilter.java:90)\r\n\tat org.springframework.security.web.header.HeaderWriterFilter.doFilterInternal(HeaderWriterFilter.java:75)\r\n\tat org.springframework.web.filter.OncePerRequestFilter.doFilter(OncePerRequestFilter.java:116)\r\n\tat org.springframework.security.web.FilterChainProxy$VirtualFilterChain.doFilter(FilterChainProxy.java:385)\r\n\tat org.springframework.security.web.context.SecurityContextHolderFilter.doFilter(SecurityContextHolderFilter.java:82)\r\n\tat org.springframework.security.web.context.SecurityContextHolderFilter.doFilter(SecurityContextHolderFilter.java:69)\r\n\tat org.springframework.security.web.FilterChainProxy$VirtualFilterChain.doFilter(FilterChainProxy.java:385)\r\n\tat org.springframework.security.web.context.request.async.WebAsyncManagerIntegrationFilter.doFilterInternal(WebAsyncManagerIntegrationFilter.java:62)\r\n\tat org.springframework.web.filter.OncePerRequestFilter.doFilter(OncePerRequestFilter.java:116)\r\n\tat org.springframework.security.web.FilterChainProxy$VirtualFilterChain.doFilter(FilterChainProxy.java:385)\r\n\tat org.springframework.security.web.session.DisableEncodeUrlFilter.doFilterInternal(DisableEncodeUrlFilter.java:42)\r\n\tat org.springframework.web.filter.OncePerRequestFilter.doFilter(OncePerRequestFilter.java:116)\r\n\tat org.springframework.security.web.FilterChainProxy$VirtualFilterChain.doFilter(FilterChainProxy.java:385)\r\n\t... 35 frames truncated\r\n"
}
{
  "timestamp" : "2026-09-02T01:00:43.5695426+03:00",
  "level" : "DEBUG",
  "message" : "Securing GET /error",
  "service" : "estate_flow-backend"
}
{
  "timestamp" : "2026-09-02T01:00:43.5705432+03:00",
  "level" : "DEBUG",
  "message" : "Set SecurityContextHolder to anonymous SecurityContext",
  "service" : "estate_flow-backend"
}
{
  "timestamp" : "2026-09-02T01:00:43.5785416+03:00",
  "level" : "WARN",
  "message" : "Unauthenticated request to /api/error: Full authentication is required to access this resource",
  "service" : "estate_flow-backend"
}
{
  "timestamp" : "2026-09-02T01:01:05.8580784+03:00",
  "level" : "DEBUG",
  "message" : "Securing POST /auth/login",
  "service" : "estate_flow-backend"
}
{
  "timestamp" : "2026-09-02T01:01:05.8631801+03:00",
  "level" : "ERROR",
  "message" : "Servlet.service() for servlet [dispatcherServlet] in context with path [/api] threw exception",
  "service" : "estate_flow-backend",
  "stackTrace" : "io.jsonwebtoken.ExpiredJwtException: JWT expired 57862 milliseconds ago at 2026-09-01T22:00:08.000Z. Current time: 2026-09-01T22:01:05.862Z. Allowed clock skew: 0 milliseconds.\r\n\tat io.jsonwebtoken.impl.DefaultJwtParser.parse(DefaultJwtParser.java:691)\r\n\tat io.jsonwebtoken.impl.DefaultJwtParser.parse(DefaultJwtParser.java:364)\r\n\tat io.jsonwebtoken.impl.DefaultJwtParser.parse(DefaultJwtParser.java:94)\r\n\tat io.jsonwebtoken.impl.io.AbstractParser.parse(AbstractParser.java:36)\r\n\tat io.jsonwebtoken.impl.io.AbstractParser.parse(AbstractParser.java:29)\r\n\tat io.jsonwebtoken.impl.DefaultJwtParser.parseSignedClaims(DefaultJwtParser.java:830)\r\n\tat com.realestate.backend.security.JwtService.extractClaims(JwtService.java:80)\r\n\tat com.realestate.backend.security.JwtService.extractEmail(JwtService.java:53)\r\n\tat com.realestate.backend.security.JwtAuthenticationFilter.doFilterInternal(JwtAuthenticationFilter.java:59)\r\n\tat org.springframework.web.filter.OncePerRequestFilter.doFilter(OncePerRequestFilter.java:116)\r\n\tat org.springframework.security.web.FilterChainProxy$VirtualFilterChain.doFilter(FilterChainProxy.java:385)\r\n\tat org.springframework.security.web.authentication.logout.LogoutFilter.doFilter(LogoutFilter.java:110)\r\n\tat org.springframework.security.web.authentication.logout.LogoutFilter.doFilter(LogoutFilter.java:96)\r\n\tat org.springframework.security.web.FilterChainProxy$VirtualFilterChain.doFilter(FilterChainProxy.java:385)\r\n\tat org.springframework.web.filter.CorsFilter.doFilterInternal(CorsFilter.java:91)\r\n\tat org.springframework.web.filter.OncePerRequestFilter.doFilter(OncePerRequestFilter.java:116)\r\n\tat org.springframework.security.web.FilterChainProxy$VirtualFilterChain.doFilter(FilterChainProxy.java:385)\r\n\tat org.springframework.security.web.header.HeaderWriterFilter.doHeadersAfter(HeaderWriterFilter.java:90)\r\n\tat org.springframework.security.web.header.HeaderWriterFilter.doFilterInternal(HeaderWriterFilter.java:75)\r\n\tat org.springframework.web.filter.OncePerRequestFilter.doFilter(OncePerRequestFilter.java:116)\r\n\tat org.springframework.security.web.FilterChainProxy$VirtualFilterChain.doFilter(FilterChainProxy.java:385)\r\n\tat org.springframework.security.web.context.SecurityContextHolderFilter.doFilter(SecurityContextHolderFilter.java:82)\r\n\tat org.springframework.security.web.context.SecurityContextHolderFilter.doFilter(SecurityContextHolderFilter.java:69)\r\n\tat org.springframework.security.web.FilterChainProxy$VirtualFilterChain.doFilter(FilterChainProxy.java:385)\r\n\tat org.springframework.security.web.context.request.async.WebAsyncManagerIntegrationFilter.doFilterInternal(WebAsyncManagerIntegrationFilter.java:62)\r\n\tat org.springframework.web.filter.OncePerRequestFilter.doFilter(OncePerRequestFilter.java:116)\r\n\tat org.springframework.security.web.FilterChainProxy$VirtualFilterChain.doFilter(FilterChainProxy.java:385)\r\n\tat org.springframework.security.web.session.DisableEncodeUrlFilter.doFilterInternal(DisableEncodeUrlFilter.java:42)\r\n\tat org.springframework.web.filter.OncePerRequestFilter.doFilter(OncePerRequestFilter.java:116)\r\n\tat org.springframework.security.web.FilterChainProxy$VirtualFilterChain.doFilter(FilterChainProxy.java:385)\r\n\t... 35 frames truncated\r\n"
}
{
  "timestamp" : "2026-09-02T01:01:05.8670855+03:00",
  "level" : "DEBUG",
  "message" : "Securing GET /error",
  "service" : "estate_flow-backend"
}
{
  "timestamp" : "2026-09-02T01:01:05.8677301+03:00",
  "level" : "DEBUG",
  "message" : "Set SecurityContextHolder to anonymous SecurityContext",
  "service" : "estate_flow-backend"
}
{
  "timestamp" : "2026-09-02T01:01:05.8690788+03:00",
  "level" : "WARN",
  "message" : "Unauthenticated request to /api/error: Full authentication is required to access this resource",
  "service" : "estate_flow-backend"
}
{
  "timestamp" : "2026-09-02T01:01:24.0650843+03:00",
  "level" : "DEBUG",
  "message" : "Securing POST /auth/login",
  "service" : "estate_flow-backend"
}
{
  "timestamp" : "2026-09-02T01:01:24.0900841+03:00",
  "level" : "DEBUG",
  "message" : "Rate limit check passed: policy=AUTH, remainingTokens=4",
  "service" : "estate_flow-backend",
  "method" : "POST",
  "path" : "/api/auth/login",
  "correlationId" : "72dde604-350b-4e63-874a-ff9602421a9c"
}
{
  "timestamp" : "2026-09-02T01:01:24.0910843+03:00",
  "level" : "DEBUG",
  "message" : "Set SecurityContextHolder to anonymous SecurityContext",
  "service" : "estate_flow-backend",
  "method" : "POST",
  "path" : "/api/auth/login",
  "correlationId" : "72dde604-350b-4e63-874a-ff9602421a9c"
}
{
  "timestamp" : "2026-09-02T01:01:24.0910843+03:00",
  "level" : "DEBUG",
  "message" : "Secured POST /auth/login",
  "service" : "estate_flow-backend",
  "method" : "POST",
  "path" : "/api/auth/login",
  "correlationId" : "72dde604-350b-4e63-874a-ff9602421a9c"
}
{
  "timestamp" : "2026-09-02T01:01:24.4366238+03:00",
  "level" : "DEBUG",
  "message" : "\r\n    select\r\n        ue1_0.id,\r\n        ue1_0.agency_id,\r\n        ue1_0.created_at,\r\n        ue1_0.deleted,\r\n        ue1_0.email,\r\n        ue1_0.email_verified,\r\n        ue1_0.enabled,\r\n        ue1_0.full_name,\r\n        ue1_0.password_hash,\r\n        ue1_0.phone_number,\r\n        r1_0.user_id,\r\n        r1_1.id,\r\n        r1_1.description,\r\n        r1_1.name,\r\n        ue1_0.updated_at \r\n    from\r\n        users ue1_0 \r\n    left join\r\n        user_roles r1_0 \r\n            on ue1_0.id=r1_0.user_id \r\n    left join\r\n        roles r1_1 \r\n            on r1_1.id=r1_0.role_id \r\n    where\r\n        ue1_0.email=?",
  "service" : "estate_flow-backend",
  "method" : "POST",
  "path" : "/api/auth/login",
  "correlationId" : "72dde604-350b-4e63-874a-ff9602421a9c"
}
{
  "timestamp" : "2026-09-02T01:01:24.441574+03:00",
  "level" : "DEBUG",
  "message" : "\r\n    select\r\n        ume1_0.id,\r\n        ume1_0.created_at,\r\n        ume1_0.is_primary,\r\n        ume1_0.media_id,\r\n        ume1_0.purpose,\r\n        ume1_0.user_id \r\n    from\r\n        user_media ume1_0 \r\n    where\r\n        ume1_0.user_id=?",
  "service" : "estate_flow-backend",
  "method" : "POST",
  "path" : "/api/auth/login",
  "correlationId" : "72dde604-350b-4e63-874a-ff9602421a9c"
}
{
  "timestamp" : "2026-09-02T01:01:24.7038432+03:00",
  "level" : "DEBUG",
  "message" : "Authenticated user",
  "service" : "estate_flow-backend",
  "method" : "POST",
  "path" : "/api/auth/login",
  "correlationId" : "72dde604-350b-4e63-874a-ff9602421a9c"
}
{
  "timestamp" : "2026-09-02T01:01:24.8273172+03:00",
  "level" : "DEBUG",
  "message" : "\r\n    select\r\n        ue1_0.id,\r\n        ue1_0.agency_id,\r\n        ue1_0.created_at,\r\n        ue1_0.deleted,\r\n        ue1_0.email,\r\n        ue1_0.email_verified,\r\n        ue1_0.enabled,\r\n        ue1_0.full_name,\r\n        ue1_0.password_hash,\r\n        ue1_0.phone_number,\r\n        r1_0.user_id,\r\n        r1_1.id,\r\n        r1_1.description,\r\n        r1_1.name,\r\n        ue1_0.updated_at \r\n    from\r\n        users ue1_0 \r\n    left join\r\n        user_roles r1_0 \r\n            on ue1_0.id=r1_0.user_id \r\n    left join\r\n        roles r1_1 \r\n            on r1_1.id=r1_0.role_id \r\n    where\r\n        ue1_0.email=?",
  "service" : "estate_flow-backend",
  "method" : "POST",
  "path" : "/api/auth/login",
  "correlationId" : "72dde604-350b-4e63-874a-ff9602421a9c"
}
{
  "timestamp" : "2026-09-02T01:01:24.9026712+03:00",
  "level" : "DEBUG",
  "message" : "\r\n    select\r\n        ame1_0.id,\r\n        ame1_0.active,\r\n        ame1_0.agency_id,\r\n        ame1_0.created_at,\r\n        ame1_0.updated_at,\r\n        ame1_0.user_id \r\n    from\r\n        agency_members ame1_0 \r\n    where\r\n        ame1_0.user_id=? \r\n        and ame1_0.active=true",
  "service" : "estate_flow-backend",
  "method" : "POST",
  "path" : "/api/auth/login",
  "correlationId" : "72dde604-350b-4e63-874a-ff9602421a9c"
}
{
  "timestamp" : "2026-09-02T01:01:25.0489717+03:00",
  "level" : "INFO",
  "message" : "Refresh token created for user hesenovelsen@gmail.com",
  "service" : "estate_flow-backend",
  "method" : "POST",
  "path" : "/api/auth/login",
  "correlationId" : "72dde604-350b-4e63-874a-ff9602421a9c"
}
{
  "timestamp" : "2026-09-02T01:01:25.0499712+03:00",
  "level" : "INFO",
  "message" : "User 'hesenovelsen@gmail.com' logged in successfully",
  "service" : "estate_flow-backend",
  "method" : "POST",
  "path" : "/api/auth/login",
  "correlationId" : "72dde604-350b-4e63-874a-ff9602421a9c"
}
{
  "timestamp" : "2026-09-02T01:01:25.295214+03:00",
  "level" : "DEBUG",
  "message" : "\r\n    insert \r\n    into\r\n        refresh_tokens\r\n        (created_at, expiry_date, ip_address, replaced_by_token_hash, revoked, revoked_at, token_hash, user_id, user_agent, id) \r\n    values\r\n        (?, ?, ?, ?, ?, ?, ?, ?, ?, ?)",
  "service" : "estate_flow-backend",
  "method" : "POST",
  "path" : "/api/auth/login",
  "correlationId" : "72dde604-350b-4e63-874a-ff9602421a9c"
}
{
  "timestamp" : "2026-09-02T01:01:25.9585619+03:00",
  "level" : "INFO",
  "message" : "request_completed",
  "service" : "estate_flow-backend",
  "method" : "POST",
  "path" : "/api/auth/login",
  "correlationId" : "72dde604-350b-4e63-874a-ff9602421a9c"
}
{
  "timestamp" : "2026-09-02T01:03:06.9564747+03:00",
  "level" : "DEBUG",
  "message" : "Securing PUT /admin/agencies/baa4ec8f-6136-4256-a669-578bfa741a5e",
  "service" : "estate_flow-backend"
}
{
  "timestamp" : "2026-09-02T01:03:06.9976485+03:00",
  "level" : "DEBUG",
  "message" : "\r\n    select\r\n        ue1_0.id,\r\n        ue1_0.agency_id,\r\n        ue1_0.created_at,\r\n        ue1_0.deleted,\r\n        ue1_0.email,\r\n        ue1_0.email_verified,\r\n        ue1_0.enabled,\r\n        ue1_0.full_name,\r\n        ue1_0.password_hash,\r\n        ue1_0.phone_number,\r\n        r1_0.user_id,\r\n        r1_1.id,\r\n        r1_1.description,\r\n        r1_1.name,\r\n        ue1_0.updated_at \r\n    from\r\n        users ue1_0 \r\n    left join\r\n        user_roles r1_0 \r\n            on ue1_0.id=r1_0.user_id \r\n    left join\r\n        roles r1_1 \r\n            on r1_1.id=r1_0.role_id \r\n    where\r\n        ue1_0.email=?",
  "service" : "estate_flow-backend"
}
{
  "timestamp" : "2026-09-02T01:03:07.0024751+03:00",
  "level" : "DEBUG",
  "message" : "\r\n    select\r\n        ume1_0.id,\r\n        ume1_0.created_at,\r\n        ume1_0.is_primary,\r\n        ume1_0.media_id,\r\n        ume1_0.purpose,\r\n        ume1_0.user_id \r\n    from\r\n        user_media ume1_0 \r\n    where\r\n        ume1_0.user_id=?",
  "service" : "estate_flow-backend"
}
{
  "timestamp" : "2026-09-02T01:03:07.0144791+03:00",
  "level" : "DEBUG",
  "message" : "Rate limit check passed: policy=GENERAL, remainingTokens=99",
  "service" : "estate_flow-backend",
  "path" : "/api/admin/agencies/baa4ec8f-6136-4256-a669-578bfa741a5e",
  "correlationId" : "dc399212-125a-4fc8-90ad-694e45fd0452",
  "actorId" : "hesenovelsen@gmail.com",
  "method" : "PUT",
  "actorRole" : "ROLE_SUPER_ADMIN"
}
{
  "timestamp" : "2026-09-02T01:03:07.0164814+03:00",
  "level" : "DEBUG",
  "message" : "Secured PUT /admin/agencies/baa4ec8f-6136-4256-a669-578bfa741a5e",
  "service" : "estate_flow-backend",
  "path" : "/api/admin/agencies/baa4ec8f-6136-4256-a669-578bfa741a5e",
  "correlationId" : "dc399212-125a-4fc8-90ad-694e45fd0452",
  "actorId" : "hesenovelsen@gmail.com",
  "method" : "PUT",
  "actorRole" : "ROLE_SUPER_ADMIN"
}
{
  "timestamp" : "2026-09-02T01:03:07.0324802+03:00",
  "level" : "DEBUG",
  "message" : "Authorizing method invocation ReflectiveMethodInvocation: public org.springframework.http.ResponseEntity com.realestate.backend.controller.AdminAgencyController.updateAgency(java.util.UUID,com.realestate.backend.dto.request.UpdateAgencyRequest); target is of class [com.realestate.backend.controller.AdminAgencyController]",
  "service" : "estate_flow-backend",
  "path" : "/api/admin/agencies/baa4ec8f-6136-4256-a669-578bfa741a5e",
  "correlationId" : "dc399212-125a-4fc8-90ad-694e45fd0452",
  "actorId" : "hesenovelsen@gmail.com",
  "method" : "PUT",
  "actorRole" : "ROLE_SUPER_ADMIN"
}
{
  "timestamp" : "2026-09-02T01:03:07.0824818+03:00",
  "level" : "DEBUG",
  "message" : "Authorized method invocation ReflectiveMethodInvocation: public org.springframework.http.ResponseEntity com.realestate.backend.controller.AdminAgencyController.updateAgency(java.util.UUID,com.realestate.backend.dto.request.UpdateAgencyRequest); target is of class [com.realestate.backend.controller.AdminAgencyController]",
  "service" : "estate_flow-backend",
  "path" : "/api/admin/agencies/baa4ec8f-6136-4256-a669-578bfa741a5e",
  "correlationId" : "dc399212-125a-4fc8-90ad-694e45fd0452",
  "actorId" : "hesenovelsen@gmail.com",
  "method" : "PUT",
  "actorRole" : "ROLE_SUPER_ADMIN"
}
{
  "timestamp" : "2026-09-02T01:03:07.1014837+03:00",
  "level" : "DEBUG",
  "message" : "\r\n    select\r\n        ae1_0.id,\r\n        ae1_0.address,\r\n        ae1_0.city,\r\n        ae1_0.created_at,\r\n        ae1_0.description,\r\n        ae1_0.email,\r\n        ae1_0.is_deleted,\r\n        lu1_0.id,\r\n        lu1_0.agency_id,\r\n        lu1_0.created_at,\r\n        lu1_0.is_primary,\r\n        lu1_0.media_id,\r\n        lu1_0.purpose,\r\n        ae1_0.name,\r\n        ae1_0.phone_number,\r\n        ae1_0.status,\r\n        ae1_0.updated_at,\r\n        ae1_0.website \r\n    from\r\n        agencies ae1_0 \r\n    left join\r\n        agency_media lu1_0 \r\n            on ae1_0.id=lu1_0.agency_id \r\n    where\r\n        ae1_0.id=?",
  "service" : "estate_flow-backend",
  "path" : "/api/admin/agencies/baa4ec8f-6136-4256-a669-578bfa741a5e",
  "correlationId" : "dc399212-125a-4fc8-90ad-694e45fd0452",
  "actorId" : "hesenovelsen@gmail.com",
  "method" : "PUT",
  "actorRole" : "ROLE_SUPER_ADMIN"
}
{
  "timestamp" : "2026-09-02T01:03:07.2356047+03:00",
  "level" : "DEBUG",
  "message" : "\r\n    select\r\n        ae1_0.id \r\n    from\r\n        agencies ae1_0 \r\n    where\r\n        ae1_0.email=? \r\n    fetch\r\n        first ? rows only",
  "service" : "estate_flow-backend",
  "path" : "/api/admin/agencies/baa4ec8f-6136-4256-a669-578bfa741a5e",
  "correlationId" : "dc399212-125a-4fc8-90ad-694e45fd0452",
  "actorId" : "hesenovelsen@gmail.com",
  "method" : "PUT",
  "actorRole" : "ROLE_SUPER_ADMIN"
}
{
  "timestamp" : "2026-09-02T01:03:07.2904851+03:00",
  "level" : "INFO",
  "message" : "agency_updated",
  "service" : "estate_flow-backend",
  "path" : "/api/admin/agencies/baa4ec8f-6136-4256-a669-578bfa741a5e",
  "correlationId" : "dc399212-125a-4fc8-90ad-694e45fd0452",
  "actorId" : "hesenovelsen@gmail.com",
  "method" : "PUT",
  "actorRole" : "ROLE_SUPER_ADMIN"
}
{
  "timestamp" : "2026-09-02T01:03:07.355121+03:00",
  "level" : "INFO",
  "message" : "request_completed",
  "service" : "estate_flow-backend",
  "path" : "/api/admin/agencies/baa4ec8f-6136-4256-a669-578bfa741a5e",
  "correlationId" : "dc399212-125a-4fc8-90ad-694e45fd0452",
  "actorId" : "hesenovelsen@gmail.com",
  "method" : "PUT",
  "actorRole" : "ROLE_SUPER_ADMIN"
}
{
  "timestamp" : "2026-09-02T01:06:47.4526991+03:00",
  "level" : "INFO",
  "message" : "Commencing graceful shutdown. Waiting for active requests to complete",
  "service" : "estate_flow-backend"
}
{
  "timestamp" : "2026-09-02T01:06:47.4886976+03:00",
  "level" : "INFO",
  "message" : "Graceful shutdown complete",
  "service" : "estate_flow-backend"
}
{
  "timestamp" : "2026-09-02T01:06:47.5497012+03:00",
  "level" : "INFO",
  "message" : "Closing JPA EntityManagerFactory for persistence unit 'default'",
  "service" : "estate_flow-backend"
}
{
  "timestamp" : "2026-09-02T01:06:47.6314709+03:00",
  "level" : "INFO",
  "message" : "HikariPool-1 - Shutdown initiated...",
  "service" : "estate_flow-backend"
}
{
  "timestamp" : "2026-09-02T01:06:47.6612737+03:00",
  "level" : "INFO",
  "message" : "HikariPool-1 - Shutdown completed.",
  "service" : "estate_flow-backend"
}
{
  "timestamp" : "2026-09-02T01:07:00.3941113+03:00",
  "level" : "INFO",
  "message" : "HV000001: Hibernate Validator 9.0.1.Final",
  "service" : "estate_flow-backend"
}
{
  "timestamp" : "2026-09-02T01:07:00.5331096+03:00",
  "level" : "INFO",
  "message" : "Starting BackendApplication using Java 21.0.9 with PID 12072 (D:\\All materials\\Matrix\\Matrix (Java Programming)\\Graduation Project\\Real Estate App\\Real-Estate-App\\backend\\build\\classes\\java\\main started by PC in D:\\All materials\\Matrix\\Matrix (Java Programming)\\Graduation Project\\Real Estate App\\Real-Estate-App\\backend)",
  "service" : "estate_flow-backend"
}
{
  "timestamp" : "2026-09-02T01:07:00.5343117+03:00",
  "level" : "DEBUG",
  "message" : "Running with Spring Boot v4.0.6, Spring v7.0.7",
  "service" : "estate_flow-backend"
}
{
  "timestamp" : "2026-09-02T01:07:00.5361068+03:00",
  "level" : "INFO",
  "message" : "The following 1 profile is active: \"dev\"",
  "service" : "estate_flow-backend"
}
{
  "timestamp" : "2026-09-02T01:07:00.785125+03:00",
  "level" : "INFO",
  "message" : "Devtools property defaults active! Set 'spring.devtools.add-properties' to 'false' to disable",
  "service" : "estate_flow-backend"
}
{
  "timestamp" : "2026-09-02T01:07:00.786125+03:00",
  "level" : "INFO",
  "message" : "For additional web related logging consider setting the 'logging.level.web' property to 'DEBUG'",
  "service" : "estate_flow-backend"
}
{
  "timestamp" : "2026-09-02T01:07:04.1674335+03:00",
  "level" : "INFO",
  "message" : "Bootstrapping Spring Data JPA repositories in DEFAULT mode.",
  "service" : "estate_flow-backend"
}
{
  "timestamp" : "2026-09-02T01:07:04.5435003+03:00",
  "level" : "INFO",
  "message" : "Finished Spring Data repository scanning in 348 ms. Found 19 JPA repository interfaces.",
  "service" : "estate_flow-backend"
}
{
  "timestamp" : "2026-09-02T01:07:06.7840099+03:00",
  "level" : "INFO",
  "message" : "Tomcat initialized with port 8080 (http)",
  "service" : "estate_flow-backend"
}
{
  "timestamp" : "2026-09-02T01:07:06.8157674+03:00",
  "level" : "INFO",
  "message" : "Initializing ProtocolHandler [\"http-nio-8080\"]",
  "service" : "estate_flow-backend"
}
{
  "timestamp" : "2026-09-02T01:07:06.8187676+03:00",
  "level" : "INFO",
  "message" : "Starting service [Tomcat]",
  "service" : "estate_flow-backend"
}
{
  "timestamp" : "2026-09-02T01:07:06.8194268+03:00",
  "level" : "INFO",
  "message" : "Starting Servlet engine: [Apache Tomcat/11.0.21]",
  "service" : "estate_flow-backend"
}
{
  "timestamp" : "2026-09-02T01:07:06.9607683+03:00",
  "level" : "INFO",
  "message" : "Root WebApplicationContext: initialization completed in 6171 ms",
  "service" : "estate_flow-backend"
}
{
  "timestamp" : "2026-09-02T01:07:07.2010759+03:00",
  "level" : "INFO",
  "message" : "HikariPool-1 - Starting...",
  "service" : "estate_flow-backend"
}
{
  "timestamp" : "2026-09-02T01:07:07.6084864+03:00",
  "level" : "INFO",
  "message" : "HikariPool-1 - Added connection org.postgresql.jdbc.PgConnection@b714bfb",
  "service" : "estate_flow-backend"
}
{
  "timestamp" : "2026-09-02T01:07:07.6114873+03:00",
  "level" : "INFO",
  "message" : "HikariPool-1 - Start completed.",
  "service" : "estate_flow-backend"
}
{
  "timestamp" : "2026-09-02T01:07:08.0342729+03:00",
  "level" : "INFO",
  "message" : "Set default schema name to public",
  "service" : "estate_flow-backend"
}
{
  "timestamp" : "2026-09-02T01:07:11.537069+03:00",
  "level" : "INFO",
  "message" : "Reading resource: db/changelog/1.0/V1.0.00-create-users-table.sql",
  "service" : "estate_flow-backend"
}
{
  "timestamp" : "2026-09-02T01:07:11.7624022+03:00",
  "level" : "INFO",
  "message" : "Reading from public.databasechangelog",
  "service" : "estate_flow-backend"
}
{
  "timestamp" : "2026-09-02T01:07:11.7863683+03:00",
  "level" : "INFO",
  "message" : "Reading resource: db/changelog/1.0/V1.0.01-create-roles-table.sql",
  "service" : "estate_flow-backend"
}
{
  "timestamp" : "2026-09-02T01:07:11.7927627+03:00",
  "level" : "INFO",
  "message" : "Reading resource: db/changelog/1.0/V1.0.02-create-agencies-table.sql",
  "service" : "estate_flow-backend"
}
{
  "timestamp" : "2026-09-02T01:07:11.798365+03:00",
  "level" : "INFO",
  "message" : "Reading resource: db/changelog/1.0/V1.0.03-create-categories-table.sql",
  "service" : "estate_flow-backend"
}
{
  "timestamp" : "2026-09-02T01:07:11.8053595+03:00",
  "level" : "INFO",
  "message" : "Reading resource: db/changelog/1.0/V1.0.04-create-subscription-plans-table.sql",
  "service" : "estate_flow-backend"
}
{
  "timestamp" : "2026-09-02T01:07:11.8124031+03:00",
  "level" : "INFO",
  "message" : "Reading resource: db/changelog/1.0/V1.0.05-create-user-roles-table.sql",
  "service" : "estate_flow-backend"
}
{
  "timestamp" : "2026-09-02T01:07:11.8193671+03:00",
  "level" : "INFO",
  "message" : "Reading resource: db/changelog/1.0/V1.0.06-create-agency-members-table.sql",
  "service" : "estate_flow-backend"
}
{
  "timestamp" : "2026-09-02T01:07:11.8254656+03:00",
  "level" : "INFO",
  "message" : "Reading resource: db/changelog/1.0/V1.0.07-create-agency-subscriptions-table.sql",
  "service" : "estate_flow-backend"
}
{
  "timestamp" : "2026-09-02T01:07:11.8323589+03:00",
  "level" : "INFO",
  "message" : "Reading resource: db/changelog/1.0/V1.0.08-create-properties-table.sql",
  "service" : "estate_flow-backend"
}
{
  "timestamp" : "2026-09-02T01:07:11.841361+03:00",
  "level" : "INFO",
  "message" : "Reading resource: db/changelog/1.0/V1.0.09-create-media-files-table.sql",
  "service" : "estate_flow-backend"
}
{
  "timestamp" : "2026-09-02T01:07:11.8493611+03:00",
  "level" : "INFO",
  "message" : "Reading resource: db/changelog/1.0/V1.0.10-create-favorites-table.sql",
  "service" : "estate_flow-backend"
}
{
  "timestamp" : "2026-09-02T01:07:11.8553658+03:00",
  "level" : "INFO",
  "message" : "Reading resource: db/changelog/1.0/V1.0.11-create-inquiries-table.sql",
  "service" : "estate_flow-backend"
}
{
  "timestamp" : "2026-09-02T01:07:11.8623803+03:00",
  "level" : "INFO",
  "message" : "Reading resource: db/changelog/1.0/V1.0.12-create-appointments-table.sql",
  "service" : "estate_flow-backend"
}
{
  "timestamp" : "2026-09-02T01:07:11.8693592+03:00",
  "level" : "INFO",
  "message" : "Reading resource: db/changelog/1.0/V1.0.13-create-reviews-table.sql",
  "service" : "estate_flow-backend"
}
{
  "timestamp" : "2026-09-02T01:07:11.8753594+03:00",
  "level" : "INFO",
  "message" : "Reading resource: db/changelog/1.0/V1.0.14-create-refresh-tokens-table.sql",
  "service" : "estate_flow-backend"
}
{
  "timestamp" : "2026-09-02T01:07:11.8813591+03:00",
  "level" : "INFO",
  "message" : "Reading resource: db/changelog/1.0/V1.0.15-create-password-reset-tokens-table.sql",
  "service" : "estate_flow-backend"
}
{
  "timestamp" : "2026-09-02T01:07:11.8863599+03:00",
  "level" : "INFO",
  "message" : "Reading resource: db/changelog/1.0/V1.0.16-create-agency-media-table.sql",
  "service" : "estate_flow-backend"
}
{
  "timestamp" : "2026-09-02T01:07:11.8913658+03:00",
  "level" : "INFO",
  "message" : "Reading resource: db/changelog/1.0/V1.0.17-create-user-media-table.sql",
  "service" : "estate_flow-backend"
}
{
  "timestamp" : "2026-09-02T01:07:11.8965761+03:00",
  "level" : "INFO",
  "message" : "Reading resource: db/changelog/1.0/V1.0.18-create-property-media-table.sql",
  "service" : "estate_flow-backend"
}
{
  "timestamp" : "2026-09-02T01:07:11.9025751+03:00",
  "level" : "INFO",
  "message" : "Reading resource: db/changelog/1.0/V1.0.19-create-password-reset-otp-table.sql",
  "service" : "estate_flow-backend"
}
{
  "timestamp" : "2026-09-02T01:07:12.1486155+03:00",
  "level" : "INFO",
  "message" : "Reading resource: db/changelog/2.0/V2.0.16-insert-default-categories.sql",
  "service" : "estate_flow-backend"
}
{
  "timestamp" : "2026-09-02T01:07:12.1543073+03:00",
  "level" : "INFO",
  "message" : "Reading resource: db/changelog/2.0/V2.0.17-insert-default-roles.sql",
  "service" : "estate_flow-backend"
}
{
  "timestamp" : "2026-09-02T01:07:12.1593058+03:00",
  "level" : "INFO",
  "message" : "Reading resource: db/changelog/2.0/V2.0.18-insert-default-subscription-plans.sql",
  "service" : "estate_flow-backend"
}
{
  "timestamp" : "2026-09-02T01:07:12.1662476+03:00",
  "level" : "INFO",
  "message" : "Reading resource: db/changelog/2.0/V2.0.19-add-agency-id-to-users-table.sql",
  "service" : "estate_flow-backend"
}
{
  "timestamp" : "2026-09-02T01:07:12.1889173+03:00",
  "level" : "INFO",
  "message" : "Reading resource: db/changelog/2.0/V2.0.20-change-role-name-from -inserted-roles.sql",
  "service" : "estate_flow-backend"
}
{
  "timestamp" : "2026-09-02T01:07:12.1929193+03:00",
  "level" : "INFO",
  "message" : "Reading resource: db/changelog/2.0/V2.0.21-insert-new-admin-role-ro-roles-table.sql",
  "service" : "estate_flow-backend"
}
{
  "timestamp" : "2026-09-02T01:07:12.2108708+03:00",
  "level" : "INFO",
  "message" : "Reading resource: db/changelog/2.0/V2.0.22-insert-new-column-isDeleted-to-agencies-table.sql",
  "service" : "estate_flow-backend"
}
{
  "timestamp" : "2026-09-02T01:07:12.2171488+03:00",
  "level" : "INFO",
  "message" : "Reading resource: db/changelog/2.0/V2.0.23-insert-new-column-deleted-to-subscription-plans-table.sql",
  "service" : "estate_flow-backend"
}
{
  "timestamp" : "2026-09-02T01:07:12.2218815+03:00",
  "level" : "INFO",
  "message" : "Reading resource: db/changelog/2.0/V2.0.23-update-the-column-isDeleted-in-agencies-table.sql",
  "service" : "estate_flow-backend"
}
{
  "timestamp" : "2026-09-02T01:07:12.2428729+03:00",
  "level" : "INFO",
  "message" : "Reading resource: db/changelog/2.0/V2.0.25-insert-new-column-agency_id-to-inquiries-table.sql",
  "service" : "estate_flow-backend"
}
{
  "timestamp" : "2026-09-02T01:07:12.2478815+03:00",
  "level" : "INFO",
  "message" : "Reading resource: db/changelog/2.0/V2.0.26-remove-uniqueness-contraint-for-agency_id-in-inquiries-table.sql",
  "service" : "estate_flow-backend"
}
{
  "timestamp" : "2026-09-02T01:07:12.26887+03:00",
  "level" : "INFO",
  "message" : "Reading resource: db/changelog/2.0/V2.0.27-insert-new-column-agency_id-to-appointments-table.sql",
  "service" : "estate_flow-backend"
}
{
  "timestamp" : "2026-09-02T01:07:12.273873+03:00",
  "level" : "INFO",
  "message" : "Reading resource: db/changelog/2.0/V2.0.28-refactor-media-files-table-for-generic-media-storage.sql",
  "service" : "estate_flow-backend"
}
{
  "timestamp" : "2026-09-02T01:07:12.2788806+03:00",
  "level" : "INFO",
  "message" : "Reading resource: db/changelog/2.0/V2.0.29-remove-logo-url-from-agencies-table.sql",
  "service" : "estate_flow-backend"
}
{
  "timestamp" : "2026-09-02T01:07:12.2831535+03:00",
  "level" : "INFO",
  "message" : "Reading resource: db/changelog/2.0/V2.0.30-insert-new-column-deleted-to-categories-table.sql",
  "service" : "estate_flow-backend"
}
{
  "timestamp" : "2026-09-02T01:07:12.2869252+03:00",
  "level" : "INFO",
  "message" : "Reading resource: db/changelog/2.0/V2.0.31-insert-new-column-target-to-reviews-table.sql",
  "service" : "estate_flow-backend"
}
{
  "timestamp" : "2026-09-02T01:07:12.2908729+03:00",
  "level" : "INFO",
  "message" : "Reading resource: db/changelog/2.0/V2.0.32-insert-new-column-currency-to-properties-table.sql",
  "service" : "estate_flow-backend"
}
{
  "timestamp" : "2026-09-02T01:07:12.2939182+03:00",
  "level" : "INFO",
  "message" : "Reading resource: db/changelog/2.0/V2.0.33-insert-new-column-deleted-to-users-table.sql",
  "service" : "estate_flow-backend"
}
{
  "timestamp" : "2026-09-02T01:07:12.4508695+03:00",
  "level" : "INFO",
  "message" : "Database is up to date, no changesets to execute",
  "service" : "estate_flow-backend"
}
{
  "timestamp" : "2026-09-02T01:07:12.4529737+03:00",
  "level" : "INFO",
  "message" : "Reading from public.databasechangelog",
  "service" : "estate_flow-backend"
}
{
  "timestamp" : "2026-09-02T01:07:12.4988728+03:00",
  "level" : "INFO",
  "message" : "UPDATE SUMMARY",
  "service" : "estate_flow-backend"
}
{
  "timestamp" : "2026-09-02T01:07:12.4989984+03:00",
  "level" : "INFO",
  "message" : "Run:                          0",
  "service" : "estate_flow-backend"
}
{
  "timestamp" : "2026-09-02T01:07:12.4989984+03:00",
  "level" : "INFO",
  "message" : "Previously run:              38",
  "service" : "estate_flow-backend"
}
{
  "timestamp" : "2026-09-02T01:07:12.4989984+03:00",
  "level" : "INFO",
  "message" : "Filtered out:                 0",
  "service" : "estate_flow-backend"
}
{
  "timestamp" : "2026-09-02T01:07:12.4989984+03:00",
  "level" : "INFO",
  "message" : "-------------------------------",
  "service" : "estate_flow-backend"
}
{
  "timestamp" : "2026-09-02T01:07:12.4998708+03:00",
  "level" : "INFO",
  "message" : "Total change sets:           38",
  "service" : "estate_flow-backend"
}
{
  "timestamp" : "2026-09-02T01:07:12.50487+03:00",
  "level" : "INFO",
  "message" : "Update summary generated",
  "service" : "estate_flow-backend"
}
{
  "timestamp" : "2026-09-02T01:07:12.5058706+03:00",
  "level" : "INFO",
  "message" : "Command execution complete",
  "service" : "estate_flow-backend"
}
{
  "timestamp" : "2026-09-02T01:07:12.7928913+03:00",
  "level" : "INFO",
  "message" : "HHH008540: Processing PersistenceUnitInfo [name: default]",
  "service" : "estate_flow-backend"
}
{
  "timestamp" : "2026-09-02T01:07:12.9967361+03:00",
  "level" : "INFO",
  "message" : "HHH000001: Hibernate ORM core version 7.2.12.Final",
  "service" : "estate_flow-backend"
}
{
  "timestamp" : "2026-09-02T01:07:14.6441152+03:00",
  "level" : "INFO",
  "message" : "No LoadTimeWeaver setup: ignoring JPA class transformer",
  "service" : "estate_flow-backend"
}
{
  "timestamp" : "2026-09-02T01:07:14.8337405+03:00",
  "level" : "WARN",
  "message" : "HHH90000025: PostgreSQLDialect does not need to be specified explicitly using 'hibernate.dialect' (remove the property setting and it will be selected by default)",
  "service" : "estate_flow-backend"
}
{
  "timestamp" : "2026-09-02T01:07:14.8973959+03:00",
  "level" : "INFO",
  "message" : "HHH10001005: Database info:\n\tDatabase JDBC URL [jdbc:postgresql://localhost:5432/real_estate_dev_db]\n\tDatabase driver: PostgreSQL JDBC Driver\n\tDatabase dialect: PostgreSQLDialect\n\tDatabase version: 18.3\n\tDefault catalog/schema: real_estate_dev_db/public\n\tAutocommit mode: undefined/unknown\n\tIsolation level: READ_COMMITTED [default READ_COMMITTED]\n\tJDBC fetch size: none\n\tPool: DataSourceConnectionProvider\n\tMinimum pool size: undefined/unknown\n\tMaximum pool size: undefined/unknown",
  "service" : "estate_flow-backend"
}
{
  "timestamp" : "2026-09-02T01:07:18.7654018+03:00",
  "level" : "INFO",
  "message" : "HHH000489: No JTA platform available (set 'hibernate.transaction.jta.platform' to enable JTA platform integration)",
  "service" : "estate_flow-backend"
}
{
  "timestamp" : "2026-09-02T01:07:18.9590344+03:00",
  "level" : "INFO",
  "message" : "Initialized JPA EntityManagerFactory for persistence unit 'default'",
  "service" : "estate_flow-backend"
}
{
  "timestamp" : "2026-09-02T01:07:19.2667109+03:00",
  "level" : "INFO",
  "message" : "Hibernate is in classpath; If applicable, HQL parser will be used.",
  "service" : "estate_flow-backend"
}
{
  "timestamp" : "2026-09-02T01:07:22.1378281+03:00",
  "level" : "DEBUG",
  "message" : "Filter 'jwtAuthenticationFilter' configured for use",
  "service" : "estate_flow-backend"
}
{
  "timestamp" : "2026-09-02T01:07:22.1381234+03:00",
  "level" : "DEBUG",
  "message" : "Filter 'rateLimitFilter' configured for use",
  "service" : "estate_flow-backend"
}
{
  "timestamp" : "2026-09-02T01:07:22.1387876+03:00",
  "level" : "DEBUG",
  "message" : "Filter 'requestLoggingFilter' configured for use",
  "service" : "estate_flow-backend"
}
{
  "timestamp" : "2026-09-02T01:07:22.1398283+03:00",
  "level" : "DEBUG",
  "message" : "Filter 'mdcLoggingFilter' configured for use",
  "service" : "estate_flow-backend"
}
{
  "timestamp" : "2026-09-02T01:07:24.3832694+03:00",
  "level" : "INFO",
  "message" : "MinIO bucket 'estateflow' already exists",
  "service" : "estate_flow-backend"
}
{
  "timestamp" : "2026-09-02T01:07:25.4607771+03:00",
  "level" : "INFO",
  "message" : "Global AuthenticationManager configured with AuthenticationProvider bean with name authenticationProvider",
  "service" : "estate_flow-backend"
}
{
  "timestamp" : "2026-09-02T01:07:25.4617761+03:00",
  "level" : "WARN",
  "message" : "Global AuthenticationManager configured with an AuthenticationProvider bean. UserDetailsService beans will not be used by Spring Security for automatically configuring username/password login. Consider removing the AuthenticationProvider bean. Alternatively, consider using the UserDetailsService in a manually instantiated DaoAuthenticationProvider. If the current configuration is intentional, to turn off this warning, increase the logging level of 'org.springframework.security.config.annotation.authentication.configuration.InitializeUserDetailsBeanManagerConfigurer' to ERROR",
  "service" : "estate_flow-backend"
}
{
  "timestamp" : "2026-09-02T01:07:26.2321005+03:00",
  "level" : "WARN",
  "message" : "spring.jpa.open-in-view is enabled by default. Therefore, database queries may be performed during view rendering. Explicitly configure spring.jpa.open-in-view to disable this warning",
  "service" : "estate_flow-backend"
}
{
  "timestamp" : "2026-09-02T01:07:27.0206772+03:00",
  "level" : "DEBUG",
  "message" : "Will secure any request with filters: DisableEncodeUrlFilter, WebAsyncManagerIntegrationFilter, SecurityContextHolderFilter, HeaderWriterFilter, CorsFilter, LogoutFilter, JwtAuthenticationFilter, MdcLoggingFilter, RateLimitFilter, RequestLoggingFilter, RequestCacheAwareFilter, SecurityContextHolderAwareRequestFilter, AnonymousAuthenticationFilter, SessionManagementFilter, ExceptionTranslationFilter, AuthorizationFilter",
  "service" : "estate_flow-backend"
}
{
  "timestamp" : "2026-09-02T01:07:28.5605091+03:00",
  "level" : "INFO",
  "message" : "Starting ProtocolHandler [\"http-nio-8080\"]",
  "service" : "estate_flow-backend"
}
{
  "timestamp" : "2026-09-02T01:07:28.6370788+03:00",
  "level" : "INFO",
  "message" : "Tomcat started on port 8080 (http) with context path '/api'",
  "service" : "estate_flow-backend"
}
{
  "timestamp" : "2026-09-02T01:07:28.6691318+03:00",
  "level" : "INFO",
  "message" : "Started BackendApplication in 30.68 seconds (process running for 33.33)",
  "service" : "estate_flow-backend"
}
{
  "timestamp" : "2026-09-02T01:07:38.89758+03:00",
  "level" : "INFO",
  "message" : "Initializing Spring DispatcherServlet 'dispatcherServlet'",
  "service" : "estate_flow-backend"
}
{
  "timestamp" : "2026-09-02T01:07:38.898545+03:00",
  "level" : "INFO",
  "message" : "Initializing Servlet 'dispatcherServlet'",
  "service" : "estate_flow-backend"
}
{
  "timestamp" : "2026-09-02T01:07:38.9055387+03:00",
  "level" : "INFO",
  "message" : "Completed initialization in 6 ms",
  "service" : "estate_flow-backend"
}
{
  "timestamp" : "2026-09-02T01:07:38.9405857+03:00",
  "level" : "DEBUG",
  "message" : "Securing PUT /admin/agencies/baa4ec8f-6136-4256-a669-578bfa741a5e",
  "service" : "estate_flow-backend"
}
{
  "timestamp" : "2026-09-02T01:07:40.2394055+03:00",
  "level" : "DEBUG",
  "message" : "\r\n    select\r\n        ue1_0.id,\r\n        ue1_0.agency_id,\r\n        ue1_0.created_at,\r\n        ue1_0.deleted,\r\n        ue1_0.email,\r\n        ue1_0.email_verified,\r\n        ue1_0.enabled,\r\n        ue1_0.full_name,\r\n        ue1_0.password_hash,\r\n        ue1_0.phone_number,\r\n        r1_0.user_id,\r\n        r1_1.id,\r\n        r1_1.description,\r\n        r1_1.name,\r\n        ue1_0.updated_at \r\n    from\r\n        users ue1_0 \r\n    left join\r\n        user_roles r1_0 \r\n            on ue1_0.id=r1_0.user_id \r\n    left join\r\n        roles r1_1 \r\n            on r1_1.id=r1_0.role_id \r\n    where\r\n        ue1_0.email=?",
  "service" : "estate_flow-backend"
}
{
  "timestamp" : "2026-09-02T01:07:40.3552291+03:00",
  "level" : "DEBUG",
  "message" : "\r\n    select\r\n        ume1_0.id,\r\n        ume1_0.created_at,\r\n        ume1_0.is_primary,\r\n        ume1_0.media_id,\r\n        ume1_0.purpose,\r\n        ume1_0.user_id \r\n    from\r\n        user_media ume1_0 \r\n    where\r\n        ume1_0.user_id=?",
  "service" : "estate_flow-backend"
}
{
  "timestamp" : "2026-09-02T01:07:40.5336275+03:00",
  "level" : "DEBUG",
  "message" : "Rate limit check passed: policy=GENERAL, remainingTokens=99",
  "service" : "estate_flow-backend",
  "path" : "/api/admin/agencies/baa4ec8f-6136-4256-a669-578bfa741a5e",
  "correlationId" : "e2f79bca-1d15-4a9a-aa76-482b2f9f64bd",
  "actorId" : "hesenovelsen@gmail.com",
  "method" : "PUT",
  "actorRole" : "ROLE_SUPER_ADMIN"
}
{
  "timestamp" : "2026-09-02T01:07:40.5414209+03:00",
  "level" : "DEBUG",
  "message" : "Secured PUT /admin/agencies/baa4ec8f-6136-4256-a669-578bfa741a5e",
  "service" : "estate_flow-backend",
  "path" : "/api/admin/agencies/baa4ec8f-6136-4256-a669-578bfa741a5e",
  "correlationId" : "e2f79bca-1d15-4a9a-aa76-482b2f9f64bd",
  "actorId" : "hesenovelsen@gmail.com",
  "method" : "PUT",
  "actorRole" : "ROLE_SUPER_ADMIN"
}
{
  "timestamp" : "2026-09-02T01:07:40.9193095+03:00",
  "level" : "DEBUG",
  "message" : "Authorizing method invocation ReflectiveMethodInvocation: public org.springframework.http.ResponseEntity com.realestate.backend.controller.AdminAgencyController.updateAgency(java.util.UUID,com.realestate.backend.dto.request.UpdateAgencyRequest); target is of class [com.realestate.backend.controller.AdminAgencyController]",
  "service" : "estate_flow-backend",
  "path" : "/api/admin/agencies/baa4ec8f-6136-4256-a669-578bfa741a5e",
  "correlationId" : "e2f79bca-1d15-4a9a-aa76-482b2f9f64bd",
  "actorId" : "hesenovelsen@gmail.com",
  "method" : "PUT",
  "actorRole" : "ROLE_SUPER_ADMIN"
}
{
  "timestamp" : "2026-09-02T01:07:40.9383503+03:00",
  "level" : "DEBUG",
  "message" : "Authorized method invocation ReflectiveMethodInvocation: public org.springframework.http.ResponseEntity com.realestate.backend.controller.AdminAgencyController.updateAgency(java.util.UUID,com.realestate.backend.dto.request.UpdateAgencyRequest); target is of class [com.realestate.backend.controller.AdminAgencyController]",
  "service" : "estate_flow-backend",
  "path" : "/api/admin/agencies/baa4ec8f-6136-4256-a669-578bfa741a5e",
  "correlationId" : "e2f79bca-1d15-4a9a-aa76-482b2f9f64bd",
  "actorId" : "hesenovelsen@gmail.com",
  "method" : "PUT",
  "actorRole" : "ROLE_SUPER_ADMIN"
}
{
  "timestamp" : "2026-09-02T01:07:40.9733537+03:00",
  "level" : "DEBUG",
  "message" : "\r\n    select\r\n        ae1_0.id,\r\n        ae1_0.address,\r\n        ae1_0.city,\r\n        ae1_0.created_at,\r\n        ae1_0.description,\r\n        ae1_0.email,\r\n        ae1_0.is_deleted,\r\n        lu1_0.id,\r\n        lu1_0.agency_id,\r\n        lu1_0.created_at,\r\n        lu1_0.is_primary,\r\n        lu1_0.media_id,\r\n        lu1_0.purpose,\r\n        ae1_0.name,\r\n        ae1_0.phone_number,\r\n        ae1_0.status,\r\n        ae1_0.updated_at,\r\n        ae1_0.website \r\n    from\r\n        agencies ae1_0 \r\n    left join\r\n        agency_media lu1_0 \r\n            on ae1_0.id=lu1_0.agency_id \r\n    where\r\n        ae1_0.id=?",
  "service" : "estate_flow-backend",
  "path" : "/api/admin/agencies/baa4ec8f-6136-4256-a669-578bfa741a5e",
  "correlationId" : "e2f79bca-1d15-4a9a-aa76-482b2f9f64bd",
  "actorId" : "hesenovelsen@gmail.com",
  "method" : "PUT",
  "actorRole" : "ROLE_SUPER_ADMIN"
}
{
  "timestamp" : "2026-09-02T01:07:41.0707506+03:00",
  "level" : "DEBUG",
  "message" : "\r\n    select\r\n        ae1_0.id \r\n    from\r\n        agencies ae1_0 \r\n    where\r\n        ae1_0.email=? \r\n    fetch\r\n        first ? rows only",
  "service" : "estate_flow-backend",
  "path" : "/api/admin/agencies/baa4ec8f-6136-4256-a669-578bfa741a5e",
  "correlationId" : "e2f79bca-1d15-4a9a-aa76-482b2f9f64bd",
  "actorId" : "hesenovelsen@gmail.com",
  "method" : "PUT",
  "actorRole" : "ROLE_SUPER_ADMIN"
}
{
  "timestamp" : "2026-09-02T01:07:41.1601084+03:00",
  "level" : "INFO",
  "message" : "agency_updated",
  "service" : "estate_flow-backend",
  "path" : "/api/admin/agencies/baa4ec8f-6136-4256-a669-578bfa741a5e",
  "correlationId" : "e2f79bca-1d15-4a9a-aa76-482b2f9f64bd",
  "actorId" : "hesenovelsen@gmail.com",
  "method" : "PUT",
  "actorRole" : "ROLE_SUPER_ADMIN"
}
{
  "timestamp" : "2026-09-02T01:07:41.5317446+03:00",
  "level" : "INFO",
  "message" : "request_completed",
  "service" : "estate_flow-backend",
  "path" : "/api/admin/agencies/baa4ec8f-6136-4256-a669-578bfa741a5e",
  "correlationId" : "e2f79bca-1d15-4a9a-aa76-482b2f9f64bd",
  "actorId" : "hesenovelsen@gmail.com",
  "method" : "PUT",
  "actorRole" : "ROLE_SUPER_ADMIN"
}
{
  "timestamp" : "2026-09-02T01:09:16.7679667+03:00",
  "level" : "DEBUG",
  "message" : "Securing PATCH /inquiries/6fd8708c-0e0b-4691-9069-7cd87ea86cb5/status",
  "service" : "estate_flow-backend"
}
{
  "timestamp" : "2026-09-02T01:09:16.7729727+03:00",
  "level" : "DEBUG",
  "message" : "\r\n    select\r\n        ue1_0.id,\r\n        ue1_0.agency_id,\r\n        ue1_0.created_at,\r\n        ue1_0.deleted,\r\n        ue1_0.email,\r\n        ue1_0.email_verified,\r\n        ue1_0.enabled,\r\n        ue1_0.full_name,\r\n        ue1_0.password_hash,\r\n        ue1_0.phone_number,\r\n        r1_0.user_id,\r\n        r1_1.id,\r\n        r1_1.description,\r\n        r1_1.name,\r\n        ue1_0.updated_at \r\n    from\r\n        users ue1_0 \r\n    left join\r\n        user_roles r1_0 \r\n            on ue1_0.id=r1_0.user_id \r\n    left join\r\n        roles r1_1 \r\n            on r1_1.id=r1_0.role_id \r\n    where\r\n        ue1_0.email=?",
  "service" : "estate_flow-backend"
}
{
  "timestamp" : "2026-09-02T01:09:16.7749698+03:00",
  "level" : "DEBUG",
  "message" : "\r\n    select\r\n        ume1_0.id,\r\n        ume1_0.created_at,\r\n        ume1_0.is_primary,\r\n        ume1_0.media_id,\r\n        ume1_0.purpose,\r\n        ume1_0.user_id \r\n    from\r\n        user_media ume1_0 \r\n    where\r\n        ume1_0.user_id=?",
  "service" : "estate_flow-backend"
}
{
  "timestamp" : "2026-09-02T01:09:16.7799645+03:00",
  "level" : "DEBUG",
  "message" : "Rate limit check passed: policy=GENERAL, remainingTokens=99",
  "service" : "estate_flow-backend",
  "path" : "/api/inquiries/6fd8708c-0e0b-4691-9069-7cd87ea86cb5/status",
  "correlationId" : "3b6b5e4d-da90-43d7-9b40-d473ecc92915",
  "actorId" : "hesenovelsen@gmail.com",
  "method" : "PATCH",
  "actorRole" : "ROLE_SUPER_ADMIN"
}
{
  "timestamp" : "2026-09-02T01:09:16.7799645+03:00",
  "level" : "DEBUG",
  "message" : "Secured PATCH /inquiries/6fd8708c-0e0b-4691-9069-7cd87ea86cb5/status",
  "service" : "estate_flow-backend",
  "path" : "/api/inquiries/6fd8708c-0e0b-4691-9069-7cd87ea86cb5/status",
  "correlationId" : "3b6b5e4d-da90-43d7-9b40-d473ecc92915",
  "actorId" : "hesenovelsen@gmail.com",
  "method" : "PATCH",
  "actorRole" : "ROLE_SUPER_ADMIN"
}
{
  "timestamp" : "2026-09-02T01:09:16.7919967+03:00",
  "level" : "DEBUG",
  "message" : "Authorizing method invocation ReflectiveMethodInvocation: public org.springframework.http.ResponseEntity com.realestate.backend.controller.InquiryController.updateInquiryStatus(java.util.UUID,com.realestate.backend.dto.request.UpdateInquiryStatusRequest,com.realestate.backend.security.CustomUserDetails); target is of class [com.realestate.backend.controller.InquiryController]",
  "service" : "estate_flow-backend",
  "path" : "/api/inquiries/6fd8708c-0e0b-4691-9069-7cd87ea86cb5/status",
  "correlationId" : "3b6b5e4d-da90-43d7-9b40-d473ecc92915",
  "actorId" : "hesenovelsen@gmail.com",
  "method" : "PATCH",
  "actorRole" : "ROLE_SUPER_ADMIN"
}
{
  "timestamp" : "2026-09-02T01:09:16.7919967+03:00",
  "level" : "DEBUG",
  "message" : "Authorized method invocation ReflectiveMethodInvocation: public org.springframework.http.ResponseEntity com.realestate.backend.controller.InquiryController.updateInquiryStatus(java.util.UUID,com.realestate.backend.dto.request.UpdateInquiryStatusRequest,com.realestate.backend.security.CustomUserDetails); target is of class [com.realestate.backend.controller.InquiryController]",
  "service" : "estate_flow-backend",
  "path" : "/api/inquiries/6fd8708c-0e0b-4691-9069-7cd87ea86cb5/status",
  "correlationId" : "3b6b5e4d-da90-43d7-9b40-d473ecc92915",
  "actorId" : "hesenovelsen@gmail.com",
  "method" : "PATCH",
  "actorRole" : "ROLE_SUPER_ADMIN"
}
{
  "timestamp" : "2026-09-02T01:09:16.7929654+03:00",
  "level" : "DEBUG",
  "message" : "\r\n    select\r\n        ie1_0.id,\r\n        ie1_0.agency_id,\r\n        ie1_0.assigned_agent_id,\r\n        ie1_0.client_id,\r\n        ie1_0.created_at,\r\n        ie1_0.message,\r\n        ie1_0.preferred_contact_method,\r\n        ie1_0.property_id,\r\n        ie1_0.status,\r\n        ie1_0.updated_at \r\n    from\r\n        inquiries ie1_0 \r\n    where\r\n        ie1_0.id=?",
  "service" : "estate_flow-backend",
  "path" : "/api/inquiries/6fd8708c-0e0b-4691-9069-7cd87ea86cb5/status",
  "correlationId" : "3b6b5e4d-da90-43d7-9b40-d473ecc92915",
  "actorId" : "hesenovelsen@gmail.com",
  "method" : "PATCH",
  "actorRole" : "ROLE_SUPER_ADMIN"
}
{
  "timestamp" : "2026-09-02T01:09:16.8079961+03:00",
  "level" : "WARN",
  "message" : "bad_request",
  "service" : "estate_flow-backend",
  "path" : "/api/inquiries/6fd8708c-0e0b-4691-9069-7cd87ea86cb5/status",
  "correlationId" : "3b6b5e4d-da90-43d7-9b40-d473ecc92915",
  "actorId" : "hesenovelsen@gmail.com",
  "method" : "PATCH",
  "actorRole" : "ROLE_SUPER_ADMIN"
}
{
  "timestamp" : "2026-09-02T01:09:16.8169654+03:00",
  "level" : "WARN",
  "message" : "request_completed",
  "service" : "estate_flow-backend",
  "path" : "/api/inquiries/6fd8708c-0e0b-4691-9069-7cd87ea86cb5/status",
  "correlationId" : "3b6b5e4d-da90-43d7-9b40-d473ecc92915",
  "actorId" : "hesenovelsen@gmail.com",
  "method" : "PATCH",
  "actorRole" : "ROLE_SUPER_ADMIN"
}
{
  "timestamp" : "2026-09-02T01:13:40.5243702+03:00",
  "level" : "INFO",
  "message" : "Commencing graceful shutdown. Waiting for active requests to complete",
  "service" : "estate_flow-backend"
}
{
  "timestamp" : "2026-09-02T01:13:40.7333685+03:00",
  "level" : "INFO",
  "message" : "Graceful shutdown complete",
  "service" : "estate_flow-backend"
}
{
  "timestamp" : "2026-09-02T01:13:40.7663674+03:00",
  "level" : "INFO",
  "message" : "Closing JPA EntityManagerFactory for persistence unit 'default'",
  "service" : "estate_flow-backend"
}
{
  "timestamp" : "2026-09-02T01:13:40.7863658+03:00",
  "level" : "INFO",
  "message" : "HikariPool-1 - Shutdown initiated...",
  "service" : "estate_flow-backend"
}
{
  "timestamp" : "2026-09-02T01:13:40.7913675+03:00",
  "level" : "INFO",
  "message" : "HikariPool-1 - Shutdown completed.",
  "service" : "estate_flow-backend"
}
{
  "timestamp" : "2026-09-02T01:13:46.7879571+03:00",
  "level" : "INFO",
  "message" : "HV000001: Hibernate Validator 9.0.1.Final",
  "service" : "estate_flow-backend"
}
{
  "timestamp" : "2026-09-02T01:13:46.8339539+03:00",
  "level" : "INFO",
  "message" : "Starting BackendApplication using Java 21.0.9 with PID 8308 (D:\\All materials\\Matrix\\Matrix (Java Programming)\\Graduation Project\\Real Estate App\\Real-Estate-App\\backend\\build\\classes\\java\\main started by PC in D:\\All materials\\Matrix\\Matrix (Java Programming)\\Graduation Project\\Real Estate App\\Real-Estate-App\\backend)",
  "service" : "estate_flow-backend"
}
{
  "timestamp" : "2026-09-02T01:13:46.8339539+03:00",
  "level" : "DEBUG",
  "message" : "Running with Spring Boot v4.0.6, Spring v7.0.7",
  "service" : "estate_flow-backend"
}
{
  "timestamp" : "2026-09-02T01:13:46.8349581+03:00",
  "level" : "INFO",
  "message" : "The following 1 profile is active: \"dev\"",
  "service" : "estate_flow-backend"
}
{
  "timestamp" : "2026-09-02T01:13:46.8949572+03:00",
  "level" : "INFO",
  "message" : "Devtools property defaults active! Set 'spring.devtools.add-properties' to 'false' to disable",
  "service" : "estate_flow-backend"
}
{
  "timestamp" : "2026-09-02T01:13:46.8949572+03:00",
  "level" : "INFO",
  "message" : "For additional web related logging consider setting the 'logging.level.web' property to 'DEBUG'",
  "service" : "estate_flow-backend"
}
{
  "timestamp" : "2026-09-02T01:13:48.7598094+03:00",
  "level" : "INFO",
  "message" : "Bootstrapping Spring Data JPA repositories in DEFAULT mode.",
  "service" : "estate_flow-backend"
}
{
  "timestamp" : "2026-09-02T01:13:48.9117769+03:00",
  "level" : "INFO",
  "message" : "Finished Spring Data repository scanning in 142 ms. Found 19 JPA repository interfaces.",
  "service" : "estate_flow-backend"
}
{
  "timestamp" : "2026-09-02T01:13:49.9106676+03:00",
  "level" : "INFO",
  "message" : "Tomcat initialized with port 8080 (http)",
  "service" : "estate_flow-backend"
}
{
  "timestamp" : "2026-09-02T01:13:49.9327406+03:00",
  "level" : "INFO",
  "message" : "Initializing ProtocolHandler [\"http-nio-8080\"]",
  "service" : "estate_flow-backend"
}
{
  "timestamp" : "2026-09-02T01:13:49.9377194+03:00",
  "level" : "INFO",
  "message" : "Starting service [Tomcat]",
  "service" : "estate_flow-backend"
}
{
  "timestamp" : "2026-09-02T01:13:49.9377194+03:00",
  "level" : "INFO",
  "message" : "Starting Servlet engine: [Apache Tomcat/11.0.21]",
  "service" : "estate_flow-backend"
}
{
  "timestamp" : "2026-09-02T01:13:50.0180235+03:00",
  "level" : "INFO",
  "message" : "Root WebApplicationContext: initialization completed in 3122 ms",
  "service" : "estate_flow-backend"
}
{
  "timestamp" : "2026-09-02T01:13:50.2330249+03:00",
  "level" : "INFO",
  "message" : "HikariPool-1 - Starting...",
  "service" : "estate_flow-backend"
}
{
  "timestamp" : "2026-09-02T01:13:50.5716953+03:00",
  "level" : "INFO",
  "message" : "HikariPool-1 - Added connection org.postgresql.jdbc.PgConnection@74f83eb9",
  "service" : "estate_flow-backend"
}
{
  "timestamp" : "2026-09-02T01:13:50.5767464+03:00",
  "level" : "INFO",
  "message" : "HikariPool-1 - Start completed.",
  "service" : "estate_flow-backend"
}
{
  "timestamp" : "2026-09-02T01:13:50.8496498+03:00",
  "level" : "INFO",
  "message" : "Set default schema name to public",
  "service" : "estate_flow-backend"
}
{
  "timestamp" : "2026-09-02T01:13:52.9768998+03:00",
  "level" : "INFO",
  "message" : "Reading resource: db/changelog/1.0/V1.0.00-create-users-table.sql",
  "service" : "estate_flow-backend"
}
{
  "timestamp" : "2026-09-02T01:13:53.0859677+03:00",
  "level" : "INFO",
  "message" : "Reading from public.databasechangelog",
  "service" : "estate_flow-backend"
}
{
  "timestamp" : "2026-09-02T01:13:53.0939345+03:00",
  "level" : "INFO",
  "message" : "Reading resource: db/changelog/1.0/V1.0.01-create-roles-table.sql",
  "service" : "estate_flow-backend"
}
{
  "timestamp" : "2026-09-02T01:13:53.0979361+03:00",
  "level" : "INFO",
  "message" : "Reading resource: db/changelog/1.0/V1.0.02-create-agencies-table.sql",
  "service" : "estate_flow-backend"
}
{
  "timestamp" : "2026-09-02T01:13:53.1009365+03:00",
  "level" : "INFO",
  "message" : "Reading resource: db/changelog/1.0/V1.0.03-create-categories-table.sql",
  "service" : "estate_flow-backend"
}
{
  "timestamp" : "2026-09-02T01:13:53.1039361+03:00",
  "level" : "INFO",
  "message" : "Reading resource: db/changelog/1.0/V1.0.04-create-subscription-plans-table.sql",
  "service" : "estate_flow-backend"
}
{
  "timestamp" : "2026-09-02T01:13:53.1063629+03:00",
  "level" : "INFO",
  "message" : "Reading resource: db/changelog/1.0/V1.0.05-create-user-roles-table.sql",
  "service" : "estate_flow-backend"
}
{
  "timestamp" : "2026-09-02T01:13:53.1113931+03:00",
  "level" : "INFO",
  "message" : "Reading resource: db/changelog/1.0/V1.0.06-create-agency-members-table.sql",
  "service" : "estate_flow-backend"
}
{
  "timestamp" : "2026-09-02T01:13:53.1146758+03:00",
  "level" : "INFO",
  "message" : "Reading resource: db/changelog/1.0/V1.0.07-create-agency-subscriptions-table.sql",
  "service" : "estate_flow-backend"
}
{
  "timestamp" : "2026-09-02T01:13:53.1186433+03:00",
  "level" : "INFO",
  "message" : "Reading resource: db/changelog/1.0/V1.0.08-create-properties-table.sql",
  "service" : "estate_flow-backend"
}
{
  "timestamp" : "2026-09-02T01:13:53.1216214+03:00",
  "level" : "INFO",
  "message" : "Reading resource: db/changelog/1.0/V1.0.09-create-media-files-table.sql",
  "service" : "estate_flow-backend"
}
{
  "timestamp" : "2026-09-02T01:13:53.125625+03:00",
  "level" : "INFO",
  "message" : "Reading resource: db/changelog/1.0/V1.0.10-create-favorites-table.sql",
  "service" : "estate_flow-backend"
}
{
  "timestamp" : "2026-09-02T01:13:53.1306198+03:00",
  "level" : "INFO",
  "message" : "Reading resource: db/changelog/1.0/V1.0.11-create-inquiries-table.sql",
  "service" : "estate_flow-backend"
}
{
  "timestamp" : "2026-09-02T01:13:53.1346195+03:00",
  "level" : "INFO",
  "message" : "Reading resource: db/changelog/1.0/V1.0.12-create-appointments-table.sql",
  "service" : "estate_flow-backend"
}
{
  "timestamp" : "2026-09-02T01:13:53.1376517+03:00",
  "level" : "INFO",
  "message" : "Reading resource: db/changelog/1.0/V1.0.13-create-reviews-table.sql",
  "service" : "estate_flow-backend"
}
{
  "timestamp" : "2026-09-02T01:13:53.1416288+03:00",
  "level" : "INFO",
  "message" : "Reading resource: db/changelog/1.0/V1.0.14-create-refresh-tokens-table.sql",
  "service" : "estate_flow-backend"
}
{
  "timestamp" : "2026-09-02T01:13:53.1446494+03:00",
  "level" : "INFO",
  "message" : "Reading resource: db/changelog/1.0/V1.0.15-create-password-reset-tokens-table.sql",
  "service" : "estate_flow-backend"
}
{
  "timestamp" : "2026-09-02T01:13:53.1476525+03:00",
  "level" : "INFO",
  "message" : "Reading resource: db/changelog/1.0/V1.0.16-create-agency-media-table.sql",
  "service" : "estate_flow-backend"
}
{
  "timestamp" : "2026-09-02T01:13:53.1496838+03:00",
  "level" : "INFO",
  "message" : "Reading resource: db/changelog/1.0/V1.0.17-create-user-media-table.sql",
  "service" : "estate_flow-backend"
}
{
  "timestamp" : "2026-09-02T01:13:53.1526206+03:00",
  "level" : "INFO",
  "message" : "Reading resource: db/changelog/1.0/V1.0.18-create-property-media-table.sql",
  "service" : "estate_flow-backend"
}
{
  "timestamp" : "2026-09-02T01:13:53.1546213+03:00",
  "level" : "INFO",
  "message" : "Reading resource: db/changelog/1.0/V1.0.19-create-password-reset-otp-table.sql",
  "service" : "estate_flow-backend"
}
{
  "timestamp" : "2026-09-02T01:13:53.2854477+03:00",
  "level" : "INFO",
  "message" : "Reading resource: db/changelog/2.0/V2.0.16-insert-default-categories.sql",
  "service" : "estate_flow-backend"
}
{
  "timestamp" : "2026-09-02T01:13:53.2884268+03:00",
  "level" : "INFO",
  "message" : "Reading resource: db/changelog/2.0/V2.0.17-insert-default-roles.sql",
  "service" : "estate_flow-backend"
}
{
  "timestamp" : "2026-09-02T01:13:53.2914126+03:00",
  "level" : "INFO",
  "message" : "Reading resource: db/changelog/2.0/V2.0.18-insert-default-subscription-plans.sql",
  "service" : "estate_flow-backend"
}
{
  "timestamp" : "2026-09-02T01:13:53.2934705+03:00",
  "level" : "INFO",
  "message" : "Reading resource: db/changelog/2.0/V2.0.19-add-agency-id-to-users-table.sql",
  "service" : "estate_flow-backend"
}
{
  "timestamp" : "2026-09-02T01:13:53.3018811+03:00",
  "level" : "INFO",
  "message" : "Reading resource: db/changelog/2.0/V2.0.20-change-role-name-from -inserted-roles.sql",
  "service" : "estate_flow-backend"
}
{
  "timestamp" : "2026-09-02T01:13:53.3058311+03:00",
  "level" : "INFO",
  "message" : "Reading resource: db/changelog/2.0/V2.0.21-insert-new-admin-role-ro-roles-table.sql",
  "service" : "estate_flow-backend"
}
{
  "timestamp" : "2026-09-02T01:13:53.3138279+03:00",
  "level" : "INFO",
  "message" : "Reading resource: db/changelog/2.0/V2.0.22-insert-new-column-isDeleted-to-agencies-table.sql",
  "service" : "estate_flow-backend"
}
{
  "timestamp" : "2026-09-02T01:13:53.3168299+03:00",
  "level" : "INFO",
  "message" : "Reading resource: db/changelog/2.0/V2.0.23-insert-new-column-deleted-to-subscription-plans-table.sql",
  "service" : "estate_flow-backend"
}
{
  "timestamp" : "2026-09-02T01:13:53.3188292+03:00",
  "level" : "INFO",
  "message" : "Reading resource: db/changelog/2.0/V2.0.23-update-the-column-isDeleted-in-agencies-table.sql",
  "service" : "estate_flow-backend"
}
{
  "timestamp" : "2026-09-02T01:13:53.3278592+03:00",
  "level" : "INFO",
  "message" : "Reading resource: db/changelog/2.0/V2.0.25-insert-new-column-agency_id-to-inquiries-table.sql",
  "service" : "estate_flow-backend"
}
{
  "timestamp" : "2026-09-02T01:13:53.3298285+03:00",
  "level" : "INFO",
  "message" : "Reading resource: db/changelog/2.0/V2.0.26-remove-uniqueness-contraint-for-agency_id-in-inquiries-table.sql",
  "service" : "estate_flow-backend"
}
{
  "timestamp" : "2026-09-02T01:13:53.3378552+03:00",
  "level" : "INFO",
  "message" : "Reading resource: db/changelog/2.0/V2.0.27-insert-new-column-agency_id-to-appointments-table.sql",
  "service" : "estate_flow-backend"
}
{
  "timestamp" : "2026-09-02T01:13:53.3408617+03:00",
  "level" : "INFO",
  "message" : "Reading resource: db/changelog/2.0/V2.0.28-refactor-media-files-table-for-generic-media-storage.sql",
  "service" : "estate_flow-backend"
}
{
  "timestamp" : "2026-09-02T01:13:53.3438291+03:00",
  "level" : "INFO",
  "message" : "Reading resource: db/changelog/2.0/V2.0.29-remove-logo-url-from-agencies-table.sql",
  "service" : "estate_flow-backend"
}
{
  "timestamp" : "2026-09-02T01:13:53.3458341+03:00",
  "level" : "INFO",
  "message" : "Reading resource: db/changelog/2.0/V2.0.30-insert-new-column-deleted-to-categories-table.sql",
  "service" : "estate_flow-backend"
}
{
  "timestamp" : "2026-09-02T01:13:53.3478632+03:00",
  "level" : "INFO",
  "message" : "Reading resource: db/changelog/2.0/V2.0.31-insert-new-column-target-to-reviews-table.sql",
  "service" : "estate_flow-backend"
}
{
  "timestamp" : "2026-09-02T01:13:53.3488622+03:00",
  "level" : "INFO",
  "message" : "Reading resource: db/changelog/2.0/V2.0.32-insert-new-column-currency-to-properties-table.sql",
  "service" : "estate_flow-backend"
}
{
  "timestamp" : "2026-09-02T01:13:53.3508629+03:00",
  "level" : "INFO",
  "message" : "Reading resource: db/changelog/2.0/V2.0.33-insert-new-column-deleted-to-users-table.sql",
  "service" : "estate_flow-backend"
}
{
  "timestamp" : "2026-09-02T01:13:53.4188033+03:00",
  "level" : "INFO",
  "message" : "Database is up to date, no changesets to execute",
  "service" : "estate_flow-backend"
}
{
  "timestamp" : "2026-09-02T01:13:53.4208037+03:00",
  "level" : "INFO",
  "message" : "Reading from public.databasechangelog",
  "service" : "estate_flow-backend"
}
{
  "timestamp" : "2026-09-02T01:13:53.4416771+03:00",
  "level" : "INFO",
  "message" : "UPDATE SUMMARY",
  "service" : "estate_flow-backend"
}
{
  "timestamp" : "2026-09-02T01:13:53.4416771+03:00",
  "level" : "INFO",
  "message" : "Run:                          0",
  "service" : "estate_flow-backend"
}
{
  "timestamp" : "2026-09-02T01:13:53.4427043+03:00",
  "level" : "INFO",
  "message" : "Previously run:              38",
  "service" : "estate_flow-backend"
}
{
  "timestamp" : "2026-09-02T01:13:53.4427043+03:00",
  "level" : "INFO",
  "message" : "Filtered out:                 0",
  "service" : "estate_flow-backend"
}
{
  "timestamp" : "2026-09-02T01:13:53.4427043+03:00",
  "level" : "INFO",
  "message" : "-------------------------------",
  "service" : "estate_flow-backend"
}
{
  "timestamp" : "2026-09-02T01:13:53.4436733+03:00",
  "level" : "INFO",
  "message" : "Total change sets:           38",
  "service" : "estate_flow-backend"
}
{
  "timestamp" : "2026-09-02T01:13:53.4456807+03:00",
  "level" : "INFO",
  "message" : "Update summary generated",
  "service" : "estate_flow-backend"
}
{
  "timestamp" : "2026-09-02T01:13:53.4466727+03:00",
  "level" : "INFO",
  "message" : "Command execution complete",
  "service" : "estate_flow-backend"
}
{
  "timestamp" : "2026-09-02T01:13:53.6163087+03:00",
  "level" : "INFO",
  "message" : "HHH008540: Processing PersistenceUnitInfo [name: default]",
  "service" : "estate_flow-backend"
}
{
  "timestamp" : "2026-09-02T01:13:53.7428948+03:00",
  "level" : "INFO",
  "message" : "HHH000001: Hibernate ORM core version 7.2.12.Final",
  "service" : "estate_flow-backend"
}
{
  "timestamp" : "2026-09-02T01:13:54.4357422+03:00",
  "level" : "INFO",
  "message" : "No LoadTimeWeaver setup: ignoring JPA class transformer",
  "service" : "estate_flow-backend"
}
{
  "timestamp" : "2026-09-02T01:13:54.5314682+03:00",
  "level" : "WARN",
  "message" : "HHH90000025: PostgreSQLDialect does not need to be specified explicitly using 'hibernate.dialect' (remove the property setting and it will be selected by default)",
  "service" : "estate_flow-backend"
}
{
  "timestamp" : "2026-09-02T01:13:54.5585685+03:00",
  "level" : "INFO",
  "message" : "HHH10001005: Database info:\n\tDatabase JDBC URL [jdbc:postgresql://localhost:5432/real_estate_dev_db]\n\tDatabase driver: PostgreSQL JDBC Driver\n\tDatabase dialect: PostgreSQLDialect\n\tDatabase version: 18.3\n\tDefault catalog/schema: real_estate_dev_db/public\n\tAutocommit mode: undefined/unknown\n\tIsolation level: READ_COMMITTED [default READ_COMMITTED]\n\tJDBC fetch size: none\n\tPool: DataSourceConnectionProvider\n\tMinimum pool size: undefined/unknown\n\tMaximum pool size: undefined/unknown",
  "service" : "estate_flow-backend"
}
{
  "timestamp" : "2026-09-02T01:13:56.3391309+03:00",
  "level" : "INFO",
  "message" : "HHH000489: No JTA platform available (set 'hibernate.transaction.jta.platform' to enable JTA platform integration)",
  "service" : "estate_flow-backend"
}
{
  "timestamp" : "2026-09-02T01:13:56.4268784+03:00",
  "level" : "INFO",
  "message" : "Initialized JPA EntityManagerFactory for persistence unit 'default'",
  "service" : "estate_flow-backend"
}
{
  "timestamp" : "2026-09-02T01:13:56.5389081+03:00",
  "level" : "INFO",
  "message" : "Hibernate is in classpath; If applicable, HQL parser will be used.",
  "service" : "estate_flow-backend"
}
{
  "timestamp" : "2026-09-02T01:13:57.520089+03:00",
  "level" : "DEBUG",
  "message" : "Filter 'jwtAuthenticationFilter' configured for use",
  "service" : "estate_flow-backend"
}
{
  "timestamp" : "2026-09-02T01:13:57.520089+03:00",
  "level" : "DEBUG",
  "message" : "Filter 'rateLimitFilter' configured for use",
  "service" : "estate_flow-backend"
}
{
  "timestamp" : "2026-09-02T01:13:57.520089+03:00",
  "level" : "DEBUG",
  "message" : "Filter 'requestLoggingFilter' configured for use",
  "service" : "estate_flow-backend"
}
{
  "timestamp" : "2026-09-02T01:13:57.5210961+03:00",
  "level" : "DEBUG",
  "message" : "Filter 'mdcLoggingFilter' configured for use",
  "service" : "estate_flow-backend"
}
{
  "timestamp" : "2026-09-02T01:13:58.5417798+03:00",
  "level" : "INFO",
  "message" : "MinIO bucket 'estateflow' already exists",
  "service" : "estate_flow-backend"
}
{
  "timestamp" : "2026-09-02T01:13:59.0022286+03:00",
  "level" : "INFO",
  "message" : "Global AuthenticationManager configured with AuthenticationProvider bean with name authenticationProvider",
  "service" : "estate_flow-backend"
}
{
  "timestamp" : "2026-09-02T01:13:59.0022286+03:00",
  "level" : "WARN",
  "message" : "Global AuthenticationManager configured with an AuthenticationProvider bean. UserDetailsService beans will not be used by Spring Security for automatically configuring username/password login. Consider removing the AuthenticationProvider bean. Alternatively, consider using the UserDetailsService in a manually instantiated DaoAuthenticationProvider. If the current configuration is intentional, to turn off this warning, increase the logging level of 'org.springframework.security.config.annotation.authentication.configuration.InitializeUserDetailsBeanManagerConfigurer' to ERROR",
  "service" : "estate_flow-backend"
}
{
  "timestamp" : "2026-09-02T01:13:59.3855418+03:00",
  "level" : "WARN",
  "message" : "spring.jpa.open-in-view is enabled by default. Therefore, database queries may be performed during view rendering. Explicitly configure spring.jpa.open-in-view to disable this warning",
  "service" : "estate_flow-backend"
}
{
  "timestamp" : "2026-09-02T01:13:59.6335466+03:00",
  "level" : "DEBUG",
  "message" : "Will secure any request with filters: DisableEncodeUrlFilter, WebAsyncManagerIntegrationFilter, SecurityContextHolderFilter, HeaderWriterFilter, CorsFilter, LogoutFilter, JwtAuthenticationFilter, MdcLoggingFilter, RateLimitFilter, RequestLoggingFilter, RequestCacheAwareFilter, SecurityContextHolderAwareRequestFilter, AnonymousAuthenticationFilter, SessionManagementFilter, ExceptionTranslationFilter, AuthorizationFilter",
  "service" : "estate_flow-backend"
}
{
  "timestamp" : "2026-09-02T01:14:00.2618558+03:00",
  "level" : "INFO",
  "message" : "Starting ProtocolHandler [\"http-nio-8080\"]",
  "service" : "estate_flow-backend"
}
{
  "timestamp" : "2026-09-02T01:14:00.2938577+03:00",
  "level" : "INFO",
  "message" : "Tomcat started on port 8080 (http) with context path '/api'",
  "service" : "estate_flow-backend"
}
{
  "timestamp" : "2026-09-02T01:14:00.3048652+03:00",
  "level" : "INFO",
  "message" : "Started BackendApplication in 14.368 seconds (process running for 15.432)",
  "service" : "estate_flow-backend"
}
{
  "timestamp" : "2026-09-02T01:14:52.6200467+03:00",
  "level" : "INFO",
  "message" : "Initializing Spring DispatcherServlet 'dispatcherServlet'",
  "service" : "estate_flow-backend"
}
{
  "timestamp" : "2026-09-02T01:14:52.6210173+03:00",
  "level" : "INFO",
  "message" : "Initializing Servlet 'dispatcherServlet'",
  "service" : "estate_flow-backend"
}
{
  "timestamp" : "2026-09-02T01:14:52.6230494+03:00",
  "level" : "INFO",
  "message" : "Completed initialization in 2 ms",
  "service" : "estate_flow-backend"
}
{
  "timestamp" : "2026-09-02T01:14:52.6360425+03:00",
  "level" : "DEBUG",
  "message" : "Securing PUT /admin/agencies/baa4ec8f-6136-4256-a669-578bfa741a5e",
  "service" : "estate_flow-backend"
}
{
  "timestamp" : "2026-09-02T01:14:53.0215495+03:00",
  "level" : "DEBUG",
  "message" : "\r\n    select\r\n        ue1_0.id,\r\n        ue1_0.agency_id,\r\n        ue1_0.created_at,\r\n        ue1_0.deleted,\r\n        ue1_0.email,\r\n        ue1_0.email_verified,\r\n        ue1_0.enabled,\r\n        ue1_0.full_name,\r\n        ue1_0.password_hash,\r\n        ue1_0.phone_number,\r\n        r1_0.user_id,\r\n        r1_1.id,\r\n        r1_1.description,\r\n        r1_1.name,\r\n        ue1_0.updated_at \r\n    from\r\n        users ue1_0 \r\n    left join\r\n        user_roles r1_0 \r\n            on ue1_0.id=r1_0.user_id \r\n    left join\r\n        roles r1_1 \r\n            on r1_1.id=r1_0.role_id \r\n    where\r\n        ue1_0.email=?",
  "service" : "estate_flow-backend"
}
{
  "timestamp" : "2026-09-02T01:14:53.0852278+03:00",
  "level" : "DEBUG",
  "message" : "\r\n    select\r\n        ume1_0.id,\r\n        ume1_0.created_at,\r\n        ume1_0.is_primary,\r\n        ume1_0.media_id,\r\n        ume1_0.purpose,\r\n        ume1_0.user_id \r\n    from\r\n        user_media ume1_0 \r\n    where\r\n        ume1_0.user_id=?",
  "service" : "estate_flow-backend"
}
{
  "timestamp" : "2026-09-02T01:14:53.1427968+03:00",
  "level" : "DEBUG",
  "message" : "Rate limit check passed: policy=GENERAL, remainingTokens=99",
  "service" : "estate_flow-backend",
  "path" : "/api/admin/agencies/baa4ec8f-6136-4256-a669-578bfa741a5e",
  "correlationId" : "f8509fa0-3fbe-4c88-abbd-6c75368b80ec",
  "actorId" : "hesenovelsen@gmail.com",
  "method" : "PUT",
  "actorRole" : "ROLE_SUPER_ADMIN"
}
{
  "timestamp" : "2026-09-02T01:14:53.1457682+03:00",
  "level" : "DEBUG",
  "message" : "Secured PUT /admin/agencies/baa4ec8f-6136-4256-a669-578bfa741a5e",
  "service" : "estate_flow-backend",
  "path" : "/api/admin/agencies/baa4ec8f-6136-4256-a669-578bfa741a5e",
  "correlationId" : "f8509fa0-3fbe-4c88-abbd-6c75368b80ec",
  "actorId" : "hesenovelsen@gmail.com",
  "method" : "PUT",
  "actorRole" : "ROLE_SUPER_ADMIN"
}
{
  "timestamp" : "2026-09-02T01:14:53.3127231+03:00",
  "level" : "DEBUG",
  "message" : "Authorizing method invocation ReflectiveMethodInvocation: public org.springframework.http.ResponseEntity com.realestate.backend.controller.AdminAgencyController.updateAgency(java.util.UUID,com.realestate.backend.dto.request.UpdateAgencyRequest); target is of class [com.realestate.backend.controller.AdminAgencyController]",
  "service" : "estate_flow-backend",
  "path" : "/api/admin/agencies/baa4ec8f-6136-4256-a669-578bfa741a5e",
  "correlationId" : "f8509fa0-3fbe-4c88-abbd-6c75368b80ec",
  "actorId" : "hesenovelsen@gmail.com",
  "method" : "PUT",
  "actorRole" : "ROLE_SUPER_ADMIN"
}
{
  "timestamp" : "2026-09-02T01:14:53.3247164+03:00",
  "level" : "DEBUG",
  "message" : "Authorized method invocation ReflectiveMethodInvocation: public org.springframework.http.ResponseEntity com.realestate.backend.controller.AdminAgencyController.updateAgency(java.util.UUID,com.realestate.backend.dto.request.UpdateAgencyRequest); target is of class [com.realestate.backend.controller.AdminAgencyController]",
  "service" : "estate_flow-backend",
  "path" : "/api/admin/agencies/baa4ec8f-6136-4256-a669-578bfa741a5e",
  "correlationId" : "f8509fa0-3fbe-4c88-abbd-6c75368b80ec",
  "actorId" : "hesenovelsen@gmail.com",
  "method" : "PUT",
  "actorRole" : "ROLE_SUPER_ADMIN"
}
{
  "timestamp" : "2026-09-02T01:14:53.3437424+03:00",
  "level" : "DEBUG",
  "message" : "\r\n    select\r\n        ae1_0.id,\r\n        ae1_0.address,\r\n        ae1_0.city,\r\n        ae1_0.created_at,\r\n        ae1_0.description,\r\n        ae1_0.email,\r\n        ae1_0.is_deleted,\r\n        lu1_0.id,\r\n        lu1_0.agency_id,\r\n        lu1_0.created_at,\r\n        lu1_0.is_primary,\r\n        lu1_0.media_id,\r\n        lu1_0.purpose,\r\n        ae1_0.name,\r\n        ae1_0.phone_number,\r\n        ae1_0.status,\r\n        ae1_0.updated_at,\r\n        ae1_0.website \r\n    from\r\n        agencies ae1_0 \r\n    left join\r\n        agency_media lu1_0 \r\n            on ae1_0.id=lu1_0.agency_id \r\n    where\r\n        ae1_0.id=?",
  "service" : "estate_flow-backend",
  "path" : "/api/admin/agencies/baa4ec8f-6136-4256-a669-578bfa741a5e",
  "correlationId" : "f8509fa0-3fbe-4c88-abbd-6c75368b80ec",
  "actorId" : "hesenovelsen@gmail.com",
  "method" : "PUT",
  "actorRole" : "ROLE_SUPER_ADMIN"
}
{
  "timestamp" : "2026-09-02T01:14:53.3717428+03:00",
  "level" : "DEBUG",
  "message" : "\r\n    select\r\n        ae1_0.id \r\n    from\r\n        agencies ae1_0 \r\n    where\r\n        ae1_0.email=? \r\n    fetch\r\n        first ? rows only",
  "service" : "estate_flow-backend",
  "path" : "/api/admin/agencies/baa4ec8f-6136-4256-a669-578bfa741a5e",
  "correlationId" : "f8509fa0-3fbe-4c88-abbd-6c75368b80ec",
  "actorId" : "hesenovelsen@gmail.com",
  "method" : "PUT",
  "actorRole" : "ROLE_SUPER_ADMIN"
}
{
  "timestamp" : "2026-09-02T01:14:53.3817509+03:00",
  "level" : "INFO",
  "message" : "agency_updated",
  "service" : "estate_flow-backend",
  "path" : "/api/admin/agencies/baa4ec8f-6136-4256-a669-578bfa741a5e",
  "correlationId" : "f8509fa0-3fbe-4c88-abbd-6c75368b80ec",
  "actorId" : "hesenovelsen@gmail.com",
  "method" : "PUT",
  "actorRole" : "ROLE_SUPER_ADMIN"
}
{
  "timestamp" : "2026-09-02T01:14:53.4757503+03:00",
  "level" : "INFO",
  "message" : "request_completed",
  "service" : "estate_flow-backend",
  "path" : "/api/admin/agencies/baa4ec8f-6136-4256-a669-578bfa741a5e",
  "correlationId" : "f8509fa0-3fbe-4c88-abbd-6c75368b80ec",
  "actorId" : "hesenovelsen@gmail.com",
  "method" : "PUT",
  "actorRole" : "ROLE_SUPER_ADMIN"
}
{
  "timestamp" : "2026-09-02T01:15:34.4900335+03:00",
  "level" : "INFO",
  "message" : "Commencing graceful shutdown. Waiting for active requests to complete",
  "service" : "estate_flow-backend"
}
{
  "timestamp" : "2026-09-02T01:15:34.507006+03:00",
  "level" : "INFO",
  "message" : "Graceful shutdown complete",
  "service" : "estate_flow-backend"
}
{
  "timestamp" : "2026-09-02T01:15:34.5230371+03:00",
  "level" : "INFO",
  "message" : "Closing JPA EntityManagerFactory for persistence unit 'default'",
  "service" : "estate_flow-backend"
}
{
  "timestamp" : "2026-09-02T01:15:34.5290369+03:00",
  "level" : "INFO",
  "message" : "HikariPool-1 - Shutdown initiated...",
  "service" : "estate_flow-backend"
}
{
  "timestamp" : "2026-09-02T01:15:34.5380015+03:00",
  "level" : "INFO",
  "message" : "HikariPool-1 - Shutdown completed.",
  "service" : "estate_flow-backend"
}
{
  "timestamp" : "2026-09-02T02:15:39.110315+04:00",
  "level" : "INFO",
  "message" : "Starting BackendApplication using Java 21.0.9 with PID 3160 (D:\\All materials\\Matrix\\Matrix (Java Programming)\\Graduation Project\\Real Estate App\\Real-Estate-App\\backend\\build\\classes\\java\\main started by PC in D:\\All materials\\Matrix\\Matrix (Java Programming)\\Graduation Project\\Real Estate App\\Real-Estate-App\\backend)",
  "service" : "estate_flow-backend"
}
{
  "timestamp" : "2026-09-02T02:15:39.1213501+04:00",
  "level" : "DEBUG",
  "message" : "Running with Spring Boot v4.0.6, Spring v7.0.7",
  "service" : "estate_flow-backend"
}
{
  "timestamp" : "2026-09-02T02:15:39.1223121+04:00",
  "level" : "INFO",
  "message" : "The following 1 profile is active: \"dev\"",
  "service" : "estate_flow-backend"
}
{
  "timestamp" : "2026-09-02T02:15:39.2143512+04:00",
  "level" : "INFO",
  "message" : "Devtools property defaults active! Set 'spring.devtools.add-properties' to 'false' to disable",
  "service" : "estate_flow-backend"
}
{
  "timestamp" : "2026-09-02T02:15:39.2143512+04:00",
  "level" : "INFO",
  "message" : "For additional web related logging consider setting the 'logging.level.web' property to 'DEBUG'",
  "service" : "estate_flow-backend"
}
{
  "timestamp" : "2026-09-02T02:15:41.8783123+04:00",
  "level" : "INFO",
  "message" : "Bootstrapping Spring Data JPA repositories in DEFAULT mode.",
  "service" : "estate_flow-backend"
}
{
  "timestamp" : "2026-09-02T02:15:42.1193421+04:00",
  "level" : "INFO",
  "message" : "Finished Spring Data repository scanning in 220 ms. Found 19 JPA repository interfaces.",
  "service" : "estate_flow-backend"
}
{
  "timestamp" : "2026-09-02T02:15:43.6306835+04:00",
  "level" : "INFO",
  "message" : "Tomcat initialized with port 8080 (http)",
  "service" : "estate_flow-backend"
}
{
  "timestamp" : "2026-09-02T02:15:43.6566497+04:00",
  "level" : "INFO",
  "message" : "Starting service [Tomcat]",
  "service" : "estate_flow-backend"
}
{
  "timestamp" : "2026-09-02T02:15:43.6566497+04:00",
  "level" : "INFO",
  "message" : "Starting Servlet engine: [Apache Tomcat/11.0.21]",
  "service" : "estate_flow-backend"
}
{
  "timestamp" : "2026-09-02T02:15:43.759687+04:00",
  "level" : "INFO",
  "message" : "Root WebApplicationContext: initialization completed in 4544 ms",
  "service" : "estate_flow-backend"
}
{
  "timestamp" : "2026-09-02T02:15:43.9553613+04:00",
  "level" : "INFO",
  "message" : "HikariPool-1 - Starting...",
  "service" : "estate_flow-backend"
}
{
  "timestamp" : "2026-09-02T02:15:44.2138891+04:00",
  "level" : "INFO",
  "message" : "HikariPool-1 - Added connection org.postgresql.jdbc.PgConnection@46f1831d",
  "service" : "estate_flow-backend"
}
{
  "timestamp" : "2026-09-02T02:15:44.215889+04:00",
  "level" : "INFO",
  "message" : "HikariPool-1 - Start completed.",
  "service" : "estate_flow-backend"
}
{
  "timestamp" : "2026-09-02T02:15:44.4839268+04:00",
  "level" : "INFO",
  "message" : "Set default schema name to public",
  "service" : "estate_flow-backend"
}
{
  "timestamp" : "2026-09-02T02:15:46.2632297+04:00",
  "level" : "INFO",
  "message" : "Reading resource: db/changelog/1.0/V1.0.00-create-users-table.sql",
  "service" : "estate_flow-backend"
}
{
  "timestamp" : "2026-09-02T02:15:46.4222262+04:00",
  "level" : "INFO",
  "message" : "Reading from public.databasechangelog",
  "service" : "estate_flow-backend"
}
{
  "timestamp" : "2026-09-02T02:15:46.4342253+04:00",
  "level" : "INFO",
  "message" : "Reading resource: db/changelog/1.0/V1.0.01-create-roles-table.sql",
  "service" : "estate_flow-backend"
}
{
  "timestamp" : "2026-09-02T02:15:46.4372249+04:00",
  "level" : "INFO",
  "message" : "Reading resource: db/changelog/1.0/V1.0.02-create-agencies-table.sql",
  "service" : "estate_flow-backend"
}
{
  "timestamp" : "2026-09-02T02:15:46.4402253+04:00",
  "level" : "INFO",
  "message" : "Reading resource: db/changelog/1.0/V1.0.03-create-categories-table.sql",
  "service" : "estate_flow-backend"
}
{
  "timestamp" : "2026-09-02T02:15:46.4431919+04:00",
  "level" : "INFO",
  "message" : "Reading resource: db/changelog/1.0/V1.0.04-create-subscription-plans-table.sql",
  "service" : "estate_flow-backend"
}
{
  "timestamp" : "2026-09-02T02:15:46.4482241+04:00",
  "level" : "INFO",
  "message" : "Reading resource: db/changelog/1.0/V1.0.05-create-user-roles-table.sql",
  "service" : "estate_flow-backend"
}
{
  "timestamp" : "2026-09-02T02:15:46.452192+04:00",
  "level" : "INFO",
  "message" : "Reading resource: db/changelog/1.0/V1.0.06-create-agency-members-table.sql",
  "service" : "estate_flow-backend"
}
{
  "timestamp" : "2026-09-02T02:15:46.4551886+04:00",
  "level" : "INFO",
  "message" : "Reading resource: db/changelog/1.0/V1.0.07-create-agency-subscriptions-table.sql",
  "service" : "estate_flow-backend"
}
{
  "timestamp" : "2026-09-02T02:15:46.4601918+04:00",
  "level" : "INFO",
  "message" : "Reading resource: db/changelog/1.0/V1.0.08-create-properties-table.sql",
  "service" : "estate_flow-backend"
}
{
  "timestamp" : "2026-09-02T02:15:46.4661941+04:00",
  "level" : "INFO",
  "message" : "Reading resource: db/changelog/1.0/V1.0.09-create-media-files-table.sql",
  "service" : "estate_flow-backend"
}
{
  "timestamp" : "2026-09-02T02:15:46.4721959+04:00",
  "level" : "INFO",
  "message" : "Reading resource: db/changelog/1.0/V1.0.10-create-favorites-table.sql",
  "service" : "estate_flow-backend"
}
{
  "timestamp" : "2026-09-02T02:15:46.4782242+04:00",
  "level" : "INFO",
  "message" : "Reading resource: db/changelog/1.0/V1.0.11-create-inquiries-table.sql",
  "service" : "estate_flow-backend"
}
{
  "timestamp" : "2026-09-02T02:15:46.4822263+04:00",
  "level" : "INFO",
  "message" : "Reading resource: db/changelog/1.0/V1.0.12-create-appointments-table.sql",
  "service" : "estate_flow-backend"
}
{
  "timestamp" : "2026-09-02T02:15:46.4871895+04:00",
  "level" : "INFO",
  "message" : "Reading resource: db/changelog/1.0/V1.0.13-create-reviews-table.sql",
  "service" : "estate_flow-backend"
}
{
  "timestamp" : "2026-09-02T02:15:46.4921897+04:00",
  "level" : "INFO",
  "message" : "Reading resource: db/changelog/1.0/V1.0.14-create-refresh-tokens-table.sql",
  "service" : "estate_flow-backend"
}
{
  "timestamp" : "2026-09-02T02:15:46.4972261+04:00",
  "level" : "INFO",
  "message" : "Reading resource: db/changelog/1.0/V1.0.15-create-password-reset-tokens-table.sql",
  "service" : "estate_flow-backend"
}
{
  "timestamp" : "2026-09-02T02:15:46.5032248+04:00",
  "level" : "INFO",
  "message" : "Reading resource: db/changelog/1.0/V1.0.16-create-agency-media-table.sql",
  "service" : "estate_flow-backend"
}
{
  "timestamp" : "2026-09-02T02:15:46.5071918+04:00",
  "level" : "INFO",
  "message" : "Reading resource: db/changelog/1.0/V1.0.17-create-user-media-table.sql",
  "service" : "estate_flow-backend"
}
{
  "timestamp" : "2026-09-02T02:15:46.512193+04:00",
  "level" : "INFO",
  "message" : "Reading resource: db/changelog/1.0/V1.0.18-create-property-media-table.sql",
  "service" : "estate_flow-backend"
}
{
  "timestamp" : "2026-09-02T02:15:46.5171911+04:00",
  "level" : "INFO",
  "message" : "Reading resource: db/changelog/1.0/V1.0.19-create-password-reset-otp-table.sql",
  "service" : "estate_flow-backend"
}
{
  "timestamp" : "2026-09-02T02:15:46.6871897+04:00",
  "level" : "INFO",
  "message" : "Reading resource: db/changelog/2.0/V2.0.16-insert-default-categories.sql",
  "service" : "estate_flow-backend"
}
{
  "timestamp" : "2026-09-02T02:15:46.6921908+04:00",
  "level" : "INFO",
  "message" : "Reading resource: db/changelog/2.0/V2.0.17-insert-default-roles.sql",
  "service" : "estate_flow-backend"
}
{
  "timestamp" : "2026-09-02T02:15:46.6951908+04:00",
  "level" : "INFO",
  "message" : "Reading resource: db/changelog/2.0/V2.0.18-insert-default-subscription-plans.sql",
  "service" : "estate_flow-backend"
}
{
  "timestamp" : "2026-09-02T02:15:46.7011898+04:00",
  "level" : "INFO",
  "message" : "Reading resource: db/changelog/2.0/V2.0.19-add-agency-id-to-users-table.sql",
  "service" : "estate_flow-backend"
}
{
  "timestamp" : "2026-09-02T02:15:46.716191+04:00",
  "level" : "INFO",
  "message" : "Reading resource: db/changelog/2.0/V2.0.20-change-role-name-from -inserted-roles.sql",
  "service" : "estate_flow-backend"
}
{
  "timestamp" : "2026-09-02T02:15:46.7201903+04:00",
  "level" : "INFO",
  "message" : "Reading resource: db/changelog/2.0/V2.0.21-insert-new-admin-role-ro-roles-table.sql",
  "service" : "estate_flow-backend"
}
{
  "timestamp" : "2026-09-02T02:15:46.7341894+04:00",
  "level" : "INFO",
  "message" : "Reading resource: db/changelog/2.0/V2.0.22-insert-new-column-isDeleted-to-agencies-table.sql",
  "service" : "estate_flow-backend"
}
{
  "timestamp" : "2026-09-02T02:15:46.7381904+04:00",
  "level" : "INFO",
  "message" : "Reading resource: db/changelog/2.0/V2.0.23-insert-new-column-deleted-to-subscription-plans-table.sql",
  "service" : "estate_flow-backend"
}
{
  "timestamp" : "2026-09-02T02:15:46.7431952+04:00",
  "level" : "INFO",
  "message" : "Reading resource: db/changelog/2.0/V2.0.23-update-the-column-isDeleted-in-agencies-table.sql",
  "service" : "estate_flow-backend"
}
{
  "timestamp" : "2026-09-02T02:15:46.7561928+04:00",
  "level" : "INFO",
  "message" : "Reading resource: db/changelog/2.0/V2.0.25-insert-new-column-agency_id-to-inquiries-table.sql",
  "service" : "estate_flow-backend"
}
{
  "timestamp" : "2026-09-02T02:15:46.7612051+04:00",
  "level" : "INFO",
  "message" : "Reading resource: db/changelog/2.0/V2.0.26-remove-uniqueness-contraint-for-agency_id-in-inquiries-table.sql",
  "service" : "estate_flow-backend"
}
{
  "timestamp" : "2026-09-02T02:15:46.7761895+04:00",
  "level" : "INFO",
  "message" : "Reading resource: db/changelog/2.0/V2.0.27-insert-new-column-agency_id-to-appointments-table.sql",
  "service" : "estate_flow-backend"
}
{
  "timestamp" : "2026-09-02T02:15:46.7791918+04:00",
  "level" : "INFO",
  "message" : "Reading resource: db/changelog/2.0/V2.0.28-refactor-media-files-table-for-generic-media-storage.sql",
  "service" : "estate_flow-backend"
}
{
  "timestamp" : "2026-09-02T02:15:46.7821955+04:00",
  "level" : "INFO",
  "message" : "Reading resource: db/changelog/2.0/V2.0.29-remove-logo-url-from-agencies-table.sql",
  "service" : "estate_flow-backend"
}
{
  "timestamp" : "2026-09-02T02:15:46.7851934+04:00",
  "level" : "INFO",
  "message" : "Reading resource: db/changelog/2.0/V2.0.30-insert-new-column-deleted-to-categories-table.sql",
  "service" : "estate_flow-backend"
}
{
  "timestamp" : "2026-09-02T02:15:46.7891988+04:00",
  "level" : "INFO",
  "message" : "Reading resource: db/changelog/2.0/V2.0.31-insert-new-column-target-to-reviews-table.sql",
  "service" : "estate_flow-backend"
}
{
  "timestamp" : "2026-09-02T02:15:46.7922251+04:00",
  "level" : "INFO",
  "message" : "Reading resource: db/changelog/2.0/V2.0.32-insert-new-column-currency-to-properties-table.sql",
  "service" : "estate_flow-backend"
}
{
  "timestamp" : "2026-09-02T02:15:46.7952181+04:00",
  "level" : "INFO",
  "message" : "Reading resource: db/changelog/2.0/V2.0.33-insert-new-column-deleted-to-users-table.sql",
  "service" : "estate_flow-backend"
}
{
  "timestamp" : "2026-09-02T02:15:46.908191+04:00",
  "level" : "INFO",
  "message" : "Database is up to date, no changesets to execute",
  "service" : "estate_flow-backend"
}
{
  "timestamp" : "2026-09-02T02:15:46.9101948+04:00",
  "level" : "INFO",
  "message" : "Reading from public.databasechangelog",
  "service" : "estate_flow-backend"
}
{
  "timestamp" : "2026-09-02T02:15:46.9441968+04:00",
  "level" : "INFO",
  "message" : "UPDATE SUMMARY",
  "service" : "estate_flow-backend"
}
{
  "timestamp" : "2026-09-02T02:15:46.9441968+04:00",
  "level" : "INFO",
  "message" : "Run:                          0",
  "service" : "estate_flow-backend"
}
{
  "timestamp" : "2026-09-02T02:15:46.94519+04:00",
  "level" : "INFO",
  "message" : "Previously run:              38",
  "service" : "estate_flow-backend"
}
{
  "timestamp" : "2026-09-02T02:15:46.94519+04:00",
  "level" : "INFO",
  "message" : "Filtered out:                 0",
  "service" : "estate_flow-backend"
}
{
  "timestamp" : "2026-09-02T02:15:46.94519+04:00",
  "level" : "INFO",
  "message" : "-------------------------------",
  "service" : "estate_flow-backend"
}
{
  "timestamp" : "2026-09-02T02:15:46.94519+04:00",
  "level" : "INFO",
  "message" : "Total change sets:           38",
  "service" : "estate_flow-backend"
}
{
  "timestamp" : "2026-09-02T02:15:46.9461949+04:00",
  "level" : "INFO",
  "message" : "Update summary generated",
  "service" : "estate_flow-backend"
}
{
  "timestamp" : "2026-09-02T02:15:46.9471944+04:00",
  "level" : "INFO",
  "message" : "Command execution complete",
  "service" : "estate_flow-backend"
}
{
  "timestamp" : "2026-09-02T02:15:47.1941924+04:00",
  "level" : "INFO",
  "message" : "HHH008540: Processing PersistenceUnitInfo [name: default]",
  "service" : "estate_flow-backend"
}
{
  "timestamp" : "2026-09-02T02:15:47.3581879+04:00",
  "level" : "INFO",
  "message" : "HHH000001: Hibernate ORM core version 7.2.12.Final",
  "service" : "estate_flow-backend"
}
{
  "timestamp" : "2026-09-02T02:15:48.4639429+04:00",
  "level" : "INFO",
  "message" : "No LoadTimeWeaver setup: ignoring JPA class transformer",
  "service" : "estate_flow-backend"
}
{
  "timestamp" : "2026-09-02T02:15:48.5749431+04:00",
  "level" : "WARN",
  "message" : "HHH90000025: PostgreSQLDialect does not need to be specified explicitly using 'hibernate.dialect' (remove the property setting and it will be selected by default)",
  "service" : "estate_flow-backend"
}
{
  "timestamp" : "2026-09-02T02:15:48.613986+04:00",
  "level" : "INFO",
  "message" : "HHH10001005: Database info:\n\tDatabase JDBC URL [jdbc:postgresql://localhost:5432/real_estate_dev_db]\n\tDatabase driver: PostgreSQL JDBC Driver\n\tDatabase dialect: PostgreSQLDialect\n\tDatabase version: 18.3\n\tDefault catalog/schema: real_estate_dev_db/public\n\tAutocommit mode: undefined/unknown\n\tIsolation level: READ_COMMITTED [default READ_COMMITTED]\n\tJDBC fetch size: none\n\tPool: DataSourceConnectionProvider\n\tMinimum pool size: undefined/unknown\n\tMaximum pool size: undefined/unknown",
  "service" : "estate_flow-backend"
}
{
  "timestamp" : "2026-09-02T02:15:51.0435664+04:00",
  "level" : "INFO",
  "message" : "HHH000489: No JTA platform available (set 'hibernate.transaction.jta.platform' to enable JTA platform integration)",
  "service" : "estate_flow-backend"
}
{
  "timestamp" : "2026-09-02T02:15:51.1719222+04:00",
  "level" : "INFO",
  "message" : "Initialized JPA EntityManagerFactory for persistence unit 'default'",
  "service" : "estate_flow-backend"
}
{
  "timestamp" : "2026-09-02T02:15:51.2782545+04:00",
  "level" : "INFO",
  "message" : "Hibernate is in classpath; If applicable, HQL parser will be used.",
  "service" : "estate_flow-backend"
}
{
  "timestamp" : "2026-09-02T02:15:52.4019703+04:00",
  "level" : "DEBUG",
  "message" : "Filter 'jwtAuthenticationFilter' configured for use",
  "service" : "estate_flow-backend"
}
{
  "timestamp" : "2026-09-02T02:15:52.4029678+04:00",
  "level" : "DEBUG",
  "message" : "Filter 'rateLimitFilter' configured for use",
  "service" : "estate_flow-backend"
}
{
  "timestamp" : "2026-09-02T02:15:52.4029678+04:00",
  "level" : "DEBUG",
  "message" : "Filter 'requestLoggingFilter' configured for use",
  "service" : "estate_flow-backend"
}
{
  "timestamp" : "2026-09-02T02:15:52.4039756+04:00",
  "level" : "DEBUG",
  "message" : "Filter 'mdcLoggingFilter' configured for use",
  "service" : "estate_flow-backend"
}
{
  "timestamp" : "2026-09-02T02:15:53.5945121+04:00",
  "level" : "INFO",
  "message" : "MinIO bucket 'estateflow' already exists",
  "service" : "estate_flow-backend"
}
{
  "timestamp" : "2026-09-02T02:15:54.0923553+04:00",
  "level" : "INFO",
  "message" : "Global AuthenticationManager configured with AuthenticationProvider bean with name authenticationProvider",
  "service" : "estate_flow-backend"
}
{
  "timestamp" : "2026-09-02T02:15:54.0923553+04:00",
  "level" : "WARN",
  "message" : "Global AuthenticationManager configured with an AuthenticationProvider bean. UserDetailsService beans will not be used by Spring Security for automatically configuring username/password login. Consider removing the AuthenticationProvider bean. Alternatively, consider using the UserDetailsService in a manually instantiated DaoAuthenticationProvider. If the current configuration is intentional, to turn off this warning, increase the logging level of 'org.springframework.security.config.annotation.authentication.configuration.InitializeUserDetailsBeanManagerConfigurer' to ERROR",
  "service" : "estate_flow-backend"
}
{
  "timestamp" : "2026-09-02T02:15:54.5592225+04:00",
  "level" : "WARN",
  "message" : "spring.jpa.open-in-view is enabled by default. Therefore, database queries may be performed during view rendering. Explicitly configure spring.jpa.open-in-view to disable this warning",
  "service" : "estate_flow-backend"
}
{
  "timestamp" : "2026-09-02T02:15:54.8727386+04:00",
  "level" : "DEBUG",
  "message" : "Will secure any request with filters: DisableEncodeUrlFilter, WebAsyncManagerIntegrationFilter, SecurityContextHolderFilter, HeaderWriterFilter, CorsFilter, LogoutFilter, JwtAuthenticationFilter, MdcLoggingFilter, RateLimitFilter, RequestLoggingFilter, RequestCacheAwareFilter, SecurityContextHolderAwareRequestFilter, AnonymousAuthenticationFilter, SessionManagementFilter, ExceptionTranslationFilter, AuthorizationFilter",
  "service" : "estate_flow-backend"
}
{
  "timestamp" : "2026-09-02T02:15:55.5931462+04:00",
  "level" : "INFO",
  "message" : "Tomcat started on port 8080 (http) with context path '/api'",
  "service" : "estate_flow-backend"
}
{
  "timestamp" : "2026-09-02T02:15:55.6011118+04:00",
  "level" : "INFO",
  "message" : "Started BackendApplication in 17.747 seconds (process running for 19.049)",
  "service" : "estate_flow-backend"
}
{
  "timestamp" : "2026-09-02T02:16:24.6987871+04:00",
  "level" : "INFO",
  "message" : "Initializing Spring DispatcherServlet 'dispatcherServlet'",
  "service" : "estate_flow-backend"
}
{
  "timestamp" : "2026-09-02T02:16:24.6987871+04:00",
  "level" : "INFO",
  "message" : "Initializing Servlet 'dispatcherServlet'",
  "service" : "estate_flow-backend"
}
{
  "timestamp" : "2026-09-02T02:16:24.7017872+04:00",
  "level" : "INFO",
  "message" : "Completed initialization in 3 ms",
  "service" : "estate_flow-backend"
}
{
  "timestamp" : "2026-09-02T02:16:24.716869+04:00",
  "level" : "DEBUG",
  "message" : "Securing PUT /admin/agencies/baa4ec8f-6136-4256-a669-578bfa741a5e",
  "service" : "estate_flow-backend"
}
{
  "timestamp" : "2026-09-02T02:16:25.1006149+04:00",
  "level" : "DEBUG",
  "message" : "\r\n    select\r\n        ue1_0.id,\r\n        ue1_0.agency_id,\r\n        ue1_0.created_at,\r\n        ue1_0.deleted,\r\n        ue1_0.email,\r\n        ue1_0.email_verified,\r\n        ue1_0.enabled,\r\n        ue1_0.full_name,\r\n        ue1_0.password_hash,\r\n        ue1_0.phone_number,\r\n        r1_0.user_id,\r\n        r1_1.id,\r\n        r1_1.description,\r\n        r1_1.name,\r\n        ue1_0.updated_at \r\n    from\r\n        users ue1_0 \r\n    left join\r\n        user_roles r1_0 \r\n            on ue1_0.id=r1_0.user_id \r\n    left join\r\n        roles r1_1 \r\n            on r1_1.id=r1_0.role_id \r\n    where\r\n        ue1_0.email=?",
  "service" : "estate_flow-backend"
}
{
  "timestamp" : "2026-09-02T02:16:25.1713766+04:00",
  "level" : "DEBUG",
  "message" : "\r\n    select\r\n        ume1_0.id,\r\n        ume1_0.created_at,\r\n        ume1_0.is_primary,\r\n        ume1_0.media_id,\r\n        ume1_0.purpose,\r\n        ume1_0.user_id \r\n    from\r\n        user_media ume1_0 \r\n    where\r\n        ume1_0.user_id=?",
  "service" : "estate_flow-backend"
}
{
  "timestamp" : "2026-09-02T02:16:25.2525552+04:00",
  "level" : "DEBUG",
  "message" : "Rate limit check passed: policy=GENERAL, remainingTokens=99",
  "service" : "estate_flow-backend",
  "path" : "/api/admin/agencies/baa4ec8f-6136-4256-a669-578bfa741a5e",
  "correlationId" : "490cd016-a020-49da-af7f-0bb82dbdbb66",
  "actorId" : "hesenovelsen@gmail.com",
  "method" : "PUT",
  "actorRole" : "ROLE_SUPER_ADMIN"
}
{
  "timestamp" : "2026-09-02T02:16:25.2556064+04:00",
  "level" : "DEBUG",
  "message" : "Secured PUT /admin/agencies/baa4ec8f-6136-4256-a669-578bfa741a5e",
  "service" : "estate_flow-backend",
  "path" : "/api/admin/agencies/baa4ec8f-6136-4256-a669-578bfa741a5e",
  "correlationId" : "490cd016-a020-49da-af7f-0bb82dbdbb66",
  "actorId" : "hesenovelsen@gmail.com",
  "method" : "PUT",
  "actorRole" : "ROLE_SUPER_ADMIN"
}
{
  "timestamp" : "2026-09-02T02:16:25.4331804+04:00",
  "level" : "DEBUG",
  "message" : "Authorizing method invocation ReflectiveMethodInvocation: public org.springframework.http.ResponseEntity com.realestate.backend.controller.AdminAgencyController.updateAgency(java.util.UUID,com.realestate.backend.dto.request.UpdateAgencyRequest); target is of class [com.realestate.backend.controller.AdminAgencyController]",
  "service" : "estate_flow-backend",
  "path" : "/api/admin/agencies/baa4ec8f-6136-4256-a669-578bfa741a5e",
  "correlationId" : "490cd016-a020-49da-af7f-0bb82dbdbb66",
  "actorId" : "hesenovelsen@gmail.com",
  "method" : "PUT",
  "actorRole" : "ROLE_SUPER_ADMIN"
}
{
  "timestamp" : "2026-09-02T02:16:25.4422022+04:00",
  "level" : "DEBUG",
  "message" : "Authorized method invocation ReflectiveMethodInvocation: public org.springframework.http.ResponseEntity com.realestate.backend.controller.AdminAgencyController.updateAgency(java.util.UUID,com.realestate.backend.dto.request.UpdateAgencyRequest); target is of class [com.realestate.backend.controller.AdminAgencyController]",
  "service" : "estate_flow-backend",
  "path" : "/api/admin/agencies/baa4ec8f-6136-4256-a669-578bfa741a5e",
  "correlationId" : "490cd016-a020-49da-af7f-0bb82dbdbb66",
  "actorId" : "hesenovelsen@gmail.com",
  "method" : "PUT",
  "actorRole" : "ROLE_SUPER_ADMIN"
}
{
  "timestamp" : "2026-09-02T02:16:25.4572043+04:00",
  "level" : "DEBUG",
  "message" : "\r\n    select\r\n        ae1_0.id,\r\n        ae1_0.address,\r\n        ae1_0.city,\r\n        ae1_0.created_at,\r\n        ae1_0.description,\r\n        ae1_0.email,\r\n        ae1_0.is_deleted,\r\n        lu1_0.id,\r\n        lu1_0.agency_id,\r\n        lu1_0.created_at,\r\n        lu1_0.is_primary,\r\n        lu1_0.media_id,\r\n        lu1_0.purpose,\r\n        ae1_0.name,\r\n        ae1_0.phone_number,\r\n        ae1_0.status,\r\n        ae1_0.updated_at,\r\n        ae1_0.website \r\n    from\r\n        agencies ae1_0 \r\n    left join\r\n        agency_media lu1_0 \r\n            on ae1_0.id=lu1_0.agency_id \r\n    where\r\n        ae1_0.id=?",
  "service" : "estate_flow-backend",
  "path" : "/api/admin/agencies/baa4ec8f-6136-4256-a669-578bfa741a5e",
  "correlationId" : "490cd016-a020-49da-af7f-0bb82dbdbb66",
  "actorId" : "hesenovelsen@gmail.com",
  "method" : "PUT",
  "actorRole" : "ROLE_SUPER_ADMIN"
}
{
  "timestamp" : "2026-09-02T02:16:25.4803649+04:00",
  "level" : "DEBUG",
  "message" : "\r\n    select\r\n        ae1_0.id \r\n    from\r\n        agencies ae1_0 \r\n    where\r\n        ae1_0.email=? \r\n    fetch\r\n        first ? rows only",
  "service" : "estate_flow-backend",
  "path" : "/api/admin/agencies/baa4ec8f-6136-4256-a669-578bfa741a5e",
  "correlationId" : "490cd016-a020-49da-af7f-0bb82dbdbb66",
  "actorId" : "hesenovelsen@gmail.com",
  "method" : "PUT",
  "actorRole" : "ROLE_SUPER_ADMIN"
}
{
  "timestamp" : "2026-09-02T02:16:25.4893645+04:00",
  "level" : "INFO",
  "message" : "agency_updated",
  "service" : "estate_flow-backend",
  "path" : "/api/admin/agencies/baa4ec8f-6136-4256-a669-578bfa741a5e",
  "correlationId" : "490cd016-a020-49da-af7f-0bb82dbdbb66",
  "actorId" : "hesenovelsen@gmail.com",
  "method" : "PUT",
  "actorRole" : "ROLE_SUPER_ADMIN"
}
{
  "timestamp" : "2026-09-02T02:16:25.5944496+04:00",
  "level" : "INFO",
  "message" : "request_completed",
  "service" : "estate_flow-backend",
  "path" : "/api/admin/agencies/baa4ec8f-6136-4256-a669-578bfa741a5e",
  "correlationId" : "490cd016-a020-49da-af7f-0bb82dbdbb66",
  "actorId" : "hesenovelsen@gmail.com",
  "method" : "PUT",
  "actorRole" : "ROLE_SUPER_ADMIN",
  "status" : 200,
  "durationMs" : 337
}
{
  "timestamp" : "2026-09-02T02:18:36.9467888+04:00",
  "level" : "INFO",
  "message" : "Commencing graceful shutdown. Waiting for active requests to complete",
  "service" : "estate_flow-backend"
}
{
  "timestamp" : "2026-09-02T02:18:36.9617898+04:00",
  "level" : "INFO",
  "message" : "Graceful shutdown complete",
  "service" : "estate_flow-backend"
}
{
  "timestamp" : "2026-09-02T02:18:36.9747468+04:00",
  "level" : "INFO",
  "message" : "Closing JPA EntityManagerFactory for persistence unit 'default'",
  "service" : "estate_flow-backend"
}
{
  "timestamp" : "2026-09-02T02:18:36.9807781+04:00",
  "level" : "INFO",
  "message" : "HikariPool-1 - Shutdown initiated...",
  "service" : "estate_flow-backend"
}
{
  "timestamp" : "2026-09-02T02:18:36.9897478+04:00",
  "level" : "INFO",
  "message" : "HikariPool-1 - Shutdown completed.",
  "service" : "estate_flow-backend"
}
{
  "timestamp" : "2026-09-02T01:18:40.6590537+03:00",
  "level" : "INFO",
  "message" : "HV000001: Hibernate Validator 9.0.1.Final",
  "service" : "estate_flow-backend"
}
{
  "timestamp" : "2026-09-02T01:18:40.7070526+03:00",
  "level" : "INFO",
  "message" : "Starting BackendApplication using Java 21.0.9 with PID 14324 (D:\\All materials\\Matrix\\Matrix (Java Programming)\\Graduation Project\\Real Estate App\\Real-Estate-App\\backend\\build\\classes\\java\\main started by PC in D:\\All materials\\Matrix\\Matrix (Java Programming)\\Graduation Project\\Real Estate App\\Real-Estate-App\\backend)",
  "service" : "estate_flow-backend"
}
{
  "timestamp" : "2026-09-02T01:18:40.7080527+03:00",
  "level" : "DEBUG",
  "message" : "Running with Spring Boot v4.0.6, Spring v7.0.7",
  "service" : "estate_flow-backend"
}
{
  "timestamp" : "2026-09-02T01:18:40.7090527+03:00",
  "level" : "INFO",
  "message" : "The following 1 profile is active: \"dev\"",
  "service" : "estate_flow-backend"
}
{
  "timestamp" : "2026-09-02T01:18:40.7730516+03:00",
  "level" : "INFO",
  "message" : "Devtools property defaults active! Set 'spring.devtools.add-properties' to 'false' to disable",
  "service" : "estate_flow-backend"
}
{
  "timestamp" : "2026-09-02T01:18:40.7730516+03:00",
  "level" : "INFO",
  "message" : "For additional web related logging consider setting the 'logging.level.web' property to 'DEBUG'",
  "service" : "estate_flow-backend"
}
{
  "timestamp" : "2026-09-02T01:18:41.8350196+03:00",
  "level" : "INFO",
  "message" : "Bootstrapping Spring Data JPA repositories in DEFAULT mode.",
  "service" : "estate_flow-backend"
}
{
  "timestamp" : "2026-09-02T01:18:41.9646234+03:00",
  "level" : "INFO",
  "message" : "Finished Spring Data repository scanning in 119 ms. Found 19 JPA repository interfaces.",
  "service" : "estate_flow-backend"
}
{
  "timestamp" : "2026-09-02T01:18:42.7418676+03:00",
  "level" : "INFO",
  "message" : "Tomcat initialized with port 8080 (http)",
  "service" : "estate_flow-backend"
}
{
  "timestamp" : "2026-09-02T01:18:42.7528665+03:00",
  "level" : "INFO",
  "message" : "Initializing ProtocolHandler [\"http-nio-8080\"]",
  "service" : "estate_flow-backend"
}
{
  "timestamp" : "2026-09-02T01:18:42.7548688+03:00",
  "level" : "INFO",
  "message" : "Starting service [Tomcat]",
  "service" : "estate_flow-backend"
}
{
  "timestamp" : "2026-09-02T01:18:42.7548688+03:00",
  "level" : "INFO",
  "message" : "Starting Servlet engine: [Apache Tomcat/11.0.21]",
  "service" : "estate_flow-backend"
}
{
  "timestamp" : "2026-09-02T01:18:42.8098714+03:00",
  "level" : "INFO",
  "message" : "Root WebApplicationContext: initialization completed in 2035 ms",
  "service" : "estate_flow-backend"
}
{
  "timestamp" : "2026-09-02T01:18:42.9288621+03:00",
  "level" : "INFO",
  "message" : "HikariPool-1 - Starting...",
  "service" : "estate_flow-backend"
}
{
  "timestamp" : "2026-09-02T01:18:43.2204714+03:00",
  "level" : "INFO",
  "message" : "HikariPool-1 - Added connection org.postgresql.jdbc.PgConnection@42da9095",
  "service" : "estate_flow-backend"
}
{
  "timestamp" : "2026-09-02T01:18:43.2224736+03:00",
  "level" : "INFO",
  "message" : "HikariPool-1 - Start completed.",
  "service" : "estate_flow-backend"
}
{
  "timestamp" : "2026-09-02T01:18:43.3594345+03:00",
  "level" : "INFO",
  "message" : "Set default schema name to public",
  "service" : "estate_flow-backend"
}
{
  "timestamp" : "2026-09-02T01:18:44.8546151+03:00",
  "level" : "INFO",
  "message" : "Reading resource: db/changelog/1.0/V1.0.00-create-users-table.sql",
  "service" : "estate_flow-backend"
}
{
  "timestamp" : "2026-09-02T01:18:44.9426337+03:00",
  "level" : "INFO",
  "message" : "Reading from public.databasechangelog",
  "service" : "estate_flow-backend"
}
{
  "timestamp" : "2026-09-02T01:18:44.9525792+03:00",
  "level" : "INFO",
  "message" : "Reading resource: db/changelog/1.0/V1.0.01-create-roles-table.sql",
  "service" : "estate_flow-backend"
}
{
  "timestamp" : "2026-09-02T01:18:44.9546193+03:00",
  "level" : "INFO",
  "message" : "Reading resource: db/changelog/1.0/V1.0.02-create-agencies-table.sql",
  "service" : "estate_flow-backend"
}
{
  "timestamp" : "2026-09-02T01:18:44.9575775+03:00",
  "level" : "INFO",
  "message" : "Reading resource: db/changelog/1.0/V1.0.03-create-categories-table.sql",
  "service" : "estate_flow-backend"
}
{
  "timestamp" : "2026-09-02T01:18:44.9595785+03:00",
  "level" : "INFO",
  "message" : "Reading resource: db/changelog/1.0/V1.0.04-create-subscription-plans-table.sql",
  "service" : "estate_flow-backend"
}
{
  "timestamp" : "2026-09-02T01:18:44.9625778+03:00",
  "level" : "INFO",
  "message" : "Reading resource: db/changelog/1.0/V1.0.05-create-user-roles-table.sql",
  "service" : "estate_flow-backend"
}
{
  "timestamp" : "2026-09-02T01:18:44.96562+03:00",
  "level" : "INFO",
  "message" : "Reading resource: db/changelog/1.0/V1.0.06-create-agency-members-table.sql",
  "service" : "estate_flow-backend"
}
{
  "timestamp" : "2026-09-02T01:18:44.96858+03:00",
  "level" : "INFO",
  "message" : "Reading resource: db/changelog/1.0/V1.0.07-create-agency-subscriptions-table.sql",
  "service" : "estate_flow-backend"
}
{
  "timestamp" : "2026-09-02T01:18:44.9715812+03:00",
  "level" : "INFO",
  "message" : "Reading resource: db/changelog/1.0/V1.0.08-create-properties-table.sql",
  "service" : "estate_flow-backend"
}
{
  "timestamp" : "2026-09-02T01:18:44.9755779+03:00",
  "level" : "INFO",
  "message" : "Reading resource: db/changelog/1.0/V1.0.09-create-media-files-table.sql",
  "service" : "estate_flow-backend"
}
{
  "timestamp" : "2026-09-02T01:18:44.9785778+03:00",
  "level" : "INFO",
  "message" : "Reading resource: db/changelog/1.0/V1.0.10-create-favorites-table.sql",
  "service" : "estate_flow-backend"
}
{
  "timestamp" : "2026-09-02T01:18:44.9806184+03:00",
  "level" : "INFO",
  "message" : "Reading resource: db/changelog/1.0/V1.0.11-create-inquiries-table.sql",
  "service" : "estate_flow-backend"
}
{
  "timestamp" : "2026-09-02T01:18:44.983581+03:00",
  "level" : "INFO",
  "message" : "Reading resource: db/changelog/1.0/V1.0.12-create-appointments-table.sql",
  "service" : "estate_flow-backend"
}
{
  "timestamp" : "2026-09-02T01:18:44.9876154+03:00",
  "level" : "INFO",
  "message" : "Reading resource: db/changelog/1.0/V1.0.13-create-reviews-table.sql",
  "service" : "estate_flow-backend"
}
{
  "timestamp" : "2026-09-02T01:18:44.9906161+03:00",
  "level" : "INFO",
  "message" : "Reading resource: db/changelog/1.0/V1.0.14-create-refresh-tokens-table.sql",
  "service" : "estate_flow-backend"
}
{
  "timestamp" : "2026-09-02T01:18:44.9936194+03:00",
  "level" : "INFO",
  "message" : "Reading resource: db/changelog/1.0/V1.0.15-create-password-reset-tokens-table.sql",
  "service" : "estate_flow-backend"
}
{
  "timestamp" : "2026-09-02T01:18:44.995637+03:00",
  "level" : "INFO",
  "message" : "Reading resource: db/changelog/1.0/V1.0.16-create-agency-media-table.sql",
  "service" : "estate_flow-backend"
}
{
  "timestamp" : "2026-09-02T01:18:45.0025924+03:00",
  "level" : "INFO",
  "message" : "Reading resource: db/changelog/1.0/V1.0.17-create-user-media-table.sql",
  "service" : "estate_flow-backend"
}
{
  "timestamp" : "2026-09-02T01:18:45.0056139+03:00",
  "level" : "INFO",
  "message" : "Reading resource: db/changelog/1.0/V1.0.18-create-property-media-table.sql",
  "service" : "estate_flow-backend"
}
{
  "timestamp" : "2026-09-02T01:18:45.0075779+03:00",
  "level" : "INFO",
  "message" : "Reading resource: db/changelog/1.0/V1.0.19-create-password-reset-otp-table.sql",
  "service" : "estate_flow-backend"
}
{
  "timestamp" : "2026-09-02T01:18:45.1226118+03:00",
  "level" : "INFO",
  "message" : "Reading resource: db/changelog/2.0/V2.0.16-insert-default-categories.sql",
  "service" : "estate_flow-backend"
}
{
  "timestamp" : "2026-09-02T01:18:45.1255805+03:00",
  "level" : "INFO",
  "message" : "Reading resource: db/changelog/2.0/V2.0.17-insert-default-roles.sql",
  "service" : "estate_flow-backend"
}
{
  "timestamp" : "2026-09-02T01:18:45.1285993+03:00",
  "level" : "INFO",
  "message" : "Reading resource: db/changelog/2.0/V2.0.18-insert-default-subscription-plans.sql",
  "service" : "estate_flow-backend"
}
{
  "timestamp" : "2026-09-02T01:18:45.1325812+03:00",
  "level" : "INFO",
  "message" : "Reading resource: db/changelog/2.0/V2.0.19-add-agency-id-to-users-table.sql",
  "service" : "estate_flow-backend"
}
{
  "timestamp" : "2026-09-02T01:18:45.1465781+03:00",
  "level" : "INFO",
  "message" : "Reading resource: db/changelog/2.0/V2.0.20-change-role-name-from -inserted-roles.sql",
  "service" : "estate_flow-backend"
}
{
  "timestamp" : "2026-09-02T01:18:45.1495819+03:00",
  "level" : "INFO",
  "message" : "Reading resource: db/changelog/2.0/V2.0.21-insert-new-admin-role-ro-roles-table.sql",
  "service" : "estate_flow-backend"
}
{
  "timestamp" : "2026-09-02T01:18:45.1615809+03:00",
  "level" : "INFO",
  "message" : "Reading resource: db/changelog/2.0/V2.0.22-insert-new-column-isDeleted-to-agencies-table.sql",
  "service" : "estate_flow-backend"
}
{
  "timestamp" : "2026-09-02T01:18:45.1645799+03:00",
  "level" : "INFO",
  "message" : "Reading resource: db/changelog/2.0/V2.0.23-insert-new-column-deleted-to-subscription-plans-table.sql",
  "service" : "estate_flow-backend"
}
{
  "timestamp" : "2026-09-02T01:18:45.1675922+03:00",
  "level" : "INFO",
  "message" : "Reading resource: db/changelog/2.0/V2.0.23-update-the-column-isDeleted-in-agencies-table.sql",
  "service" : "estate_flow-backend"
}
{
  "timestamp" : "2026-09-02T01:18:45.1795813+03:00",
  "level" : "INFO",
  "message" : "Reading resource: db/changelog/2.0/V2.0.25-insert-new-column-agency_id-to-inquiries-table.sql",
  "service" : "estate_flow-backend"
}
{
  "timestamp" : "2026-09-02T01:18:45.1825771+03:00",
  "level" : "INFO",
  "message" : "Reading resource: db/changelog/2.0/V2.0.26-remove-uniqueness-contraint-for-agency_id-in-inquiries-table.sql",
  "service" : "estate_flow-backend"
}
{
  "timestamp" : "2026-09-02T01:18:45.1925776+03:00",
  "level" : "INFO",
  "message" : "Reading resource: db/changelog/2.0/V2.0.27-insert-new-column-agency_id-to-appointments-table.sql",
  "service" : "estate_flow-backend"
}
{
  "timestamp" : "2026-09-02T01:18:45.1945888+03:00",
  "level" : "INFO",
  "message" : "Reading resource: db/changelog/2.0/V2.0.28-refactor-media-files-table-for-generic-media-storage.sql",
  "service" : "estate_flow-backend"
}
{
  "timestamp" : "2026-09-02T01:18:45.1965777+03:00",
  "level" : "INFO",
  "message" : "Reading resource: db/changelog/2.0/V2.0.29-remove-logo-url-from-agencies-table.sql",
  "service" : "estate_flow-backend"
}
{
  "timestamp" : "2026-09-02T01:18:45.1985776+03:00",
  "level" : "INFO",
  "message" : "Reading resource: db/changelog/2.0/V2.0.30-insert-new-column-deleted-to-categories-table.sql",
  "service" : "estate_flow-backend"
}
{
  "timestamp" : "2026-09-02T01:18:45.2005781+03:00",
  "level" : "INFO",
  "message" : "Reading resource: db/changelog/2.0/V2.0.31-insert-new-column-target-to-reviews-table.sql",
  "service" : "estate_flow-backend"
}
{
  "timestamp" : "2026-09-02T01:18:45.2025783+03:00",
  "level" : "INFO",
  "message" : "Reading resource: db/changelog/2.0/V2.0.32-insert-new-column-currency-to-properties-table.sql",
  "service" : "estate_flow-backend"
}
{
  "timestamp" : "2026-09-02T01:18:45.2045776+03:00",
  "level" : "INFO",
  "message" : "Reading resource: db/changelog/2.0/V2.0.33-insert-new-column-deleted-to-users-table.sql",
  "service" : "estate_flow-backend"
}
{
  "timestamp" : "2026-09-02T01:18:45.2645774+03:00",
  "level" : "INFO",
  "message" : "Database is up to date, no changesets to execute",
  "service" : "estate_flow-backend"
}
{
  "timestamp" : "2026-09-02T01:18:45.2655761+03:00",
  "level" : "INFO",
  "message" : "Reading from public.databasechangelog",
  "service" : "estate_flow-backend"
}
{
  "timestamp" : "2026-09-02T01:18:45.284698+03:00",
  "level" : "INFO",
  "message" : "UPDATE SUMMARY",
  "service" : "estate_flow-backend"
}
{
  "timestamp" : "2026-09-02T01:18:45.284698+03:00",
  "level" : "INFO",
  "message" : "Run:                          0",
  "service" : "estate_flow-backend"
}
{
  "timestamp" : "2026-09-02T01:18:45.284698+03:00",
  "level" : "INFO",
  "message" : "Previously run:              38",
  "service" : "estate_flow-backend"
}
{
  "timestamp" : "2026-09-02T01:18:45.284698+03:00",
  "level" : "INFO",
  "message" : "Filtered out:                 0",
  "service" : "estate_flow-backend"
}
{
  "timestamp" : "2026-09-02T01:18:45.284698+03:00",
  "level" : "INFO",
  "message" : "-------------------------------",
  "service" : "estate_flow-backend"
}
{
  "timestamp" : "2026-09-02T01:18:45.2855973+03:00",
  "level" : "INFO",
  "message" : "Total change sets:           38",
  "service" : "estate_flow-backend"
}
{
  "timestamp" : "2026-09-02T01:18:45.2905843+03:00",
  "level" : "INFO",
  "message" : "Update summary generated",
  "service" : "estate_flow-backend"
}
{
  "timestamp" : "2026-09-02T01:18:45.2925762+03:00",
  "level" : "INFO",
  "message" : "Command execution complete",
  "service" : "estate_flow-backend"
}
{
  "timestamp" : "2026-09-02T01:18:45.4125807+03:00",
  "level" : "INFO",
  "message" : "HHH008540: Processing PersistenceUnitInfo [name: default]",
  "service" : "estate_flow-backend"
}
{
  "timestamp" : "2026-09-02T01:18:45.4926062+03:00",
  "level" : "INFO",
  "message" : "HHH000001: Hibernate ORM core version 7.2.12.Final",
  "service" : "estate_flow-backend"
}
{
  "timestamp" : "2026-09-02T01:18:46.0137414+03:00",
  "level" : "INFO",
  "message" : "No LoadTimeWeaver setup: ignoring JPA class transformer",
  "service" : "estate_flow-backend"
}
{
  "timestamp" : "2026-09-02T01:18:46.06474+03:00",
  "level" : "WARN",
  "message" : "HHH90000025: PostgreSQLDialect does not need to be specified explicitly using 'hibernate.dialect' (remove the property setting and it will be selected by default)",
  "service" : "estate_flow-backend"
}
{
  "timestamp" : "2026-09-02T01:18:46.0847468+03:00",
  "level" : "INFO",
  "message" : "HHH10001005: Database info:\n\tDatabase JDBC URL [jdbc:postgresql://localhost:5432/real_estate_dev_db]\n\tDatabase driver: PostgreSQL JDBC Driver\n\tDatabase dialect: PostgreSQLDialect\n\tDatabase version: 18.3\n\tDefault catalog/schema: real_estate_dev_db/public\n\tAutocommit mode: undefined/unknown\n\tIsolation level: READ_COMMITTED [default READ_COMMITTED]\n\tJDBC fetch size: none\n\tPool: DataSourceConnectionProvider\n\tMinimum pool size: undefined/unknown\n\tMaximum pool size: undefined/unknown",
  "service" : "estate_flow-backend"
}
{
  "timestamp" : "2026-09-02T01:18:47.4734445+03:00",
  "level" : "INFO",
  "message" : "HHH000489: No JTA platform available (set 'hibernate.transaction.jta.platform' to enable JTA platform integration)",
  "service" : "estate_flow-backend"
}
{
  "timestamp" : "2026-09-02T01:18:47.5234426+03:00",
  "level" : "INFO",
  "message" : "Initialized JPA EntityManagerFactory for persistence unit 'default'",
  "service" : "estate_flow-backend"
}
{
  "timestamp" : "2026-09-02T01:18:47.6044435+03:00",
  "level" : "INFO",
  "message" : "Hibernate is in classpath; If applicable, HQL parser will be used.",
  "service" : "estate_flow-backend"
}
{
  "timestamp" : "2026-09-02T01:18:48.5299398+03:00",
  "level" : "DEBUG",
  "message" : "Filter 'jwtAuthenticationFilter' configured for use",
  "service" : "estate_flow-backend"
}
{
  "timestamp" : "2026-09-02T01:18:48.5309475+03:00",
  "level" : "DEBUG",
  "message" : "Filter 'rateLimitFilter' configured for use",
  "service" : "estate_flow-backend"
}
{
  "timestamp" : "2026-09-02T01:18:48.5309475+03:00",
  "level" : "DEBUG",
  "message" : "Filter 'requestLoggingFilter' configured for use",
  "service" : "estate_flow-backend"
}
{
  "timestamp" : "2026-09-02T01:18:48.5309475+03:00",
  "level" : "DEBUG",
  "message" : "Filter 'mdcLoggingFilter' configured for use",
  "service" : "estate_flow-backend"
}
{
  "timestamp" : "2026-09-02T01:18:49.4980292+03:00",
  "level" : "INFO",
  "message" : "MinIO bucket 'estateflow' already exists",
  "service" : "estate_flow-backend"
}
{
  "timestamp" : "2026-09-02T01:18:49.9472458+03:00",
  "level" : "INFO",
  "message" : "Global AuthenticationManager configured with AuthenticationProvider bean with name authenticationProvider",
  "service" : "estate_flow-backend"
}
{
  "timestamp" : "2026-09-02T01:18:49.9482637+03:00",
  "level" : "WARN",
  "message" : "Global AuthenticationManager configured with an AuthenticationProvider bean. UserDetailsService beans will not be used by Spring Security for automatically configuring username/password login. Consider removing the AuthenticationProvider bean. Alternatively, consider using the UserDetailsService in a manually instantiated DaoAuthenticationProvider. If the current configuration is intentional, to turn off this warning, increase the logging level of 'org.springframework.security.config.annotation.authentication.configuration.InitializeUserDetailsBeanManagerConfigurer' to ERROR",
  "service" : "estate_flow-backend"
}
{
  "timestamp" : "2026-09-02T01:18:50.2936037+03:00",
  "level" : "WARN",
  "message" : "spring.jpa.open-in-view is enabled by default. Therefore, database queries may be performed during view rendering. Explicitly configure spring.jpa.open-in-view to disable this warning",
  "service" : "estate_flow-backend"
}
{
  "timestamp" : "2026-09-02T01:18:50.5566073+03:00",
  "level" : "DEBUG",
  "message" : "Will secure any request with filters: DisableEncodeUrlFilter, WebAsyncManagerIntegrationFilter, SecurityContextHolderFilter, HeaderWriterFilter, CorsFilter, LogoutFilter, JwtAuthenticationFilter, MdcLoggingFilter, RateLimitFilter, RequestLoggingFilter, RequestCacheAwareFilter, SecurityContextHolderAwareRequestFilter, AnonymousAuthenticationFilter, SessionManagementFilter, ExceptionTranslationFilter, AuthorizationFilter",
  "service" : "estate_flow-backend"
}
{
  "timestamp" : "2026-09-02T01:18:51.1182852+03:00",
  "level" : "INFO",
  "message" : "Starting ProtocolHandler [\"http-nio-8080\"]",
  "service" : "estate_flow-backend"
}
{
  "timestamp" : "2026-09-02T01:18:51.1372854+03:00",
  "level" : "INFO",
  "message" : "Tomcat started on port 8080 (http) with context path '/api'",
  "service" : "estate_flow-backend"
}
{
  "timestamp" : "2026-09-02T01:18:51.1452852+03:00",
  "level" : "INFO",
  "message" : "Started BackendApplication in 11.477 seconds (process running for 12.494)",
  "service" : "estate_flow-backend"
}
{
  "timestamp" : "2026-09-02T01:19:24.2518501+03:00",
  "level" : "INFO",
  "message" : "Initializing Spring DispatcherServlet 'dispatcherServlet'",
  "service" : "estate_flow-backend"
}
{
  "timestamp" : "2026-09-02T01:19:24.2528771+03:00",
  "level" : "INFO",
  "message" : "Initializing Servlet 'dispatcherServlet'",
  "service" : "estate_flow-backend"
}
{
  "timestamp" : "2026-09-02T01:19:24.2548817+03:00",
  "level" : "INFO",
  "message" : "Completed initialization in 2 ms",
  "service" : "estate_flow-backend"
}
{
  "timestamp" : "2026-09-02T01:19:24.2658499+03:00",
  "level" : "DEBUG",
  "message" : "Securing PUT /admin/agencies/baa4ec8f-6136-4256-a669-578bfa741a5e",
  "service" : "estate_flow-backend"
}
{
  "timestamp" : "2026-09-02T01:19:24.5877623+03:00",
  "level" : "DEBUG",
  "message" : "\r\n    select\r\n        ue1_0.id,\r\n        ue1_0.agency_id,\r\n        ue1_0.created_at,\r\n        ue1_0.deleted,\r\n        ue1_0.email,\r\n        ue1_0.email_verified,\r\n        ue1_0.enabled,\r\n        ue1_0.full_name,\r\n        ue1_0.password_hash,\r\n        ue1_0.phone_number,\r\n        r1_0.user_id,\r\n        r1_1.id,\r\n        r1_1.description,\r\n        r1_1.name,\r\n        ue1_0.updated_at \r\n    from\r\n        users ue1_0 \r\n    left join\r\n        user_roles r1_0 \r\n            on ue1_0.id=r1_0.user_id \r\n    left join\r\n        roles r1_1 \r\n            on r1_1.id=r1_0.role_id \r\n    where\r\n        ue1_0.email=?",
  "service" : "estate_flow-backend"
}
{
  "timestamp" : "2026-09-02T01:19:24.6325688+03:00",
  "level" : "DEBUG",
  "message" : "\r\n    select\r\n        ume1_0.id,\r\n        ume1_0.created_at,\r\n        ume1_0.is_primary,\r\n        ume1_0.media_id,\r\n        ume1_0.purpose,\r\n        ume1_0.user_id \r\n    from\r\n        user_media ume1_0 \r\n    where\r\n        ume1_0.user_id=?",
  "service" : "estate_flow-backend"
}
{
  "timestamp" : "2026-09-02T01:19:24.6873073+03:00",
  "level" : "DEBUG",
  "message" : "Rate limit check passed: policy=GENERAL, remainingTokens=99",
  "service" : "estate_flow-backend",
  "path" : "/api/admin/agencies/baa4ec8f-6136-4256-a669-578bfa741a5e",
  "correlationId" : "a193a3cc-b338-456a-bdcc-9c5682942a28",
  "actorId" : "hesenovelsen@gmail.com",
  "method" : "PUT",
  "actorRole" : "ROLE_SUPER_ADMIN"
}
{
  "timestamp" : "2026-09-02T01:19:24.6903078+03:00",
  "level" : "DEBUG",
  "message" : "Secured PUT /admin/agencies/baa4ec8f-6136-4256-a669-578bfa741a5e",
  "service" : "estate_flow-backend",
  "path" : "/api/admin/agencies/baa4ec8f-6136-4256-a669-578bfa741a5e",
  "correlationId" : "a193a3cc-b338-456a-bdcc-9c5682942a28",
  "actorId" : "hesenovelsen@gmail.com",
  "method" : "PUT",
  "actorRole" : "ROLE_SUPER_ADMIN"
}
{
  "timestamp" : "2026-09-02T01:19:24.8351944+03:00",
  "level" : "DEBUG",
  "message" : "Authorizing method invocation ReflectiveMethodInvocation: public org.springframework.http.ResponseEntity com.realestate.backend.controller.AdminAgencyController.updateAgency(java.util.UUID,com.realestate.backend.dto.request.UpdateAgencyRequest); target is of class [com.realestate.backend.controller.AdminAgencyController]",
  "service" : "estate_flow-backend",
  "path" : "/api/admin/agencies/baa4ec8f-6136-4256-a669-578bfa741a5e",
  "correlationId" : "a193a3cc-b338-456a-bdcc-9c5682942a28",
  "actorId" : "hesenovelsen@gmail.com",
  "method" : "PUT",
  "actorRole" : "ROLE_SUPER_ADMIN"
}
{
  "timestamp" : "2026-09-02T01:19:24.8452267+03:00",
  "level" : "DEBUG",
  "message" : "Authorized method invocation ReflectiveMethodInvocation: public org.springframework.http.ResponseEntity com.realestate.backend.controller.AdminAgencyController.updateAgency(java.util.UUID,com.realestate.backend.dto.request.UpdateAgencyRequest); target is of class [com.realestate.backend.controller.AdminAgencyController]",
  "service" : "estate_flow-backend",
  "path" : "/api/admin/agencies/baa4ec8f-6136-4256-a669-578bfa741a5e",
  "correlationId" : "a193a3cc-b338-456a-bdcc-9c5682942a28",
  "actorId" : "hesenovelsen@gmail.com",
  "method" : "PUT",
  "actorRole" : "ROLE_SUPER_ADMIN"
}
{
  "timestamp" : "2026-09-02T01:19:24.8612356+03:00",
  "level" : "DEBUG",
  "message" : "\r\n    select\r\n        ae1_0.id,\r\n        ae1_0.address,\r\n        ae1_0.city,\r\n        ae1_0.created_at,\r\n        ae1_0.description,\r\n        ae1_0.email,\r\n        ae1_0.is_deleted,\r\n        lu1_0.id,\r\n        lu1_0.agency_id,\r\n        lu1_0.created_at,\r\n        lu1_0.is_primary,\r\n        lu1_0.media_id,\r\n        lu1_0.purpose,\r\n        ae1_0.name,\r\n        ae1_0.phone_number,\r\n        ae1_0.status,\r\n        ae1_0.updated_at,\r\n        ae1_0.website \r\n    from\r\n        agencies ae1_0 \r\n    left join\r\n        agency_media lu1_0 \r\n            on ae1_0.id=lu1_0.agency_id \r\n    where\r\n        ae1_0.id=?",
  "service" : "estate_flow-backend",
  "path" : "/api/admin/agencies/baa4ec8f-6136-4256-a669-578bfa741a5e",
  "correlationId" : "a193a3cc-b338-456a-bdcc-9c5682942a28",
  "actorId" : "hesenovelsen@gmail.com",
  "method" : "PUT",
  "actorRole" : "ROLE_SUPER_ADMIN"
}
{
  "timestamp" : "2026-09-02T01:19:24.8822334+03:00",
  "level" : "DEBUG",
  "message" : "\r\n    select\r\n        ae1_0.id \r\n    from\r\n        agencies ae1_0 \r\n    where\r\n        ae1_0.email=? \r\n    fetch\r\n        first ? rows only",
  "service" : "estate_flow-backend",
  "path" : "/api/admin/agencies/baa4ec8f-6136-4256-a669-578bfa741a5e",
  "correlationId" : "a193a3cc-b338-456a-bdcc-9c5682942a28",
  "actorId" : "hesenovelsen@gmail.com",
  "method" : "PUT",
  "actorRole" : "ROLE_SUPER_ADMIN"
}
{
  "timestamp" : "2026-09-02T01:19:24.8882266+03:00",
  "level" : "INFO",
  "message" : "agency_updated",
  "service" : "estate_flow-backend",
  "path" : "/api/admin/agencies/baa4ec8f-6136-4256-a669-578bfa741a5e",
  "correlationId" : "a193a3cc-b338-456a-bdcc-9c5682942a28",
  "actorId" : "hesenovelsen@gmail.com",
  "method" : "PUT",
  "actorRole" : "ROLE_SUPER_ADMIN"
}
{
  "timestamp" : "2026-09-02T01:19:24.9673481+03:00",
  "level" : "INFO",
  "message" : "request_completed",
  "service" : "estate_flow-backend",
  "path" : "/api/admin/agencies/baa4ec8f-6136-4256-a669-578bfa741a5e",
  "correlationId" : "a193a3cc-b338-456a-bdcc-9c5682942a28",
  "actorId" : "hesenovelsen@gmail.com",
  "method" : "PUT",
  "actorRole" : "ROLE_SUPER_ADMIN"
}
{
  "timestamp" : "2026-09-02T01:20:13.1595379+03:00",
  "level" : "INFO",
  "message" : "Commencing graceful shutdown. Waiting for active requests to complete",
  "service" : "estate_flow-backend"
}
{
  "timestamp" : "2026-09-02T01:20:13.1815088+03:00",
  "level" : "INFO",
  "message" : "Graceful shutdown complete",
  "service" : "estate_flow-backend"
}
{
  "timestamp" : "2026-09-02T01:20:13.462506+03:00",
  "level" : "INFO",
  "message" : "Closing JPA EntityManagerFactory for persistence unit 'default'",
  "service" : "estate_flow-backend"
}
{
  "timestamp" : "2026-09-02T01:20:13.4735059+03:00",
  "level" : "INFO",
  "message" : "HikariPool-1 - Shutdown initiated...",
  "service" : "estate_flow-backend"
}
{
  "timestamp" : "2026-09-02T01:20:13.477511+03:00",
  "level" : "INFO",
  "message" : "HikariPool-1 - Shutdown completed.",
  "service" : "estate_flow-backend"
}
{
  "timestamp" : "2026-09-02T01:20:18.7212654+03:00",
  "level" : "INFO",
  "message" : "HV000001: Hibernate Validator 9.0.1.Final",
  "service" : "estate_flow-backend"
}
{
  "timestamp" : "2026-09-02T01:20:18.7710514+03:00",
  "level" : "INFO",
  "message" : "Starting BackendApplication using Java 21.0.9 with PID 30668 (D:\\All materials\\Matrix\\Matrix (Java Programming)\\Graduation Project\\Real Estate App\\Real-Estate-App\\backend\\build\\classes\\java\\main started by PC in D:\\All materials\\Matrix\\Matrix (Java Programming)\\Graduation Project\\Real Estate App\\Real-Estate-App\\backend)",
  "service" : "estate_flow-backend"
}
{
  "timestamp" : "2026-09-02T01:20:18.772043+03:00",
  "level" : "DEBUG",
  "message" : "Running with Spring Boot v4.0.6, Spring v7.0.7",
  "service" : "estate_flow-backend"
}
{
  "timestamp" : "2026-09-02T01:20:18.772043+03:00",
  "level" : "INFO",
  "message" : "The following 1 profile is active: \"dev\"",
  "service" : "estate_flow-backend"
}
{
  "timestamp" : "2026-09-02T01:20:18.8350385+03:00",
  "level" : "INFO",
  "message" : "Devtools property defaults active! Set 'spring.devtools.add-properties' to 'false' to disable",
  "service" : "estate_flow-backend"
}
{
  "timestamp" : "2026-09-02T01:20:18.8350385+03:00",
  "level" : "INFO",
  "message" : "For additional web related logging consider setting the 'logging.level.web' property to 'DEBUG'",
  "service" : "estate_flow-backend"
}
{
  "timestamp" : "2026-09-02T01:20:19.9139516+03:00",
  "level" : "INFO",
  "message" : "Bootstrapping Spring Data JPA repositories in DEFAULT mode.",
  "service" : "estate_flow-backend"
}
{
  "timestamp" : "2026-09-02T01:20:20.048271+03:00",
  "level" : "INFO",
  "message" : "Finished Spring Data repository scanning in 123 ms. Found 19 JPA repository interfaces.",
  "service" : "estate_flow-backend"
}
{
  "timestamp" : "2026-09-02T01:20:21.0068594+03:00",
  "level" : "INFO",
  "message" : "Tomcat initialized with port 8080 (http)",
  "service" : "estate_flow-backend"
}
{
  "timestamp" : "2026-09-02T01:20:21.0178593+03:00",
  "level" : "INFO",
  "message" : "Initializing ProtocolHandler [\"http-nio-8080\"]",
  "service" : "estate_flow-backend"
}
{
  "timestamp" : "2026-09-02T01:20:21.0198589+03:00",
  "level" : "INFO",
  "message" : "Starting service [Tomcat]",
  "service" : "estate_flow-backend"
}
{
  "timestamp" : "2026-09-02T01:20:21.0198589+03:00",
  "level" : "INFO",
  "message" : "Starting Servlet engine: [Apache Tomcat/11.0.21]",
  "service" : "estate_flow-backend"
}
{
  "timestamp" : "2026-09-02T01:20:21.0818593+03:00",
  "level" : "INFO",
  "message" : "Root WebApplicationContext: initialization completed in 2246 ms",
  "service" : "estate_flow-backend"
}
{
  "timestamp" : "2026-09-02T01:20:21.2323675+03:00",
  "level" : "INFO",
  "message" : "HikariPool-1 - Starting...",
  "service" : "estate_flow-backend"
}
{
  "timestamp" : "2026-09-02T01:20:21.420671+03:00",
  "level" : "INFO",
  "message" : "HikariPool-1 - Added connection org.postgresql.jdbc.PgConnection@55cb6654",
  "service" : "estate_flow-backend"
}
{
  "timestamp" : "2026-09-02T01:20:21.4226345+03:00",
  "level" : "INFO",
  "message" : "HikariPool-1 - Start completed.",
  "service" : "estate_flow-backend"
}
{
  "timestamp" : "2026-09-02T01:20:21.5795822+03:00",
  "level" : "INFO",
  "message" : "Set default schema name to public",
  "service" : "estate_flow-backend"
}
{
  "timestamp" : "2026-09-02T01:20:23.3532358+03:00",
  "level" : "INFO",
  "message" : "Reading resource: db/changelog/1.0/V1.0.00-create-users-table.sql",
  "service" : "estate_flow-backend"
}
{
  "timestamp" : "2026-09-02T01:20:23.4513019+03:00",
  "level" : "INFO",
  "message" : "Reading from public.databasechangelog",
  "service" : "estate_flow-backend"
}
{
  "timestamp" : "2026-09-02T01:20:23.4593088+03:00",
  "level" : "INFO",
  "message" : "Reading resource: db/changelog/1.0/V1.0.01-create-roles-table.sql",
  "service" : "estate_flow-backend"
}
{
  "timestamp" : "2026-09-02T01:20:23.4633022+03:00",
  "level" : "INFO",
  "message" : "Reading resource: db/changelog/1.0/V1.0.02-create-agencies-table.sql",
  "service" : "estate_flow-backend"
}
{
  "timestamp" : "2026-09-02T01:20:23.4673011+03:00",
  "level" : "INFO",
  "message" : "Reading resource: db/changelog/1.0/V1.0.03-create-categories-table.sql",
  "service" : "estate_flow-backend"
}
{
  "timestamp" : "2026-09-02T01:20:23.4693096+03:00",
  "level" : "INFO",
  "message" : "Reading resource: db/changelog/1.0/V1.0.04-create-subscription-plans-table.sql",
  "service" : "estate_flow-backend"
}
{
  "timestamp" : "2026-09-02T01:20:23.4731859+03:00",
  "level" : "INFO",
  "message" : "Reading resource: db/changelog/1.0/V1.0.05-create-user-roles-table.sql",
  "service" : "estate_flow-backend"
}
{
  "timestamp" : "2026-09-02T01:20:23.4751863+03:00",
  "level" : "INFO",
  "message" : "Reading resource: db/changelog/1.0/V1.0.06-create-agency-members-table.sql",
  "service" : "estate_flow-backend"
}
{
  "timestamp" : "2026-09-02T01:20:23.4781862+03:00",
  "level" : "INFO",
  "message" : "Reading resource: db/changelog/1.0/V1.0.07-create-agency-subscriptions-table.sql",
  "service" : "estate_flow-backend"
}
{
  "timestamp" : "2026-09-02T01:20:23.4811854+03:00",
  "level" : "INFO",
  "message" : "Reading resource: db/changelog/1.0/V1.0.08-create-properties-table.sql",
  "service" : "estate_flow-backend"
}
{
  "timestamp" : "2026-09-02T01:20:23.485185+03:00",
  "level" : "INFO",
  "message" : "Reading resource: db/changelog/1.0/V1.0.09-create-media-files-table.sql",
  "service" : "estate_flow-backend"
}
{
  "timestamp" : "2026-09-02T01:20:23.4891827+03:00",
  "level" : "INFO",
  "message" : "Reading resource: db/changelog/1.0/V1.0.10-create-favorites-table.sql",
  "service" : "estate_flow-backend"
}
{
  "timestamp" : "2026-09-02T01:20:23.4911854+03:00",
  "level" : "INFO",
  "message" : "Reading resource: db/changelog/1.0/V1.0.11-create-inquiries-table.sql",
  "service" : "estate_flow-backend"
}
{
  "timestamp" : "2026-09-02T01:20:23.4941849+03:00",
  "level" : "INFO",
  "message" : "Reading resource: db/changelog/1.0/V1.0.12-create-appointments-table.sql",
  "service" : "estate_flow-backend"
}
{
  "timestamp" : "2026-09-02T01:20:23.4981859+03:00",
  "level" : "INFO",
  "message" : "Reading resource: db/changelog/1.0/V1.0.13-create-reviews-table.sql",
  "service" : "estate_flow-backend"
}
{
  "timestamp" : "2026-09-02T01:20:23.502644+03:00",
  "level" : "INFO",
  "message" : "Reading resource: db/changelog/1.0/V1.0.14-create-refresh-tokens-table.sql",
  "service" : "estate_flow-backend"
}
{
  "timestamp" : "2026-09-02T01:20:23.5046075+03:00",
  "level" : "INFO",
  "message" : "Reading resource: db/changelog/1.0/V1.0.15-create-password-reset-tokens-table.sql",
  "service" : "estate_flow-backend"
}
{
  "timestamp" : "2026-09-02T01:20:23.5066516+03:00",
  "level" : "INFO",
  "message" : "Reading resource: db/changelog/1.0/V1.0.16-create-agency-media-table.sql",
  "service" : "estate_flow-backend"
}
{
  "timestamp" : "2026-09-02T01:20:23.5086077+03:00",
  "level" : "INFO",
  "message" : "Reading resource: db/changelog/1.0/V1.0.17-create-user-media-table.sql",
  "service" : "estate_flow-backend"
}
{
  "timestamp" : "2026-09-02T01:20:23.5116481+03:00",
  "level" : "INFO",
  "message" : "Reading resource: db/changelog/1.0/V1.0.18-create-property-media-table.sql",
  "service" : "estate_flow-backend"
}
{
  "timestamp" : "2026-09-02T01:20:23.5146454+03:00",
  "level" : "INFO",
  "message" : "Reading resource: db/changelog/1.0/V1.0.19-create-password-reset-otp-table.sql",
  "service" : "estate_flow-backend"
}
{
  "timestamp" : "2026-09-02T01:20:23.6320325+03:00",
  "level" : "INFO",
  "message" : "Reading resource: db/changelog/2.0/V2.0.16-insert-default-categories.sql",
  "service" : "estate_flow-backend"
}
{
  "timestamp" : "2026-09-02T01:20:23.6350137+03:00",
  "level" : "INFO",
  "message" : "Reading resource: db/changelog/2.0/V2.0.17-insert-default-roles.sql",
  "service" : "estate_flow-backend"
}
{
  "timestamp" : "2026-09-02T01:20:23.6380144+03:00",
  "level" : "INFO",
  "message" : "Reading resource: db/changelog/2.0/V2.0.18-insert-default-subscription-plans.sql",
  "service" : "estate_flow-backend"
}
{
  "timestamp" : "2026-09-02T01:20:23.6410455+03:00",
  "level" : "INFO",
  "message" : "Reading resource: db/changelog/2.0/V2.0.19-add-agency-id-to-users-table.sql",
  "service" : "estate_flow-backend"
}
{
  "timestamp" : "2026-09-02T01:20:23.6511789+03:00",
  "level" : "INFO",
  "message" : "Reading resource: db/changelog/2.0/V2.0.20-change-role-name-from -inserted-roles.sql",
  "service" : "estate_flow-backend"
}
{
  "timestamp" : "2026-09-02T01:20:23.6541774+03:00",
  "level" : "INFO",
  "message" : "Reading resource: db/changelog/2.0/V2.0.21-insert-new-admin-role-ro-roles-table.sql",
  "service" : "estate_flow-backend"
}
{
  "timestamp" : "2026-09-02T01:20:23.6615374+03:00",
  "level" : "INFO",
  "message" : "Reading resource: db/changelog/2.0/V2.0.22-insert-new-column-isDeleted-to-agencies-table.sql",
  "service" : "estate_flow-backend"
}
{
  "timestamp" : "2026-09-02T01:20:23.6645392+03:00",
  "level" : "INFO",
  "message" : "Reading resource: db/changelog/2.0/V2.0.23-insert-new-column-deleted-to-subscription-plans-table.sql",
  "service" : "estate_flow-backend"
}
{
  "timestamp" : "2026-09-02T01:20:23.6685403+03:00",
  "level" : "INFO",
  "message" : "Reading resource: db/changelog/2.0/V2.0.23-update-the-column-isDeleted-in-agencies-table.sql",
  "service" : "estate_flow-backend"
}
{
  "timestamp" : "2026-09-02T01:20:23.6765459+03:00",
  "level" : "INFO",
  "message" : "Reading resource: db/changelog/2.0/V2.0.25-insert-new-column-agency_id-to-inquiries-table.sql",
  "service" : "estate_flow-backend"
}
{
  "timestamp" : "2026-09-02T01:20:23.6785391+03:00",
  "level" : "INFO",
  "message" : "Reading resource: db/changelog/2.0/V2.0.26-remove-uniqueness-contraint-for-agency_id-in-inquiries-table.sql",
  "service" : "estate_flow-backend"
}
{
  "timestamp" : "2026-09-02T01:20:23.6881748+03:00",
  "level" : "INFO",
  "message" : "Reading resource: db/changelog/2.0/V2.0.27-insert-new-column-agency_id-to-appointments-table.sql",
  "service" : "estate_flow-backend"
}
{
  "timestamp" : "2026-09-02T01:20:23.6901429+03:00",
  "level" : "INFO",
  "message" : "Reading resource: db/changelog/2.0/V2.0.28-refactor-media-files-table-for-generic-media-storage.sql",
  "service" : "estate_flow-backend"
}
{
  "timestamp" : "2026-09-02T01:20:23.6931755+03:00",
  "level" : "INFO",
  "message" : "Reading resource: db/changelog/2.0/V2.0.29-remove-logo-url-from-agencies-table.sql",
  "service" : "estate_flow-backend"
}
{
  "timestamp" : "2026-09-02T01:20:23.6941428+03:00",
  "level" : "INFO",
  "message" : "Reading resource: db/changelog/2.0/V2.0.30-insert-new-column-deleted-to-categories-table.sql",
  "service" : "estate_flow-backend"
}
{
  "timestamp" : "2026-09-02T01:20:23.6961425+03:00",
  "level" : "INFO",
  "message" : "Reading resource: db/changelog/2.0/V2.0.31-insert-new-column-target-to-reviews-table.sql",
  "service" : "estate_flow-backend"
}
{
  "timestamp" : "2026-09-02T01:20:23.6981433+03:00",
  "level" : "INFO",
  "message" : "Reading resource: db/changelog/2.0/V2.0.32-insert-new-column-currency-to-properties-table.sql",
  "service" : "estate_flow-backend"
}
{
  "timestamp" : "2026-09-02T01:20:23.7001423+03:00",
  "level" : "INFO",
  "message" : "Reading resource: db/changelog/2.0/V2.0.33-insert-new-column-deleted-to-users-table.sql",
  "service" : "estate_flow-backend"
}
{
  "timestamp" : "2026-09-02T01:20:23.7624989+03:00",
  "level" : "INFO",
  "message" : "Database is up to date, no changesets to execute",
  "service" : "estate_flow-backend"
}
{
  "timestamp" : "2026-09-02T01:20:23.7645593+03:00",
  "level" : "INFO",
  "message" : "Reading from public.databasechangelog",
  "service" : "estate_flow-backend"
}
{
  "timestamp" : "2026-09-02T01:20:23.7828134+03:00",
  "level" : "INFO",
  "message" : "UPDATE SUMMARY",
  "service" : "estate_flow-backend"
}
{
  "timestamp" : "2026-09-02T01:20:23.783813+03:00",
  "level" : "INFO",
  "message" : "Run:                          0",
  "service" : "estate_flow-backend"
}
{
  "timestamp" : "2026-09-02T01:20:23.783813+03:00",
  "level" : "INFO",
  "message" : "Previously run:              38",
  "service" : "estate_flow-backend"
}
{
  "timestamp" : "2026-09-02T01:20:23.783813+03:00",
  "level" : "INFO",
  "message" : "Filtered out:                 0",
  "service" : "estate_flow-backend"
}
{
  "timestamp" : "2026-09-02T01:20:23.783813+03:00",
  "level" : "INFO",
  "message" : "-------------------------------",
  "service" : "estate_flow-backend"
}
{
  "timestamp" : "2026-09-02T01:20:23.783813+03:00",
  "level" : "INFO",
  "message" : "Total change sets:           38",
  "service" : "estate_flow-backend"
}
{
  "timestamp" : "2026-09-02T01:20:23.7894221+03:00",
  "level" : "INFO",
  "message" : "Update summary generated",
  "service" : "estate_flow-backend"
}
{
  "timestamp" : "2026-09-02T01:20:23.7894221+03:00",
  "level" : "INFO",
  "message" : "Command execution complete",
  "service" : "estate_flow-backend"
}
{
  "timestamp" : "2026-09-02T01:20:23.9024505+03:00",
  "level" : "INFO",
  "message" : "HHH008540: Processing PersistenceUnitInfo [name: default]",
  "service" : "estate_flow-backend"
}
{
  "timestamp" : "2026-09-02T01:20:23.9804229+03:00",
  "level" : "INFO",
  "message" : "HHH000001: Hibernate ORM core version 7.2.12.Final",
  "service" : "estate_flow-backend"
}
{
  "timestamp" : "2026-09-02T01:20:24.5248036+03:00",
  "level" : "INFO",
  "message" : "No LoadTimeWeaver setup: ignoring JPA class transformer",
  "service" : "estate_flow-backend"
}
{
  "timestamp" : "2026-09-02T01:20:24.5768357+03:00",
  "level" : "WARN",
  "message" : "HHH90000025: PostgreSQLDialect does not need to be specified explicitly using 'hibernate.dialect' (remove the property setting and it will be selected by default)",
  "service" : "estate_flow-backend"
}
{
  "timestamp" : "2026-09-02T01:20:24.5973957+03:00",
  "level" : "INFO",
  "message" : "HHH10001005: Database info:\n\tDatabase JDBC URL [jdbc:postgresql://localhost:5432/real_estate_dev_db]\n\tDatabase driver: PostgreSQL JDBC Driver\n\tDatabase dialect: PostgreSQLDialect\n\tDatabase version: 18.3\n\tDefault catalog/schema: real_estate_dev_db/public\n\tAutocommit mode: undefined/unknown\n\tIsolation level: READ_COMMITTED [default READ_COMMITTED]\n\tJDBC fetch size: none\n\tPool: DataSourceConnectionProvider\n\tMinimum pool size: undefined/unknown\n\tMaximum pool size: undefined/unknown",
  "service" : "estate_flow-backend"
}
{
  "timestamp" : "2026-09-02T01:20:25.9868589+03:00",
  "level" : "INFO",
  "message" : "HHH000489: No JTA platform available (set 'hibernate.transaction.jta.platform' to enable JTA platform integration)",
  "service" : "estate_flow-backend"
}
{
  "timestamp" : "2026-09-02T01:20:26.0344034+03:00",
  "level" : "INFO",
  "message" : "Initialized JPA EntityManagerFactory for persistence unit 'default'",
  "service" : "estate_flow-backend"
}
{
  "timestamp" : "2026-09-02T01:20:26.1104391+03:00",
  "level" : "INFO",
  "message" : "Hibernate is in classpath; If applicable, HQL parser will be used.",
  "service" : "estate_flow-backend"
}
{
  "timestamp" : "2026-09-02T01:20:26.9986458+03:00",
  "level" : "DEBUG",
  "message" : "Filter 'jwtAuthenticationFilter' configured for use",
  "service" : "estate_flow-backend"
}
{
  "timestamp" : "2026-09-02T01:20:26.9986458+03:00",
  "level" : "DEBUG",
  "message" : "Filter 'rateLimitFilter' configured for use",
  "service" : "estate_flow-backend"
}
{
  "timestamp" : "2026-09-02T01:20:26.9986458+03:00",
  "level" : "DEBUG",
  "message" : "Filter 'requestLoggingFilter' configured for use",
  "service" : "estate_flow-backend"
}
{
  "timestamp" : "2026-09-02T01:20:26.9986458+03:00",
  "level" : "DEBUG",
  "message" : "Filter 'mdcLoggingFilter' configured for use",
  "service" : "estate_flow-backend"
}
{
  "timestamp" : "2026-09-02T01:20:27.929945+03:00",
  "level" : "INFO",
  "message" : "MinIO bucket 'estateflow' already exists",
  "service" : "estate_flow-backend"
}
{
  "timestamp" : "2026-09-02T01:20:28.3581495+03:00",
  "level" : "INFO",
  "message" : "Global AuthenticationManager configured with AuthenticationProvider bean with name authenticationProvider",
  "service" : "estate_flow-backend"
}
{
  "timestamp" : "2026-09-02T01:20:28.359153+03:00",
  "level" : "WARN",
  "message" : "Global AuthenticationManager configured with an AuthenticationProvider bean. UserDetailsService beans will not be used by Spring Security for automatically configuring username/password login. Consider removing the AuthenticationProvider bean. Alternatively, consider using the UserDetailsService in a manually instantiated DaoAuthenticationProvider. If the current configuration is intentional, to turn off this warning, increase the logging level of 'org.springframework.security.config.annotation.authentication.configuration.InitializeUserDetailsBeanManagerConfigurer' to ERROR",
  "service" : "estate_flow-backend"
}
{
  "timestamp" : "2026-09-02T01:20:28.6970741+03:00",
  "level" : "WARN",
  "message" : "spring.jpa.open-in-view is enabled by default. Therefore, database queries may be performed during view rendering. Explicitly configure spring.jpa.open-in-view to disable this warning",
  "service" : "estate_flow-backend"
}
{
  "timestamp" : "2026-09-02T01:20:28.9548982+03:00",
  "level" : "DEBUG",
  "message" : "Will secure any request with filters: DisableEncodeUrlFilter, WebAsyncManagerIntegrationFilter, SecurityContextHolderFilter, HeaderWriterFilter, CorsFilter, LogoutFilter, JwtAuthenticationFilter, MdcLoggingFilter, RateLimitFilter, RequestLoggingFilter, RequestCacheAwareFilter, SecurityContextHolderAwareRequestFilter, AnonymousAuthenticationFilter, SessionManagementFilter, ExceptionTranslationFilter, AuthorizationFilter",
  "service" : "estate_flow-backend"
}
{
  "timestamp" : "2026-09-02T01:20:29.4893817+03:00",
  "level" : "INFO",
  "message" : "Starting ProtocolHandler [\"http-nio-8080\"]",
  "service" : "estate_flow-backend"
}
{
  "timestamp" : "2026-09-02T01:20:29.5064164+03:00",
  "level" : "INFO",
  "message" : "Tomcat started on port 8080 (http) with context path '/api'",
  "service" : "estate_flow-backend"
}
{
  "timestamp" : "2026-09-02T01:20:29.5163821+03:00",
  "level" : "INFO",
  "message" : "Started BackendApplication in 11.563 seconds (process running for 12.522)",
  "service" : "estate_flow-backend"
}
{
  "timestamp" : "2026-09-02T01:20:50.698975+03:00",
  "level" : "INFO",
  "message" : "Initializing Spring DispatcherServlet 'dispatcherServlet'",
  "service" : "estate_flow-backend"
}
{
  "timestamp" : "2026-09-02T01:20:50.698975+03:00",
  "level" : "INFO",
  "message" : "Initializing Servlet 'dispatcherServlet'",
  "service" : "estate_flow-backend"
}
{
  "timestamp" : "2026-09-02T01:20:50.7009748+03:00",
  "level" : "INFO",
  "message" : "Completed initialization in 2 ms",
  "service" : "estate_flow-backend"
}
{
  "timestamp" : "2026-09-02T01:20:50.7109749+03:00",
  "level" : "DEBUG",
  "message" : "Securing PUT /admin/agencies/baa4ec8f-6136-4256-a669-578bfa741a5e",
  "service" : "estate_flow-backend"
}
{
  "timestamp" : "2026-09-02T01:20:50.9925326+03:00",
  "level" : "DEBUG",
  "message" : "\r\n    select\r\n        ue1_0.id,\r\n        ue1_0.agency_id,\r\n        ue1_0.created_at,\r\n        ue1_0.deleted,\r\n        ue1_0.email,\r\n        ue1_0.email_verified,\r\n        ue1_0.enabled,\r\n        ue1_0.full_name,\r\n        ue1_0.password_hash,\r\n        ue1_0.phone_number,\r\n        r1_0.user_id,\r\n        r1_1.id,\r\n        r1_1.description,\r\n        r1_1.name,\r\n        ue1_0.updated_at \r\n    from\r\n        users ue1_0 \r\n    left join\r\n        user_roles r1_0 \r\n            on ue1_0.id=r1_0.user_id \r\n    left join\r\n        roles r1_1 \r\n            on r1_1.id=r1_0.role_id \r\n    where\r\n        ue1_0.email=?",
  "service" : "estate_flow-backend"
}
{
  "timestamp" : "2026-09-02T01:20:51.0253494+03:00",
  "level" : "DEBUG",
  "message" : "\r\n    select\r\n        ume1_0.id,\r\n        ume1_0.created_at,\r\n        ume1_0.is_primary,\r\n        ume1_0.media_id,\r\n        ume1_0.purpose,\r\n        ume1_0.user_id \r\n    from\r\n        user_media ume1_0 \r\n    where\r\n        ume1_0.user_id=?",
  "service" : "estate_flow-backend"
}
{
  "timestamp" : "2026-09-02T01:20:51.0601493+03:00",
  "level" : "DEBUG",
  "message" : "Rate limit check passed: policy=GENERAL, remainingTokens=99",
  "service" : "estate_flow-backend",
  "path" : "/api/admin/agencies/baa4ec8f-6136-4256-a669-578bfa741a5e",
  "correlationId" : "3316c120-b6ef-4fa4-90f5-b888e169475e",
  "actorId" : "hesenovelsen@gmail.com",
  "method" : "PUT",
  "actorRole" : "ROLE_SUPER_ADMIN"
}
{
  "timestamp" : "2026-09-02T01:20:51.0631505+03:00",
  "level" : "DEBUG",
  "message" : "Secured PUT /admin/agencies/baa4ec8f-6136-4256-a669-578bfa741a5e",
  "service" : "estate_flow-backend",
  "path" : "/api/admin/agencies/baa4ec8f-6136-4256-a669-578bfa741a5e",
  "correlationId" : "3316c120-b6ef-4fa4-90f5-b888e169475e",
  "actorId" : "hesenovelsen@gmail.com",
  "method" : "PUT",
  "actorRole" : "ROLE_SUPER_ADMIN"
}
{
  "timestamp" : "2026-09-02T01:20:51.1961203+03:00",
  "level" : "DEBUG",
  "message" : "Authorizing method invocation ReflectiveMethodInvocation: public org.springframework.http.ResponseEntity com.realestate.backend.controller.AdminAgencyController.updateAgency(java.util.UUID,com.realestate.backend.dto.request.UpdateAgencyRequest); target is of class [com.realestate.backend.controller.AdminAgencyController]",
  "service" : "estate_flow-backend",
  "path" : "/api/admin/agencies/baa4ec8f-6136-4256-a669-578bfa741a5e",
  "correlationId" : "3316c120-b6ef-4fa4-90f5-b888e169475e",
  "actorId" : "hesenovelsen@gmail.com",
  "method" : "PUT",
  "actorRole" : "ROLE_SUPER_ADMIN"
}
{
  "timestamp" : "2026-09-02T01:20:51.2071247+03:00",
  "level" : "DEBUG",
  "message" : "Authorized method invocation ReflectiveMethodInvocation: public org.springframework.http.ResponseEntity com.realestate.backend.controller.AdminAgencyController.updateAgency(java.util.UUID,com.realestate.backend.dto.request.UpdateAgencyRequest); target is of class [com.realestate.backend.controller.AdminAgencyController]",
  "service" : "estate_flow-backend",
  "path" : "/api/admin/agencies/baa4ec8f-6136-4256-a669-578bfa741a5e",
  "correlationId" : "3316c120-b6ef-4fa4-90f5-b888e169475e",
  "actorId" : "hesenovelsen@gmail.com",
  "method" : "PUT",
  "actorRole" : "ROLE_SUPER_ADMIN"
}
{
  "timestamp" : "2026-09-02T01:20:51.2281234+03:00",
  "level" : "DEBUG",
  "message" : "\r\n    select\r\n        ae1_0.id,\r\n        ae1_0.address,\r\n        ae1_0.city,\r\n        ae1_0.created_at,\r\n        ae1_0.description,\r\n        ae1_0.email,\r\n        ae1_0.is_deleted,\r\n        lu1_0.id,\r\n        lu1_0.agency_id,\r\n        lu1_0.created_at,\r\n        lu1_0.is_primary,\r\n        lu1_0.media_id,\r\n        lu1_0.purpose,\r\n        ae1_0.name,\r\n        ae1_0.phone_number,\r\n        ae1_0.status,\r\n        ae1_0.updated_at,\r\n        ae1_0.website \r\n    from\r\n        agencies ae1_0 \r\n    left join\r\n        agency_media lu1_0 \r\n            on ae1_0.id=lu1_0.agency_id \r\n    where\r\n        ae1_0.id=?",
  "service" : "estate_flow-backend",
  "path" : "/api/admin/agencies/baa4ec8f-6136-4256-a669-578bfa741a5e",
  "correlationId" : "3316c120-b6ef-4fa4-90f5-b888e169475e",
  "actorId" : "hesenovelsen@gmail.com",
  "method" : "PUT",
  "actorRole" : "ROLE_SUPER_ADMIN"
}
{
  "timestamp" : "2026-09-02T01:20:51.2571242+03:00",
  "level" : "DEBUG",
  "message" : "\r\n    select\r\n        ae1_0.id \r\n    from\r\n        agencies ae1_0 \r\n    where\r\n        ae1_0.email=? \r\n    fetch\r\n        first ? rows only",
  "service" : "estate_flow-backend",
  "path" : "/api/admin/agencies/baa4ec8f-6136-4256-a669-578bfa741a5e",
  "correlationId" : "3316c120-b6ef-4fa4-90f5-b888e169475e",
  "actorId" : "hesenovelsen@gmail.com",
  "method" : "PUT",
  "actorRole" : "ROLE_SUPER_ADMIN"
}
{
  "timestamp" : "2026-09-02T01:20:51.267124+03:00",
  "level" : "INFO",
  "message" : "agency_updated",
  "service" : "estate_flow-backend",
  "path" : "/api/admin/agencies/baa4ec8f-6136-4256-a669-578bfa741a5e",
  "correlationId" : "3316c120-b6ef-4fa4-90f5-b888e169475e",
  "actorId" : "hesenovelsen@gmail.com",
  "method" : "PUT",
  "actorRole" : "ROLE_SUPER_ADMIN"
}
{
  "timestamp" : "2026-09-02T01:20:51.3511495+03:00",
  "level" : "INFO",
  "message" : "request_completed",
  "service" : "estate_flow-backend",
  "path" : "/api/admin/agencies/baa4ec8f-6136-4256-a669-578bfa741a5e",
  "correlationId" : "3316c120-b6ef-4fa4-90f5-b888e169475e",
  "actorId" : "hesenovelsen@gmail.com",
  "method" : "PUT",
  "actorRole" : "ROLE_SUPER_ADMIN"
}
{
  "timestamp" : "2026-09-02T01:24:01.9000381+03:00",
  "level" : "INFO",
  "message" : "Commencing graceful shutdown. Waiting for active requests to complete",
  "service" : "estate_flow-backend"
}
{
  "timestamp" : "2026-09-02T01:24:01.9300358+03:00",
  "level" : "INFO",
  "message" : "Graceful shutdown complete",
  "service" : "estate_flow-backend"
}
{
  "timestamp" : "2026-09-02T01:24:01.9560396+03:00",
  "level" : "INFO",
  "message" : "Closing JPA EntityManagerFactory for persistence unit 'default'",
  "service" : "estate_flow-backend"
}
{
  "timestamp" : "2026-09-02T01:24:01.9910739+03:00",
  "level" : "INFO",
  "message" : "HikariPool-1 - Shutdown initiated...",
  "service" : "estate_flow-backend"
}
{
  "timestamp" : "2026-09-02T01:24:01.999037+03:00",
  "level" : "INFO",
  "message" : "HikariPool-1 - Shutdown completed.",
  "service" : "estate_flow-backend"
}
{
  "timestamp" : "2026-09-02T01:24:05.7149206+03:00",
  "level" : "INFO",
  "message" : "HV000001: Hibernate Validator 9.0.1.Final",
  "service" : "estate_flow-backend"
}
{
  "timestamp" : "2026-09-02T01:24:05.7654857+03:00",
  "level" : "INFO",
  "message" : "Starting BackendApplication using Java 21.0.9 with PID 22864 (D:\\All materials\\Matrix\\Matrix (Java Programming)\\Graduation Project\\Real Estate App\\Real-Estate-App\\backend\\build\\classes\\java\\main started by PC in D:\\All materials\\Matrix\\Matrix (Java Programming)\\Graduation Project\\Real Estate App\\Real-Estate-App\\backend)",
  "service" : "estate_flow-backend"
}
{
  "timestamp" : "2026-09-02T01:24:05.7654857+03:00",
  "level" : "DEBUG",
  "message" : "Running with Spring Boot v4.0.6, Spring v7.0.7",
  "service" : "estate_flow-backend"
}
{
  "timestamp" : "2026-09-02T01:24:05.7665286+03:00",
  "level" : "INFO",
  "message" : "The following 1 profile is active: \"dev\"",
  "service" : "estate_flow-backend"
}
{
  "timestamp" : "2026-09-02T01:24:05.828527+03:00",
  "level" : "INFO",
  "message" : "Devtools property defaults active! Set 'spring.devtools.add-properties' to 'false' to disable",
  "service" : "estate_flow-backend"
}
{
  "timestamp" : "2026-09-02T01:24:05.828527+03:00",
  "level" : "INFO",
  "message" : "For additional web related logging consider setting the 'logging.level.web' property to 'DEBUG'",
  "service" : "estate_flow-backend"
}
{
  "timestamp" : "2026-09-02T01:24:07.1118584+03:00",
  "level" : "INFO",
  "message" : "Bootstrapping Spring Data JPA repositories in DEFAULT mode.",
  "service" : "estate_flow-backend"
}
{
  "timestamp" : "2026-09-02T01:24:07.2598919+03:00",
  "level" : "INFO",
  "message" : "Finished Spring Data repository scanning in 137 ms. Found 19 JPA repository interfaces.",
  "service" : "estate_flow-backend"
}
{
  "timestamp" : "2026-09-02T01:24:08.2796756+03:00",
  "level" : "INFO",
  "message" : "Tomcat initialized with port 8080 (http)",
  "service" : "estate_flow-backend"
}
{
  "timestamp" : "2026-09-02T01:24:08.3042033+03:00",
  "level" : "INFO",
  "message" : "Initializing ProtocolHandler [\"http-nio-8080\"]",
  "service" : "estate_flow-backend"
}
{
  "timestamp" : "2026-09-02T01:24:08.3072369+03:00",
  "level" : "INFO",
  "message" : "Starting service [Tomcat]",
  "service" : "estate_flow-backend"
}
{
  "timestamp" : "2026-09-02T01:24:08.3072369+03:00",
  "level" : "INFO",
  "message" : "Starting Servlet engine: [Apache Tomcat/11.0.21]",
  "service" : "estate_flow-backend"
}
{
  "timestamp" : "2026-09-02T01:24:08.3764069+03:00",
  "level" : "INFO",
  "message" : "Root WebApplicationContext: initialization completed in 2547 ms",
  "service" : "estate_flow-backend"
}
{
  "timestamp" : "2026-09-02T01:24:08.5315216+03:00",
  "level" : "INFO",
  "message" : "HikariPool-1 - Starting...",
  "service" : "estate_flow-backend"
}
{
  "timestamp" : "2026-09-02T01:24:08.7162747+03:00",
  "level" : "INFO",
  "message" : "HikariPool-1 - Added connection org.postgresql.jdbc.PgConnection@53b18461",
  "service" : "estate_flow-backend"
}
{
  "timestamp" : "2026-09-02T01:24:08.7172646+03:00",
  "level" : "INFO",
  "message" : "HikariPool-1 - Start completed.",
  "service" : "estate_flow-backend"
}
{
  "timestamp" : "2026-09-02T01:24:08.8802634+03:00",
  "level" : "INFO",
  "message" : "Set default schema name to public",
  "service" : "estate_flow-backend"
}
{
  "timestamp" : "2026-09-02T01:24:10.5143186+03:00",
  "level" : "INFO",
  "message" : "Reading resource: db/changelog/1.0/V1.0.00-create-users-table.sql",
  "service" : "estate_flow-backend"
}
{
  "timestamp" : "2026-09-02T01:24:10.6264279+03:00",
  "level" : "INFO",
  "message" : "Reading from public.databasechangelog",
  "service" : "estate_flow-backend"
}
{
  "timestamp" : "2026-09-02T01:24:10.6343892+03:00",
  "level" : "INFO",
  "message" : "Reading resource: db/changelog/1.0/V1.0.01-create-roles-table.sql",
  "service" : "estate_flow-backend"
}
{
  "timestamp" : "2026-09-02T01:24:10.6373887+03:00",
  "level" : "INFO",
  "message" : "Reading resource: db/changelog/1.0/V1.0.02-create-agencies-table.sql",
  "service" : "estate_flow-backend"
}
{
  "timestamp" : "2026-09-02T01:24:10.6403895+03:00",
  "level" : "INFO",
  "message" : "Reading resource: db/changelog/1.0/V1.0.03-create-categories-table.sql",
  "service" : "estate_flow-backend"
}
{
  "timestamp" : "2026-09-02T01:24:10.6423997+03:00",
  "level" : "INFO",
  "message" : "Reading resource: db/changelog/1.0/V1.0.04-create-subscription-plans-table.sql",
  "service" : "estate_flow-backend"
}
{
  "timestamp" : "2026-09-02T01:24:10.6461258+03:00",
  "level" : "INFO",
  "message" : "Reading resource: db/changelog/1.0/V1.0.05-create-user-roles-table.sql",
  "service" : "estate_flow-backend"
}
{
  "timestamp" : "2026-09-02T01:24:10.6481139+03:00",
  "level" : "INFO",
  "message" : "Reading resource: db/changelog/1.0/V1.0.06-create-agency-members-table.sql",
  "service" : "estate_flow-backend"
}
{
  "timestamp" : "2026-09-02T01:24:10.6511209+03:00",
  "level" : "INFO",
  "message" : "Reading resource: db/changelog/1.0/V1.0.07-create-agency-subscriptions-table.sql",
  "service" : "estate_flow-backend"
}
{
  "timestamp" : "2026-09-02T01:24:10.6551136+03:00",
  "level" : "INFO",
  "message" : "Reading resource: db/changelog/1.0/V1.0.08-create-properties-table.sql",
  "service" : "estate_flow-backend"
}
{
  "timestamp" : "2026-09-02T01:24:10.6591212+03:00",
  "level" : "INFO",
  "message" : "Reading resource: db/changelog/1.0/V1.0.09-create-media-files-table.sql",
  "service" : "estate_flow-backend"
}
{
  "timestamp" : "2026-09-02T01:24:10.66316+03:00",
  "level" : "INFO",
  "message" : "Reading resource: db/changelog/1.0/V1.0.10-create-favorites-table.sql",
  "service" : "estate_flow-backend"
}
{
  "timestamp" : "2026-09-02T01:24:10.6651505+03:00",
  "level" : "INFO",
  "message" : "Reading resource: db/changelog/1.0/V1.0.11-create-inquiries-table.sql",
  "service" : "estate_flow-backend"
}
{
  "timestamp" : "2026-09-02T01:24:10.6681517+03:00",
  "level" : "INFO",
  "message" : "Reading resource: db/changelog/1.0/V1.0.12-create-appointments-table.sql",
  "service" : "estate_flow-backend"
}
{
  "timestamp" : "2026-09-02T01:24:10.673118+03:00",
  "level" : "INFO",
  "message" : "Reading resource: db/changelog/1.0/V1.0.13-create-reviews-table.sql",
  "service" : "estate_flow-backend"
}
{
  "timestamp" : "2026-09-02T01:24:10.6771509+03:00",
  "level" : "INFO",
  "message" : "Reading resource: db/changelog/1.0/V1.0.14-create-refresh-tokens-table.sql",
  "service" : "estate_flow-backend"
}
{
  "timestamp" : "2026-09-02T01:24:10.6801533+03:00",
  "level" : "INFO",
  "message" : "Reading resource: db/changelog/1.0/V1.0.15-create-password-reset-tokens-table.sql",
  "service" : "estate_flow-backend"
}
{
  "timestamp" : "2026-09-02T01:24:10.6821505+03:00",
  "level" : "INFO",
  "message" : "Reading resource: db/changelog/1.0/V1.0.16-create-agency-media-table.sql",
  "service" : "estate_flow-backend"
}
{
  "timestamp" : "2026-09-02T01:24:10.6841139+03:00",
  "level" : "INFO",
  "message" : "Reading resource: db/changelog/1.0/V1.0.17-create-user-media-table.sql",
  "service" : "estate_flow-backend"
}
{
  "timestamp" : "2026-09-02T01:24:10.6871502+03:00",
  "level" : "INFO",
  "message" : "Reading resource: db/changelog/1.0/V1.0.18-create-property-media-table.sql",
  "service" : "estate_flow-backend"
}
{
  "timestamp" : "2026-09-02T01:24:10.690112+03:00",
  "level" : "INFO",
  "message" : "Reading resource: db/changelog/1.0/V1.0.19-create-password-reset-otp-table.sql",
  "service" : "estate_flow-backend"
}
{
  "timestamp" : "2026-09-02T01:24:10.8267863+03:00",
  "level" : "INFO",
  "message" : "Reading resource: db/changelog/2.0/V2.0.16-insert-default-categories.sql",
  "service" : "estate_flow-backend"
}
{
  "timestamp" : "2026-09-02T01:24:10.8298366+03:00",
  "level" : "INFO",
  "message" : "Reading resource: db/changelog/2.0/V2.0.17-insert-default-roles.sql",
  "service" : "estate_flow-backend"
}
{
  "timestamp" : "2026-09-02T01:24:10.8317857+03:00",
  "level" : "INFO",
  "message" : "Reading resource: db/changelog/2.0/V2.0.18-insert-default-subscription-plans.sql",
  "service" : "estate_flow-backend"
}
{
  "timestamp" : "2026-09-02T01:24:10.8348127+03:00",
  "level" : "INFO",
  "message" : "Reading resource: db/changelog/2.0/V2.0.19-add-agency-id-to-users-table.sql",
  "service" : "estate_flow-backend"
}
{
  "timestamp" : "2026-09-02T01:24:10.8458188+03:00",
  "level" : "INFO",
  "message" : "Reading resource: db/changelog/2.0/V2.0.20-change-role-name-from -inserted-roles.sql",
  "service" : "estate_flow-backend"
}
{
  "timestamp" : "2026-09-02T01:24:10.8478215+03:00",
  "level" : "INFO",
  "message" : "Reading resource: db/changelog/2.0/V2.0.21-insert-new-admin-role-ro-roles-table.sql",
  "service" : "estate_flow-backend"
}
{
  "timestamp" : "2026-09-02T01:24:10.856818+03:00",
  "level" : "INFO",
  "message" : "Reading resource: db/changelog/2.0/V2.0.22-insert-new-column-isDeleted-to-agencies-table.sql",
  "service" : "estate_flow-backend"
}
{
  "timestamp" : "2026-09-02T01:24:10.8597853+03:00",
  "level" : "INFO",
  "message" : "Reading resource: db/changelog/2.0/V2.0.23-insert-new-column-deleted-to-subscription-plans-table.sql",
  "service" : "estate_flow-backend"
}
{
  "timestamp" : "2026-09-02T01:24:10.8617845+03:00",
  "level" : "INFO",
  "message" : "Reading resource: db/changelog/2.0/V2.0.23-update-the-column-isDeleted-in-agencies-table.sql",
  "service" : "estate_flow-backend"
}
{
  "timestamp" : "2026-09-02T01:24:10.8697882+03:00",
  "level" : "INFO",
  "message" : "Reading resource: db/changelog/2.0/V2.0.25-insert-new-column-agency_id-to-inquiries-table.sql",
  "service" : "estate_flow-backend"
}
{
  "timestamp" : "2026-09-02T01:24:10.8727851+03:00",
  "level" : "INFO",
  "message" : "Reading resource: db/changelog/2.0/V2.0.26-remove-uniqueness-contraint-for-agency_id-in-inquiries-table.sql",
  "service" : "estate_flow-backend"
}
{
  "timestamp" : "2026-09-02T01:24:10.8827855+03:00",
  "level" : "INFO",
  "message" : "Reading resource: db/changelog/2.0/V2.0.27-insert-new-column-agency_id-to-appointments-table.sql",
  "service" : "estate_flow-backend"
}
{
  "timestamp" : "2026-09-02T01:24:10.8847858+03:00",
  "level" : "INFO",
  "message" : "Reading resource: db/changelog/2.0/V2.0.28-refactor-media-files-table-for-generic-media-storage.sql",
  "service" : "estate_flow-backend"
}
{
  "timestamp" : "2026-09-02T01:24:10.8868397+03:00",
  "level" : "INFO",
  "message" : "Reading resource: db/changelog/2.0/V2.0.29-remove-logo-url-from-agencies-table.sql",
  "service" : "estate_flow-backend"
}
{
  "timestamp" : "2026-09-02T01:24:10.8887926+03:00",
  "level" : "INFO",
  "message" : "Reading resource: db/changelog/2.0/V2.0.30-insert-new-column-deleted-to-categories-table.sql",
  "service" : "estate_flow-backend"
}
{
  "timestamp" : "2026-09-02T01:24:10.8907977+03:00",
  "level" : "INFO",
  "message" : "Reading resource: db/changelog/2.0/V2.0.31-insert-new-column-target-to-reviews-table.sql",
  "service" : "estate_flow-backend"
}
{
  "timestamp" : "2026-09-02T01:24:10.8927928+03:00",
  "level" : "INFO",
  "message" : "Reading resource: db/changelog/2.0/V2.0.32-insert-new-column-currency-to-properties-table.sql",
  "service" : "estate_flow-backend"
}
{
  "timestamp" : "2026-09-02T01:24:10.8938256+03:00",
  "level" : "INFO",
  "message" : "Reading resource: db/changelog/2.0/V2.0.33-insert-new-column-deleted-to-users-table.sql",
  "service" : "estate_flow-backend"
}
{
  "timestamp" : "2026-09-02T01:24:10.9528219+03:00",
  "level" : "INFO",
  "message" : "Database is up to date, no changesets to execute",
  "service" : "estate_flow-backend"
}
{
  "timestamp" : "2026-09-02T01:24:10.9547844+03:00",
  "level" : "INFO",
  "message" : "Reading from public.databasechangelog",
  "service" : "estate_flow-backend"
}
{
  "timestamp" : "2026-09-02T01:24:10.97951+03:00",
  "level" : "INFO",
  "message" : "UPDATE SUMMARY",
  "service" : "estate_flow-backend"
}
{
  "timestamp" : "2026-09-02T01:24:10.980511+03:00",
  "level" : "INFO",
  "message" : "Run:                          0",
  "service" : "estate_flow-backend"
}
{
  "timestamp" : "2026-09-02T01:24:10.980511+03:00",
  "level" : "INFO",
  "message" : "Previously run:              38",
  "service" : "estate_flow-backend"
}
{
  "timestamp" : "2026-09-02T01:24:10.980511+03:00",
  "level" : "INFO",
  "message" : "Filtered out:                 0",
  "service" : "estate_flow-backend"
}
{
  "timestamp" : "2026-09-02T01:24:10.9815198+03:00",
  "level" : "INFO",
  "message" : "-------------------------------",
  "service" : "estate_flow-backend"
}
{
  "timestamp" : "2026-09-02T01:24:10.9815198+03:00",
  "level" : "INFO",
  "message" : "Total change sets:           38",
  "service" : "estate_flow-backend"
}
{
  "timestamp" : "2026-09-02T01:24:10.9864565+03:00",
  "level" : "INFO",
  "message" : "Update summary generated",
  "service" : "estate_flow-backend"
}
{
  "timestamp" : "2026-09-02T01:24:10.987501+03:00",
  "level" : "INFO",
  "message" : "Command execution complete",
  "service" : "estate_flow-backend"
}
{
  "timestamp" : "2026-09-02T01:24:11.1672384+03:00",
  "level" : "INFO",
  "message" : "HHH008540: Processing PersistenceUnitInfo [name: default]",
  "service" : "estate_flow-backend"
}
{
  "timestamp" : "2026-09-02T01:24:11.2901139+03:00",
  "level" : "INFO",
  "message" : "HHH000001: Hibernate ORM core version 7.2.12.Final",
  "service" : "estate_flow-backend"
}
{
  "timestamp" : "2026-09-02T01:24:11.8754213+03:00",
  "level" : "INFO",
  "message" : "No LoadTimeWeaver setup: ignoring JPA class transformer",
  "service" : "estate_flow-backend"
}
{
  "timestamp" : "2026-09-02T01:24:11.942416+03:00",
  "level" : "WARN",
  "message" : "HHH90000025: PostgreSQLDialect does not need to be specified explicitly using 'hibernate.dialect' (remove the property setting and it will be selected by default)",
  "service" : "estate_flow-backend"
}
{
  "timestamp" : "2026-09-02T01:24:11.9654155+03:00",
  "level" : "INFO",
  "message" : "HHH10001005: Database info:\n\tDatabase JDBC URL [jdbc:postgresql://localhost:5432/real_estate_dev_db]\n\tDatabase driver: PostgreSQL JDBC Driver\n\tDatabase dialect: PostgreSQLDialect\n\tDatabase version: 18.3\n\tDefault catalog/schema: real_estate_dev_db/public\n\tAutocommit mode: undefined/unknown\n\tIsolation level: READ_COMMITTED [default READ_COMMITTED]\n\tJDBC fetch size: none\n\tPool: DataSourceConnectionProvider\n\tMinimum pool size: undefined/unknown\n\tMaximum pool size: undefined/unknown",
  "service" : "estate_flow-backend"
}
{
  "timestamp" : "2026-09-02T01:24:13.549093+03:00",
  "level" : "INFO",
  "message" : "HHH000489: No JTA platform available (set 'hibernate.transaction.jta.platform' to enable JTA platform integration)",
  "service" : "estate_flow-backend"
}
{
  "timestamp" : "2026-09-02T01:24:13.6070964+03:00",
  "level" : "INFO",
  "message" : "Initialized JPA EntityManagerFactory for persistence unit 'default'",
  "service" : "estate_flow-backend"
}
{
  "timestamp" : "2026-09-02T01:24:13.6870587+03:00",
  "level" : "INFO",
  "message" : "Hibernate is in classpath; If applicable, HQL parser will be used.",
  "service" : "estate_flow-backend"
}
{
  "timestamp" : "2026-09-02T01:24:14.6095838+03:00",
  "level" : "DEBUG",
  "message" : "Filter 'jwtAuthenticationFilter' configured for use",
  "service" : "estate_flow-backend"
}
{
  "timestamp" : "2026-09-02T01:24:14.6105773+03:00",
  "level" : "DEBUG",
  "message" : "Filter 'rateLimitFilter' configured for use",
  "service" : "estate_flow-backend"
}
{
  "timestamp" : "2026-09-02T01:24:14.6105773+03:00",
  "level" : "DEBUG",
  "message" : "Filter 'requestLoggingFilter' configured for use",
  "service" : "estate_flow-backend"
}
{
  "timestamp" : "2026-09-02T01:24:14.6105773+03:00",
  "level" : "DEBUG",
  "message" : "Filter 'mdcLoggingFilter' configured for use",
  "service" : "estate_flow-backend"
}
{
  "timestamp" : "2026-09-02T01:24:15.5352946+03:00",
  "level" : "INFO",
  "message" : "MinIO bucket 'estateflow' already exists",
  "service" : "estate_flow-backend"
}
{
  "timestamp" : "2026-09-02T01:24:15.9718248+03:00",
  "level" : "INFO",
  "message" : "Global AuthenticationManager configured with AuthenticationProvider bean with name authenticationProvider",
  "service" : "estate_flow-backend"
}
{
  "timestamp" : "2026-09-02T01:24:15.9718248+03:00",
  "level" : "WARN",
  "message" : "Global AuthenticationManager configured with an AuthenticationProvider bean. UserDetailsService beans will not be used by Spring Security for automatically configuring username/password login. Consider removing the AuthenticationProvider bean. Alternatively, consider using the UserDetailsService in a manually instantiated DaoAuthenticationProvider. If the current configuration is intentional, to turn off this warning, increase the logging level of 'org.springframework.security.config.annotation.authentication.configuration.InitializeUserDetailsBeanManagerConfigurer' to ERROR",
  "service" : "estate_flow-backend"
}
{
  "timestamp" : "2026-09-02T01:24:16.3133709+03:00",
  "level" : "WARN",
  "message" : "spring.jpa.open-in-view is enabled by default. Therefore, database queries may be performed during view rendering. Explicitly configure spring.jpa.open-in-view to disable this warning",
  "service" : "estate_flow-backend"
}
{
  "timestamp" : "2026-09-02T01:24:16.5833705+03:00",
  "level" : "DEBUG",
  "message" : "Will secure any request with filters: DisableEncodeUrlFilter, WebAsyncManagerIntegrationFilter, SecurityContextHolderFilter, HeaderWriterFilter, CorsFilter, LogoutFilter, JwtAuthenticationFilter, MdcLoggingFilter, RateLimitFilter, RequestLoggingFilter, RequestCacheAwareFilter, SecurityContextHolderAwareRequestFilter, AnonymousAuthenticationFilter, SessionManagementFilter, ExceptionTranslationFilter, AuthorizationFilter",
  "service" : "estate_flow-backend"
}
{
  "timestamp" : "2026-09-02T01:24:17.1412656+03:00",
  "level" : "INFO",
  "message" : "Starting ProtocolHandler [\"http-nio-8080\"]",
  "service" : "estate_flow-backend"
}
{
  "timestamp" : "2026-09-02T01:24:17.1814043+03:00",
  "level" : "INFO",
  "message" : "Tomcat started on port 8080 (http) with context path '/api'",
  "service" : "estate_flow-backend"
}
{
  "timestamp" : "2026-09-02T01:24:17.1913801+03:00",
  "level" : "INFO",
  "message" : "Started BackendApplication in 12.398 seconds (process running for 13.442)",
  "service" : "estate_flow-backend"
}
{
  "timestamp" : "2026-09-02T01:24:38.0486944+03:00",
  "level" : "INFO",
  "message" : "Initializing Spring DispatcherServlet 'dispatcherServlet'",
  "service" : "estate_flow-backend"
}
{
  "timestamp" : "2026-09-02T01:24:38.0486944+03:00",
  "level" : "INFO",
  "message" : "Initializing Servlet 'dispatcherServlet'",
  "service" : "estate_flow-backend"
}
{
  "timestamp" : "2026-09-02T01:24:38.0506948+03:00",
  "level" : "INFO",
  "message" : "Completed initialization in 2 ms",
  "service" : "estate_flow-backend"
}
{
  "timestamp" : "2026-09-02T01:24:38.0636949+03:00",
  "level" : "DEBUG",
  "message" : "Securing PUT /admin/agencies/baa4ec8f-6136-4256-a669-578bfa741a5e",
  "service" : "estate_flow-backend"
}
{
  "timestamp" : "2026-09-02T01:24:38.3881207+03:00",
  "level" : "DEBUG",
  "message" : "\r\n    select\r\n        ue1_0.id,\r\n        ue1_0.agency_id,\r\n        ue1_0.created_at,\r\n        ue1_0.deleted,\r\n        ue1_0.email,\r\n        ue1_0.email_verified,\r\n        ue1_0.enabled,\r\n        ue1_0.full_name,\r\n        ue1_0.password_hash,\r\n        ue1_0.phone_number,\r\n        r1_0.user_id,\r\n        r1_1.id,\r\n        r1_1.description,\r\n        r1_1.name,\r\n        ue1_0.updated_at \r\n    from\r\n        users ue1_0 \r\n    left join\r\n        user_roles r1_0 \r\n            on ue1_0.id=r1_0.user_id \r\n    left join\r\n        roles r1_1 \r\n            on r1_1.id=r1_0.role_id \r\n    where\r\n        ue1_0.email=?",
  "service" : "estate_flow-backend"
}
{
  "timestamp" : "2026-09-02T01:24:38.4405661+03:00",
  "level" : "DEBUG",
  "message" : "\r\n    select\r\n        ume1_0.id,\r\n        ume1_0.created_at,\r\n        ume1_0.is_primary,\r\n        ume1_0.media_id,\r\n        ume1_0.purpose,\r\n        ume1_0.user_id \r\n    from\r\n        user_media ume1_0 \r\n    where\r\n        ume1_0.user_id=?",
  "service" : "estate_flow-backend"
}
{
  "timestamp" : "2026-09-02T01:24:38.4872251+03:00",
  "level" : "DEBUG",
  "message" : "Rate limit check passed: policy=GENERAL, remainingTokens=99",
  "service" : "estate_flow-backend",
  "path" : "/api/admin/agencies/baa4ec8f-6136-4256-a669-578bfa741a5e",
  "correlationId" : "d28802c6-86ea-4d07-9f11-e86a530b5720",
  "actorId" : "hesenovelsen@gmail.com",
  "method" : "PUT",
  "actorRole" : "ROLE_SUPER_ADMIN"
}
{
  "timestamp" : "2026-09-02T01:24:38.4902231+03:00",
  "level" : "DEBUG",
  "message" : "Secured PUT /admin/agencies/baa4ec8f-6136-4256-a669-578bfa741a5e",
  "service" : "estate_flow-backend",
  "path" : "/api/admin/agencies/baa4ec8f-6136-4256-a669-578bfa741a5e",
  "correlationId" : "d28802c6-86ea-4d07-9f11-e86a530b5720",
  "actorId" : "hesenovelsen@gmail.com",
  "method" : "PUT",
  "actorRole" : "ROLE_SUPER_ADMIN"
}
{
  "timestamp" : "2026-09-02T01:24:38.6421915+03:00",
  "level" : "DEBUG",
  "message" : "Authorizing method invocation ReflectiveMethodInvocation: public org.springframework.http.ResponseEntity com.realestate.backend.controller.AdminAgencyController.updateAgency(java.util.UUID,com.realestate.backend.dto.request.UpdateAgencyRequest); target is of class [com.realestate.backend.controller.AdminAgencyController]",
  "service" : "estate_flow-backend",
  "path" : "/api/admin/agencies/baa4ec8f-6136-4256-a669-578bfa741a5e",
  "correlationId" : "d28802c6-86ea-4d07-9f11-e86a530b5720",
  "actorId" : "hesenovelsen@gmail.com",
  "method" : "PUT",
  "actorRole" : "ROLE_SUPER_ADMIN"
}
{
  "timestamp" : "2026-09-02T01:24:38.6531919+03:00",
  "level" : "DEBUG",
  "message" : "Authorized method invocation ReflectiveMethodInvocation: public org.springframework.http.ResponseEntity com.realestate.backend.controller.AdminAgencyController.updateAgency(java.util.UUID,com.realestate.backend.dto.request.UpdateAgencyRequest); target is of class [com.realestate.backend.controller.AdminAgencyController]",
  "service" : "estate_flow-backend",
  "path" : "/api/admin/agencies/baa4ec8f-6136-4256-a669-578bfa741a5e",
  "correlationId" : "d28802c6-86ea-4d07-9f11-e86a530b5720",
  "actorId" : "hesenovelsen@gmail.com",
  "method" : "PUT",
  "actorRole" : "ROLE_SUPER_ADMIN"
}
{
  "timestamp" : "2026-09-02T01:24:38.6712396+03:00",
  "level" : "DEBUG",
  "message" : "\r\n    select\r\n        ae1_0.id,\r\n        ae1_0.address,\r\n        ae1_0.city,\r\n        ae1_0.created_at,\r\n        ae1_0.description,\r\n        ae1_0.email,\r\n        ae1_0.is_deleted,\r\n        lu1_0.id,\r\n        lu1_0.agency_id,\r\n        lu1_0.created_at,\r\n        lu1_0.is_primary,\r\n        lu1_0.media_id,\r\n        lu1_0.purpose,\r\n        ae1_0.name,\r\n        ae1_0.phone_number,\r\n        ae1_0.status,\r\n        ae1_0.updated_at,\r\n        ae1_0.website \r\n    from\r\n        agencies ae1_0 \r\n    left join\r\n        agency_media lu1_0 \r\n            on ae1_0.id=lu1_0.agency_id \r\n    where\r\n        ae1_0.id=?",
  "service" : "estate_flow-backend",
  "path" : "/api/admin/agencies/baa4ec8f-6136-4256-a669-578bfa741a5e",
  "correlationId" : "d28802c6-86ea-4d07-9f11-e86a530b5720",
  "actorId" : "hesenovelsen@gmail.com",
  "method" : "PUT",
  "actorRole" : "ROLE_SUPER_ADMIN"
}
{
  "timestamp" : "2026-09-02T01:24:38.702223+03:00",
  "level" : "DEBUG",
  "message" : "\r\n    select\r\n        ae1_0.id \r\n    from\r\n        agencies ae1_0 \r\n    where\r\n        ae1_0.email=? \r\n    fetch\r\n        first ? rows only",
  "service" : "estate_flow-backend",
  "path" : "/api/admin/agencies/baa4ec8f-6136-4256-a669-578bfa741a5e",
  "correlationId" : "d28802c6-86ea-4d07-9f11-e86a530b5720",
  "actorId" : "hesenovelsen@gmail.com",
  "method" : "PUT",
  "actorRole" : "ROLE_SUPER_ADMIN"
}
{
  "timestamp" : "2026-09-02T01:24:38.7112241+03:00",
  "level" : "INFO",
  "message" : "agency_updated",
  "service" : "estate_flow-backend",
  "path" : "/api/admin/agencies/baa4ec8f-6136-4256-a669-578bfa741a5e",
  "correlationId" : "d28802c6-86ea-4d07-9f11-e86a530b5720",
  "actorId" : "hesenovelsen@gmail.com",
  "method" : "PUT",
  "actorRole" : "ROLE_SUPER_ADMIN"
}
{
  "timestamp" : "2026-09-02T01:24:38.7882101+03:00",
  "level" : "INFO",
  "message" : "request_completed",
  "service" : "estate_flow-backend",
  "path" : "/api/admin/agencies/baa4ec8f-6136-4256-a669-578bfa741a5e",
  "correlationId" : "d28802c6-86ea-4d07-9f11-e86a530b5720",
  "actorId" : "hesenovelsen@gmail.com",
  "method" : "PUT",
  "actorRole" : "ROLE_SUPER_ADMIN",
  "status" : 200,
  "durationMs" : 298
}
{
  "timestamp" : "2026-09-02T01:42:14.6886959+03:00",
  "level" : "DEBUG",
  "message" : "Securing GET /swagger-ui/index.html",
  "service" : "estate_flow-backend"
}
{
  "timestamp" : "2026-09-02T01:42:14.8714189+03:00",
  "level" : "DEBUG",
  "message" : "Rate limit check passed: policy=GENERAL, remainingTokens=99",
  "service" : "estate_flow-backend",
  "method" : "GET",
  "path" : "/api/swagger-ui/index.html",
  "correlationId" : "aab9bec6-600d-4a2b-93f2-31637fce1a59"
}
{
  "timestamp" : "2026-09-02T01:42:14.9274006+03:00",
  "level" : "DEBUG",
  "message" : "Set SecurityContextHolder to anonymous SecurityContext",
  "service" : "estate_flow-backend",
  "method" : "GET",
  "path" : "/api/swagger-ui/index.html",
  "correlationId" : "aab9bec6-600d-4a2b-93f2-31637fce1a59"
}
{
  "timestamp" : "2026-09-02T01:42:14.9334003+03:00",
  "level" : "DEBUG",
  "message" : "Secured GET /swagger-ui/index.html",
  "service" : "estate_flow-backend",
  "method" : "GET",
  "path" : "/api/swagger-ui/index.html",
  "correlationId" : "aab9bec6-600d-4a2b-93f2-31637fce1a59"
}
{
  "timestamp" : "2026-09-02T01:42:15.9146683+03:00",
  "level" : "INFO",
  "message" : "request_completed",
  "service" : "estate_flow-backend",
  "method" : "GET",
  "path" : "/api/swagger-ui/index.html",
  "correlationId" : "aab9bec6-600d-4a2b-93f2-31637fce1a59",
  "status" : 200,
  "durationMs" : 1036
}
{
  "timestamp" : "2026-09-02T01:42:15.9176701+03:00",
  "level" : "DEBUG",
  "message" : "Securing GET /swagger-ui/swagger-ui.css",
  "service" : "estate_flow-backend"
}
{
  "timestamp" : "2026-09-02T01:42:15.9186708+03:00",
  "level" : "DEBUG",
  "message" : "Rate limit check passed: policy=GENERAL, remainingTokens=99",
  "service" : "estate_flow-backend",
  "method" : "GET",
  "path" : "/api/swagger-ui/swagger-ui.css",
  "correlationId" : "d147e0c0-3851-4e43-a4af-4bf42aba4858"
}
{
  "timestamp" : "2026-09-02T01:42:15.9186708+03:00",
  "level" : "DEBUG",
  "message" : "Set SecurityContextHolder to anonymous SecurityContext",
  "service" : "estate_flow-backend",
  "method" : "GET",
  "path" : "/api/swagger-ui/swagger-ui.css",
  "correlationId" : "d147e0c0-3851-4e43-a4af-4bf42aba4858"
}
{
  "timestamp" : "2026-09-02T01:42:15.9186708+03:00",
  "level" : "DEBUG",
  "message" : "Secured GET /swagger-ui/swagger-ui.css",
  "service" : "estate_flow-backend",
  "method" : "GET",
  "path" : "/api/swagger-ui/swagger-ui.css",
  "correlationId" : "d147e0c0-3851-4e43-a4af-4bf42aba4858"
}
{
  "timestamp" : "2026-09-02T01:42:15.9246722+03:00",
  "level" : "DEBUG",
  "message" : "Securing GET /swagger-ui/index.css",
  "service" : "estate_flow-backend"
}
{
  "timestamp" : "2026-09-02T01:42:15.9256715+03:00",
  "level" : "DEBUG",
  "message" : "Securing GET /swagger-ui/swagger-ui-bundle.js",
  "service" : "estate_flow-backend"
}
{
  "timestamp" : "2026-09-02T01:42:15.9256715+03:00",
  "level" : "DEBUG",
  "message" : "Rate limit check passed: policy=GENERAL, remainingTokens=98",
  "service" : "estate_flow-backend",
  "method" : "GET",
  "path" : "/api/swagger-ui/index.css",
  "correlationId" : "460db964-9d82-4b87-b65d-613bf5a61f1d"
}
{
  "timestamp" : "2026-09-02T01:42:15.9266712+03:00",
  "level" : "DEBUG",
  "message" : "Set SecurityContextHolder to anonymous SecurityContext",
  "service" : "estate_flow-backend",
  "method" : "GET",
  "path" : "/api/swagger-ui/index.css",
  "correlationId" : "460db964-9d82-4b87-b65d-613bf5a61f1d"
}
{
  "timestamp" : "2026-09-02T01:42:15.9266712+03:00",
  "level" : "DEBUG",
  "message" : "Rate limit check passed: policy=GENERAL, remainingTokens=97",
  "service" : "estate_flow-backend",
  "method" : "GET",
  "path" : "/api/swagger-ui/swagger-ui-bundle.js",
  "correlationId" : "22c145b5-6ae9-4137-b68f-90e44632c652"
}
{
  "timestamp" : "2026-09-02T01:42:15.9266712+03:00",
  "level" : "DEBUG",
  "message" : "Set SecurityContextHolder to anonymous SecurityContext",
  "service" : "estate_flow-backend",
  "method" : "GET",
  "path" : "/api/swagger-ui/swagger-ui-bundle.js",
  "correlationId" : "22c145b5-6ae9-4137-b68f-90e44632c652"
}
{
    "timestamp" : "2026-09-02T01:42:15.9276696+03:00",
    "level" : "DEBUG",
    "message" : "Secured GET /swagger-ui/swagger-ui-bundle.js",
    "service" : "estate_flow-backend",
    "method" : "GET",
    "path" : "/api/swagger-ui/swagger-ui-bundle.js",
    "correlationId" : "22c145b5-6ae9-4137-b68f-90e44632c652"
  }
{
    "timestamp" : "2026-09-02T01:42:15.9276696+03:00",
    "level" : "DEBUG",
    "message" : "Secured GET /swagger-ui/index.css",
    "service" : "estate_flow-backend",
  "method" : "GET",
  "path" : "/api/swagger-ui/index.css",
  "correlationId" : "460db964-9d82-4b87-b65d-613bf5a61f1d"
}
{
  "timestamp" : "2026-09-02T01:42:15.9507628+03:00",
  "level" : "INFO",
  "message" : "request_completed",
  "service" : "estate_flow-backend",
  "method" : "GET",
  "path" : "/api/swagger-ui/swagger-ui.css",
  "correlationId" : "d147e0c0-3851-4e43-a4af-4bf42aba4858",
  "status" : 200,
  "durationMs" : 32
}
{
  "timestamp" : "2026-09-02T01:42:15.9616697+03:00",
  "level" : "INFO",
  "message" : "request_completed",
  "service" : "estate_flow-backend",
  "method" : "GET",
  "path" : "/api/swagger-ui/index.css",
  "correlationId" : "460db964-9d82-4b87-b65d-613bf5a61f1d",
  "status" : 200,
  "durationMs" : 35
}
{
  "timestamp" : "2026-09-02T01:42:15.9626713+03:00",
  "level" : "DEBUG",
  "message" : "Securing GET /swagger-ui/swagger-ui-standalone-preset.js",
  "service" : "estate_flow-backend"
}
{
  "timestamp" : "2026-09-02T01:42:15.9646714+03:00",
  "level" : "DEBUG",
  "message" : "Rate limit check passed: policy=GENERAL, remainingTokens=96",
  "service" : "estate_flow-backend",
  "method" : "GET",
  "path" : "/api/swagger-ui/swagger-ui-standalone-preset.js",
  "correlationId" : "579237a7-d79d-44ea-bb74-aa498cf4bb9c"
}
{
  "timestamp" : "2026-09-02T01:42:15.9646714+03:00",
  "level" : "DEBUG",
  "message" : "Set SecurityContextHolder to anonymous SecurityContext",
  "service" : "estate_flow-backend",
  "method" : "GET",
  "path" : "/api/swagger-ui/swagger-ui-standalone-preset.js",
  "correlationId" : "579237a7-d79d-44ea-bb74-aa498cf4bb9c"
}
{
  "timestamp" : "2026-09-02T01:42:15.9656725+03:00",
  "level" : "DEBUG",
  "message" : "Secured GET /swagger-ui/swagger-ui-standalone-preset.js",
  "service" : "estate_flow-backend",
  "method" : "GET",
  "path" : "/api/swagger-ui/swagger-ui-standalone-preset.js",
  "correlationId" : "579237a7-d79d-44ea-bb74-aa498cf4bb9c"
}
{
  "timestamp" : "2026-09-02T01:42:15.9706703+03:00",
  "level" : "DEBUG",
  "message" : "Securing GET /swagger-ui/swagger-initializer.js",
  "service" : "estate_flow-backend"
}
{
  "timestamp" : "2026-09-02T01:42:15.9716704+03:00",
  "level" : "DEBUG",
  "message" : "Rate limit check passed: policy=GENERAL, remainingTokens=95",
  "service" : "estate_flow-backend",
  "method" : "GET",
  "path" : "/api/swagger-ui/swagger-initializer.js",
  "correlationId" : "fb5d8fc4-26e5-4644-ab3c-8c8e9799389c"
}
{
  "timestamp" : "2026-09-02T01:42:15.9716704+03:00",
  "level" : "DEBUG",
  "message" : "Set SecurityContextHolder to anonymous SecurityContext",
  "service" : "estate_flow-backend",
  "method" : "GET",
  "path" : "/api/swagger-ui/swagger-initializer.js",
  "correlationId" : "fb5d8fc4-26e5-4644-ab3c-8c8e9799389c"
}
{
  "timestamp" : "2026-09-02T01:42:15.9716704+03:00",
  "level" : "DEBUG",
  "message" : "Secured GET /swagger-ui/swagger-initializer.js",
  "service" : "estate_flow-backend",
  "method" : "GET",
  "path" : "/api/swagger-ui/swagger-initializer.js",
  "correlationId" : "fb5d8fc4-26e5-4644-ab3c-8c8e9799389c"
}
{
  "timestamp" : "2026-09-02T01:42:15.9736702+03:00",
  "level" : "INFO",
  "message" : "request_completed",
  "service" : "estate_flow-backend",
  "method" : "GET",
  "path" : "/api/swagger-ui/swagger-ui-bundle.js",
  "correlationId" : "22c145b5-6ae9-4137-b68f-90e44632c652",
  "status" : 200,
  "durationMs" : 47
}
{
  "timestamp" : "2026-09-02T01:42:15.9856697+03:00",
  "level" : "INFO",
  "message" : "request_completed",
  "service" : "estate_flow-backend",
  "method" : "GET",
  "path" : "/api/swagger-ui/swagger-ui-standalone-preset.js",
  "correlationId" : "579237a7-d79d-44ea-bb74-aa498cf4bb9c",
  "status" : 200,
  "durationMs" : 21
}
{
  "timestamp" : "2026-09-02T01:42:16.4862987+03:00",
  "level" : "INFO",
  "message" : "request_completed",
  "service" : "estate_flow-backend",
  "method" : "GET",
  "path" : "/api/swagger-ui/swagger-initializer.js",
  "correlationId" : "fb5d8fc4-26e5-4644-ab3c-8c8e9799389c",
  "status" : 200,
  "durationMs" : 515
}
{
  "timestamp" : "2026-09-02T01:42:16.542301+03:00",
  "level" : "DEBUG",
  "message" : "Securing GET /api-docs/swagger-config",
  "service" : "estate_flow-backend"
}
{
  "timestamp" : "2026-09-02T01:42:16.5472994+03:00",
  "level" : "DEBUG",
  "message" : "Rate limit check passed: policy=GENERAL, remainingTokens=95",
  "service" : "estate_flow-backend",
  "method" : "GET",
  "path" : "/api/api-docs/swagger-config",
  "correlationId" : "4fe0b7cf-309e-413e-a0a4-26b794dffd1d"
}
{
  "timestamp" : "2026-09-02T01:42:16.5472994+03:00",
  "level" : "DEBUG",
  "message" : "Set SecurityContextHolder to anonymous SecurityContext",
  "service" : "estate_flow-backend",
  "method" : "GET",
  "path" : "/api/api-docs/swagger-config",
  "correlationId" : "4fe0b7cf-309e-413e-a0a4-26b794dffd1d"
}
{
  "timestamp" : "2026-09-02T01:42:16.5483023+03:00",
  "level" : "DEBUG",
  "message" : "Secured GET /api-docs/swagger-config",
  "service" : "estate_flow-backend",
  "method" : "GET",
  "path" : "/api/api-docs/swagger-config",
  "correlationId" : "4fe0b7cf-309e-413e-a0a4-26b794dffd1d"
}
{
  "timestamp" : "2026-09-02T01:42:16.7882985+03:00",
  "level" : "INFO",
  "message" : "request_completed",
  "service" : "estate_flow-backend",
  "method" : "GET",
  "path" : "/api/api-docs/swagger-config",
  "correlationId" : "4fe0b7cf-309e-413e-a0a4-26b794dffd1d",
  "status" : 200,
  "durationMs" : 241
}
{
  "timestamp" : "2026-09-02T01:42:16.8692991+03:00",
  "level" : "DEBUG",
  "message" : "Securing GET /api-docs",
  "service" : "estate_flow-backend"
}
{
  "timestamp" : "2026-09-02T01:42:16.8712997+03:00",
  "level" : "DEBUG",
  "message" : "Rate limit check passed: policy=GENERAL, remainingTokens=94",
  "service" : "estate_flow-backend",
  "method" : "GET",
  "path" : "/api/api-docs",
  "correlationId" : "7ea23785-2a0a-48c2-b3f9-8cf02dfbe61d"
}
{
  "timestamp" : "2026-09-02T01:42:16.8723005+03:00",
  "level" : "DEBUG",
  "message" : "Set SecurityContextHolder to anonymous SecurityContext",
  "service" : "estate_flow-backend",
  "method" : "GET",
  "path" : "/api/api-docs",
  "correlationId" : "7ea23785-2a0a-48c2-b3f9-8cf02dfbe61d"
}
{
  "timestamp" : "2026-09-02T01:42:16.875298+03:00",
  "level" : "DEBUG",
  "message" : "Secured GET /api-docs",
  "service" : "estate_flow-backend",
  "method" : "GET",
  "path" : "/api/api-docs",
  "correlationId" : "7ea23785-2a0a-48c2-b3f9-8cf02dfbe61d"
}
{
  "timestamp" : "2026-09-02T01:42:22.8482992+03:00",
  "level" : "INFO",
  "message" : "Init duration for springdoc-openapi is: 5620 ms",
  "service" : "estate_flow-backend",
  "method" : "GET",
  "path" : "/api/api-docs",
  "correlationId" : "7ea23785-2a0a-48c2-b3f9-8cf02dfbe61d"
}
{
  "timestamp" : "2026-09-02T01:42:22.9043014+03:00",
  "level" : "INFO",
  "message" : "request_completed",
  "service" : "estate_flow-backend",
  "method" : "GET",
  "path" : "/api/api-docs",
  "correlationId" : "7ea23785-2a0a-48c2-b3f9-8cf02dfbe61d",
  "status" : 200,
  "durationMs" : 6032
}
{
  "timestamp" : "2026-09-02T01:50:33.1095798+03:00",
  "level" : "INFO",
  "message" : "Commencing graceful shutdown. Waiting for active requests to complete",
  "service" : "estate_flow-backend"
}
{
  "timestamp" : "2026-09-02T01:50:33.3492924+03:00",
  "level" : "INFO",
  "message" : "Graceful shutdown complete",
  "service" : "estate_flow-backend"
}
{
  "timestamp" : "2026-09-02T01:50:33.7361694+03:00",
  "level" : "INFO",
  "message" : "Closing JPA EntityManagerFactory for persistence unit 'default'",
  "service" : "estate_flow-backend"
}
{
  "timestamp" : "2026-09-02T01:50:34.1662801+03:00",
  "level" : "INFO",
  "message" : "HikariPool-1 - Shutdown initiated...",
  "service" : "estate_flow-backend"
}
{
  "timestamp" : "2026-09-02T01:50:34.3013053+03:00",
  "level" : "INFO",
  "message" : "HikariPool-1 - Shutdown completed.",
  "service" : "estate_flow-backend"
}
{
  "timestamp" : "2026-09-02T01:50:45.8395362+03:00",
  "level" : "INFO",
  "message" : "HV000001: Hibernate Validator 9.0.1.Final",
  "service" : "estate_flow-backend"
}
{
  "timestamp" : "2026-09-02T01:50:45.9449099+03:00",
  "level" : "INFO",
  "message" : "Starting BackendApplication using Java 21.0.9 with PID 26928 (D:\\All materials\\Matrix\\Matrix (Java Programming)\\Graduation Project\\Real Estate App\\Real-Estate-App\\backend\\build\\classes\\java\\main started by PC in D:\\All materials\\Matrix\\Matrix (Java Programming)\\Graduation Project\\Real Estate App\\Real-Estate-App\\backend)",
  "service" : "estate_flow-backend"
}
{
  "timestamp" : "2026-09-02T01:50:45.945907+03:00",
  "level" : "DEBUG",
  "message" : "Running with Spring Boot v4.0.6, Spring v7.0.7",
  "service" : "estate_flow-backend"
}
{
  "timestamp" : "2026-09-02T01:50:45.9478726+03:00",
  "level" : "INFO",
  "message" : "The following 1 profile is active: \"dev\"",
  "service" : "estate_flow-backend"
}
{
  "timestamp" : "2026-09-02T01:50:46.0356707+03:00",
  "level" : "INFO",
  "message" : "Devtools property defaults active! Set 'spring.devtools.add-properties' to 'false' to disable",
  "service" : "estate_flow-backend"
}
{
  "timestamp" : "2026-09-02T01:50:46.0356707+03:00",
  "level" : "INFO",
  "message" : "For additional web related logging consider setting the 'logging.level.web' property to 'DEBUG'",
  "service" : "estate_flow-backend"
}
{
  "timestamp" : "2026-09-02T01:50:47.5695156+03:00",
  "level" : "INFO",
  "message" : "Bootstrapping Spring Data JPA repositories in DEFAULT mode.",
  "service" : "estate_flow-backend"
}
{
  "timestamp" : "2026-09-02T01:50:47.7084787+03:00",
  "level" : "INFO",
  "message" : "Finished Spring Data repository scanning in 127 ms. Found 19 JPA repository interfaces.",
  "service" : "estate_flow-backend"
}
{
  "timestamp" : "2026-09-02T01:50:48.7258399+03:00",
  "level" : "INFO",
  "message" : "Tomcat initialized with port 8080 (http)",
  "service" : "estate_flow-backend"
}
{
  "timestamp" : "2026-09-02T01:50:48.749997+03:00",
  "level" : "INFO",
  "message" : "Initializing ProtocolHandler [\"http-nio-8080\"]",
  "service" : "estate_flow-backend"
}
{
  "timestamp" : "2026-09-02T01:50:48.7520079+03:00",
  "level" : "INFO",
  "message" : "Starting service [Tomcat]",
  "service" : "estate_flow-backend"
}
{
  "timestamp" : "2026-09-02T01:50:48.7530051+03:00",
  "level" : "INFO",
  "message" : "Starting Servlet engine: [Apache Tomcat/11.0.21]",
  "service" : "estate_flow-backend"
}
{
  "timestamp" : "2026-09-02T01:50:48.8620043+03:00",
  "level" : "INFO",
  "message" : "Root WebApplicationContext: initialization completed in 2827 ms",
  "service" : "estate_flow-backend"
}
{
  "timestamp" : "2026-09-02T01:50:49.0380093+03:00",
  "level" : "INFO",
  "message" : "HikariPool-1 - Starting...",
  "service" : "estate_flow-backend"
}
{
  "timestamp" : "2026-09-02T01:50:49.278008+03:00",
  "level" : "INFO",
  "message" : "HikariPool-1 - Added connection org.postgresql.jdbc.PgConnection@5a8a0f7c",
  "service" : "estate_flow-backend"
}
{
  "timestamp" : "2026-09-02T01:50:49.2800082+03:00",
  "level" : "INFO",
  "message" : "HikariPool-1 - Start completed.",
  "service" : "estate_flow-backend"
}
{
  "timestamp" : "2026-09-02T01:50:49.4940136+03:00",
  "level" : "INFO",
  "message" : "Set default schema name to public",
  "service" : "estate_flow-backend"
}
{
  "timestamp" : "2026-09-02T01:50:51.9814321+03:00",
  "level" : "INFO",
  "message" : "Reading resource: db/changelog/1.0/V1.0.00-create-users-table.sql",
  "service" : "estate_flow-backend"
}
{
  "timestamp" : "2026-09-02T01:50:52.1112369+03:00",
  "level" : "INFO",
  "message" : "Reading from public.databasechangelog",
  "service" : "estate_flow-backend"
}
{
  "timestamp" : "2026-09-02T01:50:52.1352054+03:00",
  "level" : "INFO",
  "message" : "Reading resource: db/changelog/1.0/V1.0.01-create-roles-table.sql",
  "service" : "estate_flow-backend"
}
{
  "timestamp" : "2026-09-02T01:50:52.1392041+03:00",
  "level" : "INFO",
  "message" : "Reading resource: db/changelog/1.0/V1.0.02-create-agencies-table.sql",
  "service" : "estate_flow-backend"
}
{
  "timestamp" : "2026-09-02T01:50:52.1441647+03:00",
  "level" : "INFO",
  "message" : "Reading resource: db/changelog/1.0/V1.0.03-create-categories-table.sql",
  "service" : "estate_flow-backend"
}
{
  "timestamp" : "2026-09-02T01:50:52.1495674+03:00",
  "level" : "INFO",
  "message" : "Reading resource: db/changelog/1.0/V1.0.04-create-subscription-plans-table.sql",
  "service" : "estate_flow-backend"
}
{
  "timestamp" : "2026-09-02T01:50:52.1525623+03:00",
  "level" : "INFO",
  "message" : "Reading resource: db/changelog/1.0/V1.0.05-create-user-roles-table.sql",
  "service" : "estate_flow-backend"
}
{
  "timestamp" : "2026-09-02T01:50:52.1565959+03:00",
  "level" : "INFO",
  "message" : "Reading resource: db/changelog/1.0/V1.0.06-create-agency-members-table.sql",
  "service" : "estate_flow-backend"
}
{
  "timestamp" : "2026-09-02T01:50:52.1595611+03:00",
  "level" : "INFO",
  "message" : "Reading resource: db/changelog/1.0/V1.0.07-create-agency-subscriptions-table.sql",
  "service" : "estate_flow-backend"
}
{
  "timestamp" : "2026-09-02T01:50:52.1645624+03:00",
  "level" : "INFO",
  "message" : "Reading resource: db/changelog/1.0/V1.0.08-create-properties-table.sql",
  "service" : "estate_flow-backend"
}
{
  "timestamp" : "2026-09-02T01:50:52.1695619+03:00",
  "level" : "INFO",
  "message" : "Reading resource: db/changelog/1.0/V1.0.09-create-media-files-table.sql",
  "service" : "estate_flow-backend"
}
{
  "timestamp" : "2026-09-02T01:50:52.1730931+03:00",
  "level" : "INFO",
  "message" : "Reading resource: db/changelog/1.0/V1.0.10-create-favorites-table.sql",
  "service" : "estate_flow-backend"
}
{
  "timestamp" : "2026-09-02T01:50:52.1777504+03:00",
  "level" : "INFO",
  "message" : "Reading resource: db/changelog/1.0/V1.0.11-create-inquiries-table.sql",
  "service" : "estate_flow-backend"
}
{
  "timestamp" : "2026-09-02T01:50:52.1807508+03:00",
  "level" : "INFO",
  "message" : "Reading resource: db/changelog/1.0/V1.0.12-create-appointments-table.sql",
  "service" : "estate_flow-backend"
}
{
  "timestamp" : "2026-09-02T01:50:52.1858105+03:00",
  "level" : "INFO",
  "message" : "Reading resource: db/changelog/1.0/V1.0.13-create-reviews-table.sql",
  "service" : "estate_flow-backend"
}
{
  "timestamp" : "2026-09-02T01:50:52.1913273+03:00",
  "level" : "INFO",
  "message" : "Reading resource: db/changelog/1.0/V1.0.14-create-refresh-tokens-table.sql",
  "service" : "estate_flow-backend"
}
{
  "timestamp" : "2026-09-02T01:50:52.1953252+03:00",
  "level" : "INFO",
  "message" : "Reading resource: db/changelog/1.0/V1.0.15-create-password-reset-tokens-table.sql",
  "service" : "estate_flow-backend"
}
{
  "timestamp" : "2026-09-02T01:50:52.2013366+03:00",
  "level" : "INFO",
  "message" : "Reading resource: db/changelog/1.0/V1.0.16-create-agency-media-table.sql",
  "service" : "estate_flow-backend"
}
{
  "timestamp" : "2026-09-02T01:50:52.2053292+03:00",
  "level" : "INFO",
  "message" : "Reading resource: db/changelog/1.0/V1.0.17-create-user-media-table.sql",
  "service" : "estate_flow-backend"
}
{
  "timestamp" : "2026-09-02T01:50:52.2093269+03:00",
  "level" : "INFO",
  "message" : "Reading resource: db/changelog/1.0/V1.0.18-create-property-media-table.sql",
  "service" : "estate_flow-backend"
}
{
  "timestamp" : "2026-09-02T01:50:52.2133259+03:00",
  "level" : "INFO",
  "message" : "Reading resource: db/changelog/1.0/V1.0.19-create-password-reset-otp-table.sql",
  "service" : "estate_flow-backend"
}
{
  "timestamp" : "2026-09-02T01:50:52.3458642+03:00",
  "level" : "INFO",
  "message" : "Reading resource: db/changelog/2.0/V2.0.16-insert-default-categories.sql",
  "service" : "estate_flow-backend"
}
{
  "timestamp" : "2026-09-02T01:50:52.3488715+03:00",
  "level" : "INFO",
  "message" : "Reading resource: db/changelog/2.0/V2.0.17-insert-default-roles.sql",
  "service" : "estate_flow-backend"
}
{
  "timestamp" : "2026-09-02T01:50:52.351871+03:00",
  "level" : "INFO",
  "message" : "Reading resource: db/changelog/2.0/V2.0.18-insert-default-subscription-plans.sql",
  "service" : "estate_flow-backend"
}
{
  "timestamp" : "2026-09-02T01:50:52.3548649+03:00",
  "level" : "INFO",
  "message" : "Reading resource: db/changelog/2.0/V2.0.19-add-agency-id-to-users-table.sql",
  "service" : "estate_flow-backend"
}
{
  "timestamp" : "2026-09-02T01:50:52.364865+03:00",
  "level" : "INFO",
  "message" : "Reading resource: db/changelog/2.0/V2.0.20-change-role-name-from -inserted-roles.sql",
  "service" : "estate_flow-backend"
}
{
  "timestamp" : "2026-09-02T01:50:52.367865+03:00",
  "level" : "INFO",
  "message" : "Reading resource: db/changelog/2.0/V2.0.21-insert-new-admin-role-ro-roles-table.sql",
  "service" : "estate_flow-backend"
}
{
  "timestamp" : "2026-09-02T01:50:52.3758647+03:00",
  "level" : "INFO",
  "message" : "Reading resource: db/changelog/2.0/V2.0.22-insert-new-column-isDeleted-to-agencies-table.sql",
  "service" : "estate_flow-backend"
}
{
  "timestamp" : "2026-09-02T01:50:52.3788627+03:00",
  "level" : "INFO",
  "message" : "Reading resource: db/changelog/2.0/V2.0.23-insert-new-column-deleted-to-subscription-plans-table.sql",
  "service" : "estate_flow-backend"
}
{
  "timestamp" : "2026-09-02T01:50:52.3818627+03:00",
  "level" : "INFO",
  "message" : "Reading resource: db/changelog/2.0/V2.0.23-update-the-column-isDeleted-in-agencies-table.sql",
  "service" : "estate_flow-backend"
}
{
  "timestamp" : "2026-09-02T01:50:52.3908664+03:00",
  "level" : "INFO",
  "message" : "Reading resource: db/changelog/2.0/V2.0.25-insert-new-column-agency_id-to-inquiries-table.sql",
  "service" : "estate_flow-backend"
}
{
  "timestamp" : "2026-09-02T01:50:52.3938624+03:00",
  "level" : "INFO",
  "message" : "Reading resource: db/changelog/2.0/V2.0.26-remove-uniqueness-contraint-for-agency_id-in-inquiries-table.sql",
  "service" : "estate_flow-backend"
}
{
  "timestamp" : "2026-09-02T01:50:52.4068636+03:00",
  "level" : "INFO",
  "message" : "Reading resource: db/changelog/2.0/V2.0.27-insert-new-column-agency_id-to-appointments-table.sql",
  "service" : "estate_flow-backend"
}
{
  "timestamp" : "2026-09-02T01:50:52.4118648+03:00",
  "level" : "INFO",
  "message" : "Reading resource: db/changelog/2.0/V2.0.28-refactor-media-files-table-for-generic-media-storage.sql",
  "service" : "estate_flow-backend"
}
{
  "timestamp" : "2026-09-02T01:50:52.4158645+03:00",
  "level" : "INFO",
  "message" : "Reading resource: db/changelog/2.0/V2.0.29-remove-logo-url-from-agencies-table.sql",
  "service" : "estate_flow-backend"
}
{
  "timestamp" : "2026-09-02T01:50:52.4208638+03:00",
  "level" : "INFO",
  "message" : "Reading resource: db/changelog/2.0/V2.0.30-insert-new-column-deleted-to-categories-table.sql",
  "service" : "estate_flow-backend"
}
{
  "timestamp" : "2026-09-02T01:50:52.4238613+03:00",
  "level" : "INFO",
  "message" : "Reading resource: db/changelog/2.0/V2.0.31-insert-new-column-target-to-reviews-table.sql",
  "service" : "estate_flow-backend"
}
{
  "timestamp" : "2026-09-02T01:50:52.4278675+03:00",
  "level" : "INFO",
  "message" : "Reading resource: db/changelog/2.0/V2.0.32-insert-new-column-currency-to-properties-table.sql",
  "service" : "estate_flow-backend"
}
{
  "timestamp" : "2026-09-02T01:50:52.4308658+03:00",
  "level" : "INFO",
  "message" : "Reading resource: db/changelog/2.0/V2.0.33-insert-new-column-deleted-to-users-table.sql",
  "service" : "estate_flow-backend"
}
{
  "timestamp" : "2026-09-02T01:50:52.5108927+03:00",
  "level" : "INFO",
  "message" : "Database is up to date, no changesets to execute",
  "service" : "estate_flow-backend"
}
{
  "timestamp" : "2026-09-02T01:50:52.5118932+03:00",
  "level" : "INFO",
  "message" : "Reading from public.databasechangelog",
  "service" : "estate_flow-backend"
}
{
  "timestamp" : "2026-09-02T01:50:52.5318894+03:00",
  "level" : "INFO",
  "message" : "UPDATE SUMMARY",
  "service" : "estate_flow-backend"
}
{
  "timestamp" : "2026-09-02T01:50:52.5318894+03:00",
  "level" : "INFO",
  "message" : "Run:                          0",
  "service" : "estate_flow-backend"
}
{
  "timestamp" : "2026-09-02T01:50:52.5318894+03:00",
  "level" : "INFO",
  "message" : "Previously run:              38",
  "service" : "estate_flow-backend"
}
{
  "timestamp" : "2026-09-02T01:50:52.5318894+03:00",
  "level" : "INFO",
  "message" : "Filtered out:                 0",
  "service" : "estate_flow-backend"
}
{
  "timestamp" : "2026-09-02T01:50:52.5318894+03:00",
  "level" : "INFO",
  "message" : "-------------------------------",
  "service" : "estate_flow-backend"
}
{
  "timestamp" : "2026-09-02T01:50:52.5318894+03:00",
  "level" : "INFO",
  "message" : "Total change sets:           38",
  "service" : "estate_flow-backend"
}
{
  "timestamp" : "2026-09-02T01:50:52.5338653+03:00",
  "level" : "INFO",
  "message" : "Update summary generated",
  "service" : "estate_flow-backend"
}
{
  "timestamp" : "2026-09-02T01:50:52.5348649+03:00",
  "level" : "INFO",
  "message" : "Command execution complete",
  "service" : "estate_flow-backend"
}
{
  "timestamp" : "2026-09-02T01:50:52.7114004+03:00",
  "level" : "INFO",
  "message" : "HHH008540: Processing PersistenceUnitInfo [name: default]",
  "service" : "estate_flow-backend"
}
{
  "timestamp" : "2026-09-02T01:50:52.8083651+03:00",
  "level" : "INFO",
  "message" : "HHH000001: Hibernate ORM core version 7.2.12.Final",
  "service" : "estate_flow-backend"
}
{
  "timestamp" : "2026-09-02T01:50:53.43565+03:00",
  "level" : "INFO",
  "message" : "No LoadTimeWeaver setup: ignoring JPA class transformer",
  "service" : "estate_flow-backend"
}
{
  "timestamp" : "2026-09-02T01:50:53.5016501+03:00",
  "level" : "WARN",
  "message" : "HHH90000025: PostgreSQLDialect does not need to be specified explicitly using 'hibernate.dialect' (remove the property setting and it will be selected by default)",
  "service" : "estate_flow-backend"
}
{
  "timestamp" : "2026-09-02T01:50:53.5263102+03:00",
  "level" : "INFO",
  "message" : "HHH10001005: Database info:\n\tDatabase JDBC URL [jdbc:postgresql://localhost:5432/real_estate_dev_db]\n\tDatabase driver: PostgreSQL JDBC Driver\n\tDatabase dialect: PostgreSQLDialect\n\tDatabase version: 18.3\n\tDefault catalog/schema: real_estate_dev_db/public\n\tAutocommit mode: undefined/unknown\n\tIsolation level: READ_COMMITTED [default READ_COMMITTED]\n\tJDBC fetch size: none\n\tPool: DataSourceConnectionProvider\n\tMinimum pool size: undefined/unknown\n\tMaximum pool size: undefined/unknown",
  "service" : "estate_flow-backend"
}
{
  "timestamp" : "2026-09-02T01:50:55.1358681+03:00",
  "level" : "INFO",
  "message" : "HHH000489: No JTA platform available (set 'hibernate.transaction.jta.platform' to enable JTA platform integration)",
  "service" : "estate_flow-backend"
}
{
  "timestamp" : "2026-09-02T01:50:55.2411615+03:00",
  "level" : "INFO",
  "message" : "Initialized JPA EntityManagerFactory for persistence unit 'default'",
  "service" : "estate_flow-backend"
}
{
  "timestamp" : "2026-09-02T01:50:55.3591613+03:00",
  "level" : "INFO",
  "message" : "Hibernate is in classpath; If applicable, HQL parser will be used.",
  "service" : "estate_flow-backend"
}
{
  "timestamp" : "2026-09-02T01:50:56.3508312+03:00",
  "level" : "DEBUG",
  "message" : "Filter 'jwtAuthenticationFilter' configured for use",
  "service" : "estate_flow-backend"
}
{
  "timestamp" : "2026-09-02T01:50:56.3518284+03:00",
  "level" : "DEBUG",
  "message" : "Filter 'rateLimitFilter' configured for use",
  "service" : "estate_flow-backend"
}
{
  "timestamp" : "2026-09-02T01:50:56.3518284+03:00",
  "level" : "DEBUG",
  "message" : "Filter 'requestLoggingFilter' configured for use",
  "service" : "estate_flow-backend"
}
{
  "timestamp" : "2026-09-02T01:50:56.3518284+03:00",
  "level" : "DEBUG",
  "message" : "Filter 'mdcLoggingFilter' configured for use",
  "service" : "estate_flow-backend"
}
{
  "timestamp" : "2026-09-02T01:50:57.6993416+03:00",
  "level" : "INFO",
  "message" : "MinIO bucket 'estateflow' already exists",
  "service" : "estate_flow-backend"
}
{
  "timestamp" : "2026-09-02T01:50:58.1899583+03:00",
  "level" : "INFO",
  "message" : "Global AuthenticationManager configured with AuthenticationProvider bean with name authenticationProvider",
  "service" : "estate_flow-backend"
}
{
  "timestamp" : "2026-09-02T01:50:58.1909698+03:00",
  "level" : "WARN",
  "message" : "Global AuthenticationManager configured with an AuthenticationProvider bean. UserDetailsService beans will not be used by Spring Security for automatically configuring username/password login. Consider removing the AuthenticationProvider bean. Alternatively, consider using the UserDetailsService in a manually instantiated DaoAuthenticationProvider. If the current configuration is intentional, to turn off this warning, increase the logging level of 'org.springframework.security.config.annotation.authentication.configuration.InitializeUserDetailsBeanManagerConfigurer' to ERROR",
  "service" : "estate_flow-backend"
}
{
  "timestamp" : "2026-09-02T01:50:58.6442635+03:00",
  "level" : "WARN",
  "message" : "spring.jpa.open-in-view is enabled by default. Therefore, database queries may be performed during view rendering. Explicitly configure spring.jpa.open-in-view to disable this warning",
  "service" : "estate_flow-backend"
}
{
  "timestamp" : "2026-09-02T01:50:58.9276435+03:00",
  "level" : "DEBUG",
  "message" : "Will secure any request with filters: DisableEncodeUrlFilter, WebAsyncManagerIntegrationFilter, SecurityContextHolderFilter, HeaderWriterFilter, CorsFilter, LogoutFilter, JwtAuthenticationFilter, MdcLoggingFilter, RateLimitFilter, RequestLoggingFilter, RequestCacheAwareFilter, SecurityContextHolderAwareRequestFilter, AnonymousAuthenticationFilter, SessionManagementFilter, ExceptionTranslationFilter, AuthorizationFilter",
  "service" : "estate_flow-backend"
}
{
  "timestamp" : "2026-09-02T01:50:59.5756433+03:00",
  "level" : "INFO",
  "message" : "Starting ProtocolHandler [\"http-nio-8080\"]",
  "service" : "estate_flow-backend"
}
{
  "timestamp" : "2026-09-02T01:50:59.6046556+03:00",
  "level" : "INFO",
  "message" : "Tomcat started on port 8080 (http) with context path '/api'",
  "service" : "estate_flow-backend"
}
{
  "timestamp" : "2026-09-02T01:50:59.6126441+03:00",
  "level" : "INFO",
  "message" : "Started BackendApplication in 14.857 seconds (process running for 16.09)",
  "service" : "estate_flow-backend"
}
{
  "timestamp" : "2026-09-02T01:52:15.5631035+03:00",
  "level" : "INFO",
  "message" : "Initializing Spring DispatcherServlet 'dispatcherServlet'",
  "service" : "estate_flow-backend"
}
{
  "timestamp" : "2026-09-02T01:52:15.5631035+03:00",
  "level" : "INFO",
  "message" : "Initializing Servlet 'dispatcherServlet'",
  "service" : "estate_flow-backend"
}
{
  "timestamp" : "2026-09-02T01:52:15.5651034+03:00",
  "level" : "INFO",
  "message" : "Completed initialization in 2 ms",
  "service" : "estate_flow-backend"
}
{
  "timestamp" : "2026-09-02T01:52:15.5774884+03:00",
  "level" : "DEBUG",
  "message" : "Securing POST /auth/login",
  "service" : "estate_flow-backend"
}
{
  "timestamp" : "2026-09-02T01:52:15.6230769+03:00",
  "level" : "DEBUG",
  "message" : "Rate limit check passed: policy=AUTH, remainingTokens=4",
  "service" : "estate_flow-backend",
  "method" : "POST",
  "path" : "/api/auth/login",
  "correlationId" : "e93435a3-c68e-42f1-9abe-51627fd8200c"
}
{
  "timestamp" : "2026-09-02T01:52:15.6250769+03:00",
  "level" : "DEBUG",
  "message" : "Set SecurityContextHolder to anonymous SecurityContext",
  "service" : "estate_flow-backend",
  "method" : "POST",
  "path" : "/api/auth/login",
  "correlationId" : "e93435a3-c68e-42f1-9abe-51627fd8200c"
}
{
  "timestamp" : "2026-09-02T01:52:15.6260745+03:00",
  "level" : "DEBUG",
  "message" : "Secured POST /auth/login",
  "service" : "estate_flow-backend",
  "method" : "POST",
  "path" : "/api/auth/login",
  "correlationId" : "e93435a3-c68e-42f1-9abe-51627fd8200c"
}
{
  "timestamp" : "2026-09-02T01:52:15.7893214+03:00",
  "level" : "WARN",
  "message" : "validation_failed",
  "service" : "estate_flow-backend",
  "method" : "POST",
  "path" : "/api/auth/login",
  "correlationId" : "e93435a3-c68e-42f1-9abe-51627fd8200c",
  "fieldErrorCount" : 1,
  "fieldErrors" : {
    "email" : "Email format is invalid"
  }
}
{
  "timestamp" : "2026-09-02T01:52:15.8761027+03:00",
  "level" : "WARN",
  "message" : "request_completed",
  "service" : "estate_flow-backend",
  "method" : "POST",
  "path" : "/api/auth/login",
  "correlationId" : "e93435a3-c68e-42f1-9abe-51627fd8200c",
  "status" : 400,
  "durationMs" : 253
}
{
  "timestamp" : "2026-09-02T01:52:44.352097+03:00",
  "level" : "DEBUG",
  "message" : "Securing POST /auth/login",
  "service" : "estate_flow-backend"
}
{
  "timestamp" : "2026-09-02T01:52:44.3530971+03:00",
  "level" : "DEBUG",
  "message" : "Rate limit check passed: policy=AUTH, remainingTokens=4",
  "service" : "estate_flow-backend",
  "method" : "POST",
  "path" : "/api/auth/login",
  "correlationId" : "9c043064-449f-4c80-a021-384c86302ddd"
}
{
  "timestamp" : "2026-09-02T01:52:44.3540977+03:00",
  "level" : "DEBUG",
  "message" : "Set SecurityContextHolder to anonymous SecurityContext",
  "service" : "estate_flow-backend",
  "method" : "POST",
  "path" : "/api/auth/login",
  "correlationId" : "9c043064-449f-4c80-a021-384c86302ddd"
}
{
  "timestamp" : "2026-09-02T01:52:44.3540977+03:00",
  "level" : "DEBUG",
  "message" : "Secured POST /auth/login",
  "service" : "estate_flow-backend",
  "method" : "POST",
  "path" : "/api/auth/login",
  "correlationId" : "9c043064-449f-4c80-a021-384c86302ddd"
}
{
  "timestamp" : "2026-09-02T01:52:44.709234+03:00",
  "level" : "DEBUG",
  "message" : "\r\n    select\r\n        ue1_0.id,\r\n        ue1_0.agency_id,\r\n        ue1_0.created_at,\r\n        ue1_0.deleted,\r\n        ue1_0.email,\r\n        ue1_0.email_verified,\r\n        ue1_0.enabled,\r\n        ue1_0.full_name,\r\n        ue1_0.password_hash,\r\n        ue1_0.phone_number,\r\n        r1_0.user_id,\r\n        r1_1.id,\r\n        r1_1.description,\r\n        r1_1.name,\r\n        ue1_0.updated_at \r\n    from\r\n        users ue1_0 \r\n    left join\r\n        user_roles r1_0 \r\n            on ue1_0.id=r1_0.user_id \r\n    left join\r\n        roles r1_1 \r\n            on r1_1.id=r1_0.role_id \r\n    where\r\n        ue1_0.email=?",
  "service" : "estate_flow-backend",
  "method" : "POST",
  "path" : "/api/auth/login",
  "correlationId" : "9c043064-449f-4c80-a021-384c86302ddd"
}
{
  "timestamp" : "2026-09-02T01:52:44.7899614+03:00",
  "level" : "DEBUG",
  "message" : "\r\n    select\r\n        ume1_0.id,\r\n        ume1_0.created_at,\r\n        ume1_0.is_primary,\r\n        ume1_0.media_id,\r\n        ume1_0.purpose,\r\n        ume1_0.user_id \r\n    from\r\n        user_media ume1_0 \r\n    where\r\n        ume1_0.user_id=?",
  "service" : "estate_flow-backend",
  "method" : "POST",
  "path" : "/api/auth/login",
  "correlationId" : "9c043064-449f-4c80-a021-384c86302ddd"
}
{
  "timestamp" : "2026-09-02T01:52:44.9101403+03:00",
  "level" : "DEBUG",
  "message" : "Authenticated user",
  "service" : "estate_flow-backend",
  "method" : "POST",
  "path" : "/api/auth/login",
  "correlationId" : "9c043064-449f-4c80-a021-384c86302ddd"
}
{
  "timestamp" : "2026-09-02T01:52:44.9331434+03:00",
  "level" : "DEBUG",
  "message" : "\r\n    select\r\n        ue1_0.id,\r\n        ue1_0.agency_id,\r\n        ue1_0.created_at,\r\n        ue1_0.deleted,\r\n        ue1_0.email,\r\n        ue1_0.email_verified,\r\n        ue1_0.enabled,\r\n        ue1_0.full_name,\r\n        ue1_0.password_hash,\r\n        ue1_0.phone_number,\r\n        r1_0.user_id,\r\n        r1_1.id,\r\n        r1_1.description,\r\n        r1_1.name,\r\n        ue1_0.updated_at \r\n    from\r\n        users ue1_0 \r\n    left join\r\n        user_roles r1_0 \r\n            on ue1_0.id=r1_0.user_id \r\n    left join\r\n        roles r1_1 \r\n            on r1_1.id=r1_0.role_id \r\n    where\r\n        ue1_0.email=?",
  "service" : "estate_flow-backend",
  "method" : "POST",
  "path" : "/api/auth/login",
  "correlationId" : "9c043064-449f-4c80-a021-384c86302ddd"
}
{
  "timestamp" : "2026-09-02T01:52:44.9501445+03:00",
  "level" : "DEBUG",
  "message" : "\r\n    select\r\n        ame1_0.id,\r\n        ame1_0.active,\r\n        ame1_0.agency_id,\r\n        ame1_0.created_at,\r\n        ame1_0.updated_at,\r\n        ame1_0.user_id \r\n    from\r\n        agency_members ame1_0 \r\n    where\r\n        ame1_0.user_id=? \r\n        and ame1_0.active=true",
  "service" : "estate_flow-backend",
  "method" : "POST",
  "path" : "/api/auth/login",
  "correlationId" : "9c043064-449f-4c80-a021-384c86302ddd"
}
{
  "timestamp" : "2026-09-02T01:52:44.9941419+03:00",
  "level" : "INFO",
  "message" : "Refresh token created for user hesenovelsen@gmail.com",
  "service" : "estate_flow-backend",
  "method" : "POST",
  "path" : "/api/auth/login",
  "correlationId" : "9c043064-449f-4c80-a021-384c86302ddd"
}
{
  "timestamp" : "2026-09-02T01:52:44.9951417+03:00",
  "level" : "INFO",
  "message" : "User 'hesenovelsen@gmail.com' logged in successfully",
  "service" : "estate_flow-backend",
  "method" : "POST",
  "path" : "/api/auth/login",
  "correlationId" : "9c043064-449f-4c80-a021-384c86302ddd"
}
{
  "timestamp" : "2026-09-02T01:52:45.1332825+03:00",
  "level" : "DEBUG",
  "message" : "\r\n    insert \r\n    into\r\n        refresh_tokens\r\n        (created_at, expiry_date, ip_address, replaced_by_token_hash, revoked, revoked_at, token_hash, user_id, user_agent, id) \r\n    values\r\n        (?, ?, ?, ?, ?, ?, ?, ?, ?, ?)",
  "service" : "estate_flow-backend",
  "method" : "POST",
  "path" : "/api/auth/login",
  "correlationId" : "9c043064-449f-4c80-a021-384c86302ddd"
}
{
  "timestamp" : "2026-09-02T01:52:45.2032832+03:00",
  "level" : "INFO",
  "message" : "request_completed",
  "service" : "estate_flow-backend",
  "method" : "POST",
  "path" : "/api/auth/login",
  "correlationId" : "9c043064-449f-4c80-a021-384c86302ddd",
  "status" : 200,
  "durationMs" : 849
}
{
  "timestamp" : "2026-09-02T01:54:29.7473698+03:00",
  "level" : "DEBUG",
  "message" : "Securing PUT /admin/agencies/baa4ec8f-6136-4256-a669-578bfa741a5e",
  "service" : "estate_flow-backend"
}
{
  "timestamp" : "2026-09-02T01:54:29.9538873+03:00",
  "level" : "DEBUG",
  "message" : "\r\n    select\r\n        ue1_0.id,\r\n        ue1_0.agency_id,\r\n        ue1_0.created_at,\r\n        ue1_0.deleted,\r\n        ue1_0.email,\r\n        ue1_0.email_verified,\r\n        ue1_0.enabled,\r\n        ue1_0.full_name,\r\n        ue1_0.password_hash,\r\n        ue1_0.phone_number,\r\n        r1_0.user_id,\r\n        r1_1.id,\r\n        r1_1.description,\r\n        r1_1.name,\r\n        ue1_0.updated_at \r\n    from\r\n        users ue1_0 \r\n    left join\r\n        user_roles r1_0 \r\n            on ue1_0.id=r1_0.user_id \r\n    left join\r\n        roles r1_1 \r\n            on r1_1.id=r1_0.role_id \r\n    where\r\n        ue1_0.email=?",
  "service" : "estate_flow-backend"
}
{
  "timestamp" : "2026-09-02T01:54:29.9578869+03:00",
  "level" : "DEBUG",
  "message" : "\r\n    select\r\n        ume1_0.id,\r\n        ume1_0.created_at,\r\n        ume1_0.is_primary,\r\n        ume1_0.media_id,\r\n        ume1_0.purpose,\r\n        ume1_0.user_id \r\n    from\r\n        user_media ume1_0 \r\n    where\r\n        ume1_0.user_id=?",
  "service" : "estate_flow-backend"
}
{
  "timestamp" : "2026-09-02T01:54:29.9668869+03:00",
  "level" : "DEBUG",
  "message" : "Rate limit check passed: policy=GENERAL, remainingTokens=99",
  "service" : "estate_flow-backend",
  "path" : "/api/admin/agencies/baa4ec8f-6136-4256-a669-578bfa741a5e",
  "correlationId" : "ab57c3da-8707-4116-8b98-0565acbd62bc",
  "actorId" : "hesenovelsen@gmail.com",
  "method" : "PUT",
  "actorRole" : "ROLE_SUPER_ADMIN"
}
{
  "timestamp" : "2026-09-02T01:54:29.9698433+03:00",
  "level" : "DEBUG",
  "message" : "Secured PUT /admin/agencies/baa4ec8f-6136-4256-a669-578bfa741a5e",
  "service" : "estate_flow-backend",
  "path" : "/api/admin/agencies/baa4ec8f-6136-4256-a669-578bfa741a5e",
  "correlationId" : "ab57c3da-8707-4116-8b98-0565acbd62bc",
  "actorId" : "hesenovelsen@gmail.com",
  "method" : "PUT",
  "actorRole" : "ROLE_SUPER_ADMIN"
}
{
  "timestamp" : "2026-09-02T01:54:29.9901667+03:00",
  "level" : "DEBUG",
  "message" : "Authorizing method invocation ReflectiveMethodInvocation: public org.springframework.http.ResponseEntity com.realestate.backend.controller.AdminAgencyController.updateAgency(java.util.UUID,com.realestate.backend.dto.request.UpdateAgencyRequest); target is of class [com.realestate.backend.controller.AdminAgencyController]",
  "service" : "estate_flow-backend",
  "path" : "/api/admin/agencies/baa4ec8f-6136-4256-a669-578bfa741a5e",
  "correlationId" : "ab57c3da-8707-4116-8b98-0565acbd62bc",
  "actorId" : "hesenovelsen@gmail.com",
  "method" : "PUT",
  "actorRole" : "ROLE_SUPER_ADMIN"
}
{
  "timestamp" : "2026-09-02T01:54:30.0089602+03:00",
  "level" : "DEBUG",
  "message" : "Authorized method invocation ReflectiveMethodInvocation: public org.springframework.http.ResponseEntity com.realestate.backend.controller.AdminAgencyController.updateAgency(java.util.UUID,com.realestate.backend.dto.request.UpdateAgencyRequest); target is of class [com.realestate.backend.controller.AdminAgencyController]",
  "service" : "estate_flow-backend",
  "path" : "/api/admin/agencies/baa4ec8f-6136-4256-a669-578bfa741a5e",
  "correlationId" : "ab57c3da-8707-4116-8b98-0565acbd62bc",
  "actorId" : "hesenovelsen@gmail.com",
  "method" : "PUT",
  "actorRole" : "ROLE_SUPER_ADMIN"
}
{
  "timestamp" : "2026-09-02T01:54:30.0326866+03:00",
  "level" : "DEBUG",
  "message" : "\r\n    select\r\n        ae1_0.id,\r\n        ae1_0.address,\r\n        ae1_0.city,\r\n        ae1_0.created_at,\r\n        ae1_0.description,\r\n        ae1_0.email,\r\n        ae1_0.is_deleted,\r\n        lu1_0.id,\r\n        lu1_0.agency_id,\r\n        lu1_0.created_at,\r\n        lu1_0.is_primary,\r\n        lu1_0.media_id,\r\n        lu1_0.purpose,\r\n        ae1_0.name,\r\n        ae1_0.phone_number,\r\n        ae1_0.status,\r\n        ae1_0.updated_at,\r\n        ae1_0.website \r\n    from\r\n        agencies ae1_0 \r\n    left join\r\n        agency_media lu1_0 \r\n            on ae1_0.id=lu1_0.agency_id \r\n    where\r\n        ae1_0.id=?",
  "service" : "estate_flow-backend",
  "path" : "/api/admin/agencies/baa4ec8f-6136-4256-a669-578bfa741a5e",
  "correlationId" : "ab57c3da-8707-4116-8b98-0565acbd62bc",
  "actorId" : "hesenovelsen@gmail.com",
  "method" : "PUT",
  "actorRole" : "ROLE_SUPER_ADMIN"
}
{
  "timestamp" : "2026-09-02T01:54:30.0756584+03:00",
  "level" : "DEBUG",
  "message" : "\r\n    select\r\n        ae1_0.id \r\n    from\r\n        agencies ae1_0 \r\n    where\r\n        ae1_0.email=? \r\n    fetch\r\n        first ? rows only",
  "service" : "estate_flow-backend",
  "path" : "/api/admin/agencies/baa4ec8f-6136-4256-a669-578bfa741a5e",
  "correlationId" : "ab57c3da-8707-4116-8b98-0565acbd62bc",
  "actorId" : "hesenovelsen@gmail.com",
  "method" : "PUT",
  "actorRole" : "ROLE_SUPER_ADMIN"
}
{
  "timestamp" : "2026-09-02T01:54:30.0853461+03:00",
  "level" : "INFO",
  "message" : "Agency updated: agencyId=baa4ec8f-6136-4256-a669-578bfa741a5e, agencyName=Baku residence agency",
  "service" : "estate_flow-backend",
  "path" : "/api/admin/agencies/baa4ec8f-6136-4256-a669-578bfa741a5e",
  "correlationId" : "ab57c3da-8707-4116-8b98-0565acbd62bc",
  "actorId" : "hesenovelsen@gmail.com",
  "method" : "PUT",
  "actorRole" : "ROLE_SUPER_ADMIN"
}
{
  "timestamp" : "2026-09-02T01:54:30.1004993+03:00",
  "level" : "INFO",
  "message" : "request_completed",
  "service" : "estate_flow-backend",
  "path" : "/api/admin/agencies/baa4ec8f-6136-4256-a669-578bfa741a5e",
  "correlationId" : "ab57c3da-8707-4116-8b98-0565acbd62bc",
  "actorId" : "hesenovelsen@gmail.com",
  "method" : "PUT",
  "actorRole" : "ROLE_SUPER_ADMIN",
  "status" : 200,
  "durationMs" : 134
}
{
  "timestamp" : "2026-09-02T01:55:39.3087448+03:00",
  "level" : "DEBUG",
  "message" : "Securing PUT /admin/agencies/baa4ec8f-6136-4256-a669-578bfa741a5e",
  "service" : "estate_flow-backend"
}
{
  "timestamp" : "2026-09-02T01:55:39.3157467+03:00",
  "level" : "DEBUG",
  "message" : "\r\n    select\r\n        ue1_0.id,\r\n        ue1_0.agency_id,\r\n        ue1_0.created_at,\r\n        ue1_0.deleted,\r\n        ue1_0.email,\r\n        ue1_0.email_verified,\r\n        ue1_0.enabled,\r\n        ue1_0.full_name,\r\n        ue1_0.password_hash,\r\n        ue1_0.phone_number,\r\n        r1_0.user_id,\r\n        r1_1.id,\r\n        r1_1.description,\r\n        r1_1.name,\r\n        ue1_0.updated_at \r\n    from\r\n        users ue1_0 \r\n    left join\r\n        user_roles r1_0 \r\n            on ue1_0.id=r1_0.user_id \r\n    left join\r\n        roles r1_1 \r\n            on r1_1.id=r1_0.role_id \r\n    where\r\n        ue1_0.email=?",
  "service" : "estate_flow-backend"
}
{
  "timestamp" : "2026-09-02T01:55:39.3177456+03:00",
  "level" : "DEBUG",
  "message" : "\r\n    select\r\n        ume1_0.id,\r\n        ume1_0.created_at,\r\n        ume1_0.is_primary,\r\n        ume1_0.media_id,\r\n        ume1_0.purpose,\r\n        ume1_0.user_id \r\n    from\r\n        user_media ume1_0 \r\n    where\r\n        ume1_0.user_id=?",
  "service" : "estate_flow-backend"
}
{
  "timestamp" : "2026-09-02T01:55:39.3237452+03:00",
  "level" : "DEBUG",
  "message" : "Rate limit check passed: policy=GENERAL, remainingTokens=99",
  "service" : "estate_flow-backend",
  "path" : "/api/admin/agencies/baa4ec8f-6136-4256-a669-578bfa741a5e",
  "correlationId" : "e3c1924e-0714-45ba-8970-9f300675455f",
  "actorId" : "hesenovelsen@gmail.com",
  "method" : "PUT",
  "actorRole" : "ROLE_SUPER_ADMIN"
}
{
  "timestamp" : "2026-09-02T01:55:39.3247474+03:00",
  "level" : "DEBUG",
  "message" : "Secured PUT /admin/agencies/baa4ec8f-6136-4256-a669-578bfa741a5e",
  "service" : "estate_flow-backend",
  "path" : "/api/admin/agencies/baa4ec8f-6136-4256-a669-578bfa741a5e",
  "correlationId" : "e3c1924e-0714-45ba-8970-9f300675455f",
  "actorId" : "hesenovelsen@gmail.com",
  "method" : "PUT",
  "actorRole" : "ROLE_SUPER_ADMIN"
}
{
  "timestamp" : "2026-09-02T01:55:39.3437538+03:00",
  "level" : "WARN",
  "message" : "validation_failed",
  "service" : "estate_flow-backend",
  "path" : "/api/admin/agencies/baa4ec8f-6136-4256-a669-578bfa741a5e",
  "correlationId" : "e3c1924e-0714-45ba-8970-9f300675455f",
  "actorId" : "hesenovelsen@gmail.com",
  "method" : "PUT",
  "actorRole" : "ROLE_SUPER_ADMIN",
  "fieldErrorCount" : 1,
  "fieldErrors" : {
    "email" : "Email is required."
  }
}
{
  "timestamp" : "2026-09-02T01:55:39.347748+03:00",
  "level" : "WARN",
  "message" : "request_completed",
  "service" : "estate_flow-backend",
  "path" : "/api/admin/agencies/baa4ec8f-6136-4256-a669-578bfa741a5e",
  "correlationId" : "e3c1924e-0714-45ba-8970-9f300675455f",
  "actorId" : "hesenovelsen@gmail.com",
  "method" : "PUT",
  "actorRole" : "ROLE_SUPER_ADMIN",
  "status" : 400,
  "durationMs" : 24
}
{
  "timestamp" : "2026-09-02T01:57:08.1641932+03:00",
  "level" : "INFO",
  "message" : "Commencing graceful shutdown. Waiting for active requests to complete",
  "service" : "estate_flow-backend"
}
{
  "timestamp" : "2026-09-02T01:57:08.2072085+03:00",
  "level" : "INFO",
  "message" : "Graceful shutdown complete",
  "service" : "estate_flow-backend"
}
{
  "timestamp" : "2026-09-02T01:57:08.2643546+03:00",
  "level" : "INFO",
  "message" : "Closing JPA EntityManagerFactory for persistence unit 'default'",
  "service" : "estate_flow-backend"
}
{
  "timestamp" : "2026-09-02T01:57:08.3303939+03:00",
  "level" : "INFO",
  "message" : "HikariPool-1 - Shutdown initiated...",
  "service" : "estate_flow-backend"
}
{
  "timestamp" : "2026-09-02T01:57:08.3463653+03:00",
  "level" : "INFO",
  "message" : "HikariPool-1 - Shutdown completed.",
  "service" : "estate_flow-backend"
}
{
  "timestamp" : "2026-09-02T01:57:17.7445396+03:00",
  "level" : "INFO",
  "message" : "HV000001: Hibernate Validator 9.0.1.Final",
  "service" : "estate_flow-backend"
}
{
  "timestamp" : "2026-09-02T01:57:17.821162+03:00",
  "level" : "INFO",
  "message" : "Starting BackendApplication using Java 21.0.9 with PID 19448 (D:\\All materials\\Matrix\\Matrix (Java Programming)\\Graduation Project\\Real Estate App\\Real-Estate-App\\backend\\build\\classes\\java\\main started by PC in D:\\All materials\\Matrix\\Matrix (Java Programming)\\Graduation Project\\Real Estate App\\Real-Estate-App\\backend)",
  "service" : "estate_flow-backend"
}
{
  "timestamp" : "2026-09-02T01:57:17.8221618+03:00",
  "level" : "DEBUG",
  "message" : "Running with Spring Boot v4.0.6, Spring v7.0.7",
  "service" : "estate_flow-backend"
}
{
  "timestamp" : "2026-09-02T01:57:17.8231635+03:00",
  "level" : "INFO",
  "message" : "The following 1 profile is active: \"dev\"",
  "service" : "estate_flow-backend"
}
{
  "timestamp" : "2026-09-02T01:57:17.9031614+03:00",
  "level" : "INFO",
  "message" : "Devtools property defaults active! Set 'spring.devtools.add-properties' to 'false' to disable",
  "service" : "estate_flow-backend"
}
{
  "timestamp" : "2026-09-02T01:57:17.9041265+03:00",
  "level" : "INFO",
  "message" : "For additional web related logging consider setting the 'logging.level.web' property to 'DEBUG'",
  "service" : "estate_flow-backend"
}
{
  "timestamp" : "2026-09-02T01:57:19.4209959+03:00",
  "level" : "INFO",
  "message" : "Bootstrapping Spring Data JPA repositories in DEFAULT mode.",
  "service" : "estate_flow-backend"
}
{
  "timestamp" : "2026-09-02T01:57:19.5610246+03:00",
  "level" : "INFO",
  "message" : "Finished Spring Data repository scanning in 128 ms. Found 19 JPA repository interfaces.",
  "service" : "estate_flow-backend"
}
{
  "timestamp" : "2026-09-02T01:57:20.4572729+03:00",
  "level" : "INFO",
  "message" : "Tomcat initialized with port 8080 (http)",
  "service" : "estate_flow-backend"
}
{
  "timestamp" : "2026-09-02T01:57:20.4722703+03:00",
  "level" : "INFO",
  "message" : "Initializing ProtocolHandler [\"http-nio-8080\"]",
  "service" : "estate_flow-backend"
}
{
  "timestamp" : "2026-09-02T01:57:20.4733049+03:00",
  "level" : "INFO",
  "message" : "Starting service [Tomcat]",
  "service" : "estate_flow-backend"
}
{
  "timestamp" : "2026-09-02T01:57:20.4742691+03:00",
  "level" : "INFO",
  "message" : "Starting Servlet engine: [Apache Tomcat/11.0.21]",
  "service" : "estate_flow-backend"
}
{
  "timestamp" : "2026-09-02T01:57:20.5462706+03:00",
  "level" : "INFO",
  "message" : "Root WebApplicationContext: initialization completed in 2642 ms",
  "service" : "estate_flow-backend"
}
{
  "timestamp" : "2026-09-02T01:57:20.7052728+03:00",
  "level" : "INFO",
  "message" : "HikariPool-1 - Starting...",
  "service" : "estate_flow-backend"
}
{
  "timestamp" : "2026-09-02T01:57:20.9556365+03:00",
  "level" : "INFO",
  "message" : "HikariPool-1 - Added connection org.postgresql.jdbc.PgConnection@13a9ea49",
  "service" : "estate_flow-backend"
}
{
  "timestamp" : "2026-09-02T01:57:20.9566567+03:00",
  "level" : "INFO",
  "message" : "HikariPool-1 - Start completed.",
  "service" : "estate_flow-backend"
}
{
  "timestamp" : "2026-09-02T01:57:21.1488874+03:00",
  "level" : "INFO",
  "message" : "Set default schema name to public",
  "service" : "estate_flow-backend"
}
{
  "timestamp" : "2026-09-02T01:57:23.8358228+03:00",
  "level" : "INFO",
  "message" : "Reading resource: db/changelog/1.0/V1.0.00-create-users-table.sql",
  "service" : "estate_flow-backend"
}
{
  "timestamp" : "2026-09-02T01:57:23.9592623+03:00",
  "level" : "INFO",
  "message" : "Reading from public.databasechangelog",
  "service" : "estate_flow-backend"
}
{
  "timestamp" : "2026-09-02T01:57:23.9697369+03:00",
  "level" : "INFO",
  "message" : "Reading resource: db/changelog/1.0/V1.0.01-create-roles-table.sql",
  "service" : "estate_flow-backend"
}
{
  "timestamp" : "2026-09-02T01:57:23.972908+03:00",
  "level" : "INFO",
  "message" : "Reading resource: db/changelog/1.0/V1.0.02-create-agencies-table.sql",
  "service" : "estate_flow-backend"
}
{
  "timestamp" : "2026-09-02T01:57:23.9758829+03:00",
  "level" : "INFO",
  "message" : "Reading resource: db/changelog/1.0/V1.0.03-create-categories-table.sql",
  "service" : "estate_flow-backend"
}
{
  "timestamp" : "2026-09-02T01:57:23.9789367+03:00",
  "level" : "INFO",
  "message" : "Reading resource: db/changelog/1.0/V1.0.04-create-subscription-plans-table.sql",
  "service" : "estate_flow-backend"
}
{
  "timestamp" : "2026-09-02T01:57:23.9838866+03:00",
  "level" : "INFO",
  "message" : "Reading resource: db/changelog/1.0/V1.0.05-create-user-roles-table.sql",
  "service" : "estate_flow-backend"
}
{
  "timestamp" : "2026-09-02T01:57:23.9868839+03:00",
  "level" : "INFO",
  "message" : "Reading resource: db/changelog/1.0/V1.0.06-create-agency-members-table.sql",
  "service" : "estate_flow-backend"
}
{
  "timestamp" : "2026-09-02T01:57:23.9906619+03:00",
  "level" : "INFO",
  "message" : "Reading resource: db/changelog/1.0/V1.0.07-create-agency-subscriptions-table.sql",
  "service" : "estate_flow-backend"
}
{
  "timestamp" : "2026-09-02T01:57:23.9936088+03:00",
  "level" : "INFO",
  "message" : "Reading resource: db/changelog/1.0/V1.0.08-create-properties-table.sql",
  "service" : "estate_flow-backend"
}
{
  "timestamp" : "2026-09-02T01:57:23.9977036+03:00",
  "level" : "INFO",
  "message" : "Reading resource: db/changelog/1.0/V1.0.09-create-media-files-table.sql",
  "service" : "estate_flow-backend"
}
{
  "timestamp" : "2026-09-02T01:57:24.0013182+03:00",
  "level" : "INFO",
  "message" : "Reading resource: db/changelog/1.0/V1.0.10-create-favorites-table.sql",
  "service" : "estate_flow-backend"
}
{
  "timestamp" : "2026-09-02T01:57:24.0043692+03:00",
  "level" : "INFO",
  "message" : "Reading resource: db/changelog/1.0/V1.0.11-create-inquiries-table.sql",
  "service" : "estate_flow-backend"
}
{
  "timestamp" : "2026-09-02T01:57:24.0073713+03:00",
  "level" : "INFO",
  "message" : "Reading resource: db/changelog/1.0/V1.0.12-create-appointments-table.sql",
  "service" : "estate_flow-backend"
}
{
  "timestamp" : "2026-09-02T01:57:24.0113706+03:00",
  "level" : "INFO",
  "message" : "Reading resource: db/changelog/1.0/V1.0.13-create-reviews-table.sql",
  "service" : "estate_flow-backend"
}
{
  "timestamp" : "2026-09-02T01:57:24.0154055+03:00",
  "level" : "INFO",
  "message" : "Reading resource: db/changelog/1.0/V1.0.14-create-refresh-tokens-table.sql",
  "service" : "estate_flow-backend"
}
{
  "timestamp" : "2026-09-02T01:57:24.0184059+03:00",
  "level" : "INFO",
  "message" : "Reading resource: db/changelog/1.0/V1.0.15-create-password-reset-tokens-table.sql",
  "service" : "estate_flow-backend"
}
{
  "timestamp" : "2026-09-02T01:57:24.0207223+03:00",
  "level" : "INFO",
  "message" : "Reading resource: db/changelog/1.0/V1.0.16-create-agency-media-table.sql",
  "service" : "estate_flow-backend"
}
{
  "timestamp" : "2026-09-02T01:57:24.023683+03:00",
  "level" : "INFO",
  "message" : "Reading resource: db/changelog/1.0/V1.0.17-create-user-media-table.sql",
  "service" : "estate_flow-backend"
}
{
  "timestamp" : "2026-09-02T01:57:24.0266833+03:00",
  "level" : "INFO",
  "message" : "Reading resource: db/changelog/1.0/V1.0.18-create-property-media-table.sql",
  "service" : "estate_flow-backend"
}
{
  "timestamp" : "2026-09-02T01:57:24.0297037+03:00",
  "level" : "INFO",
  "message" : "Reading resource: db/changelog/1.0/V1.0.19-create-password-reset-otp-table.sql",
  "service" : "estate_flow-backend"
}
{
  "timestamp" : "2026-09-02T01:57:24.1750788+03:00",
  "level" : "INFO",
  "message" : "Reading resource: db/changelog/2.0/V2.0.16-insert-default-categories.sql",
  "service" : "estate_flow-backend"
}
{
  "timestamp" : "2026-09-02T01:57:24.1780805+03:00",
  "level" : "INFO",
  "message" : "Reading resource: db/changelog/2.0/V2.0.17-insert-default-roles.sql",
  "service" : "estate_flow-backend"
}
{
  "timestamp" : "2026-09-02T01:57:24.1810801+03:00",
  "level" : "INFO",
  "message" : "Reading resource: db/changelog/2.0/V2.0.18-insert-default-subscription-plans.sql",
  "service" : "estate_flow-backend"
}
{
  "timestamp" : "2026-09-02T01:57:24.1840803+03:00",
  "level" : "INFO",
  "message" : "Reading resource: db/changelog/2.0/V2.0.19-add-agency-id-to-users-table.sql",
  "service" : "estate_flow-backend"
}
{
  "timestamp" : "2026-09-02T01:57:24.195647+03:00",
  "level" : "INFO",
  "message" : "Reading resource: db/changelog/2.0/V2.0.20-change-role-name-from -inserted-roles.sql",
  "service" : "estate_flow-backend"
}
{
  "timestamp" : "2026-09-02T01:57:24.1976474+03:00",
  "level" : "INFO",
  "message" : "Reading resource: db/changelog/2.0/V2.0.21-insert-new-admin-role-ro-roles-table.sql",
  "service" : "estate_flow-backend"
}
{
  "timestamp" : "2026-09-02T01:57:24.206646+03:00",
  "level" : "INFO",
  "message" : "Reading resource: db/changelog/2.0/V2.0.22-insert-new-column-isDeleted-to-agencies-table.sql",
  "service" : "estate_flow-backend"
}
{
  "timestamp" : "2026-09-02T01:57:24.2096464+03:00",
  "level" : "INFO",
  "message" : "Reading resource: db/changelog/2.0/V2.0.23-insert-new-column-deleted-to-subscription-plans-table.sql",
  "service" : "estate_flow-backend"
}
{
  "timestamp" : "2026-09-02T01:57:24.2116482+03:00",
  "level" : "INFO",
  "message" : "Reading resource: db/changelog/2.0/V2.0.23-update-the-column-isDeleted-in-agencies-table.sql",
  "service" : "estate_flow-backend"
}
{
  "timestamp" : "2026-09-02T01:57:24.2206469+03:00",
  "level" : "INFO",
  "message" : "Reading resource: db/changelog/2.0/V2.0.25-insert-new-column-agency_id-to-inquiries-table.sql",
  "service" : "estate_flow-backend"
}
{
  "timestamp" : "2026-09-02T01:57:24.2226463+03:00",
  "level" : "INFO",
  "message" : "Reading resource: db/changelog/2.0/V2.0.26-remove-uniqueness-contraint-for-agency_id-in-inquiries-table.sql",
  "service" : "estate_flow-backend"
}
{
  "timestamp" : "2026-09-02T01:57:24.2326467+03:00",
  "level" : "INFO",
  "message" : "Reading resource: db/changelog/2.0/V2.0.27-insert-new-column-agency_id-to-appointments-table.sql",
  "service" : "estate_flow-backend"
}
{
  "timestamp" : "2026-09-02T01:57:24.2376462+03:00",
  "level" : "INFO",
  "message" : "Reading resource: db/changelog/2.0/V2.0.28-refactor-media-files-table-for-generic-media-storage.sql",
  "service" : "estate_flow-backend"
}
{
  "timestamp" : "2026-09-02T01:57:24.2396456+03:00",
  "level" : "INFO",
  "message" : "Reading resource: db/changelog/2.0/V2.0.29-remove-logo-url-from-agencies-table.sql",
  "service" : "estate_flow-backend"
}
{
  "timestamp" : "2026-09-02T01:57:24.2416458+03:00",
  "level" : "INFO",
  "message" : "Reading resource: db/changelog/2.0/V2.0.30-insert-new-column-deleted-to-categories-table.sql",
  "service" : "estate_flow-backend"
}
{
  "timestamp" : "2026-09-02T01:57:24.2436844+03:00",
  "level" : "INFO",
  "message" : "Reading resource: db/changelog/2.0/V2.0.31-insert-new-column-target-to-reviews-table.sql",
  "service" : "estate_flow-backend"
}
{
  "timestamp" : "2026-09-02T01:57:24.2456907+03:00",
  "level" : "INFO",
  "message" : "Reading resource: db/changelog/2.0/V2.0.32-insert-new-column-currency-to-properties-table.sql",
  "service" : "estate_flow-backend"
}
{
  "timestamp" : "2026-09-02T01:57:24.2476849+03:00",
  "level" : "INFO",
  "message" : "Reading resource: db/changelog/2.0/V2.0.33-insert-new-column-deleted-to-users-table.sql",
  "service" : "estate_flow-backend"
}
{
  "timestamp" : "2026-09-02T01:57:24.3126525+03:00",
  "level" : "INFO",
  "message" : "Database is up to date, no changesets to execute",
  "service" : "estate_flow-backend"
}
{
  "timestamp" : "2026-09-02T01:57:24.3146481+03:00",
  "level" : "INFO",
  "message" : "Reading from public.databasechangelog",
  "service" : "estate_flow-backend"
}
{
  "timestamp" : "2026-09-02T01:57:24.3416497+03:00",
  "level" : "INFO",
  "message" : "UPDATE SUMMARY",
  "service" : "estate_flow-backend"
}
{
  "timestamp" : "2026-09-02T01:57:24.3416497+03:00",
  "level" : "INFO",
  "message" : "Run:                          0",
  "service" : "estate_flow-backend"
}
{
  "timestamp" : "2026-09-02T01:57:24.342647+03:00",
  "level" : "INFO",
  "message" : "Previously run:              38",
  "service" : "estate_flow-backend"
}
{
  "timestamp" : "2026-09-02T01:57:24.342647+03:00",
  "level" : "INFO",
  "message" : "Filtered out:                 0",
  "service" : "estate_flow-backend"
}
{
  "timestamp" : "2026-09-02T01:57:24.342647+03:00",
  "level" : "INFO",
  "message" : "-------------------------------",
  "service" : "estate_flow-backend"
}
{
  "timestamp" : "2026-09-02T01:57:24.342647+03:00",
  "level" : "INFO",
  "message" : "Total change sets:           38",
  "service" : "estate_flow-backend"
}
{
  "timestamp" : "2026-09-02T01:57:24.34365+03:00",
  "level" : "INFO",
  "message" : "Update summary generated",
  "service" : "estate_flow-backend"
}
{
  "timestamp" : "2026-09-02T01:57:24.3446962+03:00",
  "level" : "INFO",
  "message" : "Command execution complete",
  "service" : "estate_flow-backend"
}
{
  "timestamp" : "2026-09-02T01:57:24.5036468+03:00",
  "level" : "INFO",
  "message" : "HHH008540: Processing PersistenceUnitInfo [name: default]",
  "service" : "estate_flow-backend"
}
{
  "timestamp" : "2026-09-02T01:57:24.6056845+03:00",
  "level" : "INFO",
  "message" : "HHH000001: Hibernate ORM core version 7.2.12.Final",
  "service" : "estate_flow-backend"
}
{
  "timestamp" : "2026-09-02T01:57:25.2417638+03:00",
  "level" : "INFO",
  "message" : "No LoadTimeWeaver setup: ignoring JPA class transformer",
  "service" : "estate_flow-backend"
}
{
  "timestamp" : "2026-09-02T01:57:25.3158012+03:00",
  "level" : "WARN",
  "message" : "HHH90000025: PostgreSQLDialect does not need to be specified explicitly using 'hibernate.dialect' (remove the property setting and it will be selected by default)",
  "service" : "estate_flow-backend"
}
{
  "timestamp" : "2026-09-02T01:57:25.3398003+03:00",
  "level" : "INFO",
  "message" : "HHH10001005: Database info:\n\tDatabase JDBC URL [jdbc:postgresql://localhost:5432/real_estate_dev_db]\n\tDatabase driver: PostgreSQL JDBC Driver\n\tDatabase dialect: PostgreSQLDialect\n\tDatabase version: 18.3\n\tDefault catalog/schema: real_estate_dev_db/public\n\tAutocommit mode: undefined/unknown\n\tIsolation level: READ_COMMITTED [default READ_COMMITTED]\n\tJDBC fetch size: none\n\tPool: DataSourceConnectionProvider\n\tMinimum pool size: undefined/unknown\n\tMaximum pool size: undefined/unknown",
  "service" : "estate_flow-backend"
}
{
  "timestamp" : "2026-09-02T01:57:26.9587194+03:00",
  "level" : "INFO",
  "message" : "HHH000489: No JTA platform available (set 'hibernate.transaction.jta.platform' to enable JTA platform integration)",
  "service" : "estate_flow-backend"
}
{
  "timestamp" : "2026-09-02T01:57:27.0510436+03:00",
  "level" : "INFO",
  "message" : "Initialized JPA EntityManagerFactory for persistence unit 'default'",
  "service" : "estate_flow-backend"
}
{
  "timestamp" : "2026-09-02T01:57:27.1735012+03:00",
  "level" : "INFO",
  "message" : "Hibernate is in classpath; If applicable, HQL parser will be used.",
  "service" : "estate_flow-backend"
}
{
  "timestamp" : "2026-09-02T01:57:28.1832156+03:00",
  "level" : "DEBUG",
  "message" : "Filter 'jwtAuthenticationFilter' configured for use",
  "service" : "estate_flow-backend"
}
{
  "timestamp" : "2026-09-02T01:57:28.1842765+03:00",
  "level" : "DEBUG",
  "message" : "Filter 'rateLimitFilter' configured for use",
  "service" : "estate_flow-backend"
}
{
  "timestamp" : "2026-09-02T01:57:28.1842765+03:00",
  "level" : "DEBUG",
  "message" : "Filter 'requestLoggingFilter' configured for use",
  "service" : "estate_flow-backend"
}
{
  "timestamp" : "2026-09-02T01:57:28.1851885+03:00",
  "level" : "DEBUG",
  "message" : "Filter 'mdcLoggingFilter' configured for use",
  "service" : "estate_flow-backend"
}
{
  "timestamp" : "2026-09-02T01:57:29.3449215+03:00",
  "level" : "INFO",
  "message" : "MinIO bucket 'estateflow' already exists",
  "service" : "estate_flow-backend"
}
{
  "timestamp" : "2026-09-02T01:57:29.823686+03:00",
  "level" : "INFO",
  "message" : "Global AuthenticationManager configured with AuthenticationProvider bean with name authenticationProvider",
  "service" : "estate_flow-backend"
}
{
  "timestamp" : "2026-09-02T01:57:29.8246935+03:00",
  "level" : "WARN",
  "message" : "Global AuthenticationManager configured with an AuthenticationProvider bean. UserDetailsService beans will not be used by Spring Security for automatically configuring username/password login. Consider removing the AuthenticationProvider bean. Alternatively, consider using the UserDetailsService in a manually instantiated DaoAuthenticationProvider. If the current configuration is intentional, to turn off this warning, increase the logging level of 'org.springframework.security.config.annotation.authentication.configuration.InitializeUserDetailsBeanManagerConfigurer' to ERROR",
  "service" : "estate_flow-backend"
}
{
  "timestamp" : "2026-09-02T01:57:30.2400482+03:00",
  "level" : "WARN",
  "message" : "spring.jpa.open-in-view is enabled by default. Therefore, database queries may be performed during view rendering. Explicitly configure spring.jpa.open-in-view to disable this warning",
  "service" : "estate_flow-backend"
}
{
  "timestamp" : "2026-09-02T01:57:30.5210473+03:00",
  "level" : "DEBUG",
  "message" : "Will secure any request with filters: DisableEncodeUrlFilter, WebAsyncManagerIntegrationFilter, SecurityContextHolderFilter, HeaderWriterFilter, CorsFilter, LogoutFilter, JwtAuthenticationFilter, MdcLoggingFilter, RateLimitFilter, RequestLoggingFilter, RequestCacheAwareFilter, SecurityContextHolderAwareRequestFilter, AnonymousAuthenticationFilter, SessionManagementFilter, ExceptionTranslationFilter, AuthorizationFilter",
  "service" : "estate_flow-backend"
}
{
  "timestamp" : "2026-09-02T01:57:31.1582039+03:00",
  "level" : "INFO",
  "message" : "Starting ProtocolHandler [\"http-nio-8080\"]",
  "service" : "estate_flow-backend"
}
{
  "timestamp" : "2026-09-02T01:57:31.1911597+03:00",
  "level" : "INFO",
  "message" : "Tomcat started on port 8080 (http) with context path '/api'",
  "service" : "estate_flow-backend"
}
{
  "timestamp" : "2026-09-02T01:57:31.2001942+03:00",
  "level" : "INFO",
  "message" : "Started BackendApplication in 14.611 seconds (process running for 15.636)",
  "service" : "estate_flow-backend"
}
{
  "timestamp" : "2026-09-02T01:59:36.1765263+03:00",
  "level" : "INFO",
  "message" : "Initializing Spring DispatcherServlet 'dispatcherServlet'",
  "service" : "estate_flow-backend"
}
{
  "timestamp" : "2026-09-02T01:59:36.1775261+03:00",
  "level" : "INFO",
  "message" : "Initializing Servlet 'dispatcherServlet'",
  "service" : "estate_flow-backend"
}
{
  "timestamp" : "2026-09-02T01:59:36.1795259+03:00",
  "level" : "INFO",
  "message" : "Completed initialization in 2 ms",
  "service" : "estate_flow-backend"
}
{
  "timestamp" : "2026-09-02T01:59:36.1968465+03:00",
  "level" : "DEBUG",
  "message" : "Securing PUT /admin/agencies/baa4ec8f-6136-4256-a669-578bfa741a5e",
  "service" : "estate_flow-backend"
}
{
  "timestamp" : "2026-09-02T01:59:36.6148453+03:00",
  "level" : "DEBUG",
  "message" : "\r\n    select\r\n        ue1_0.id,\r\n        ue1_0.agency_id,\r\n        ue1_0.created_at,\r\n        ue1_0.deleted,\r\n        ue1_0.email,\r\n        ue1_0.email_verified,\r\n        ue1_0.enabled,\r\n        ue1_0.full_name,\r\n        ue1_0.password_hash,\r\n        ue1_0.phone_number,\r\n        r1_0.user_id,\r\n        r1_1.id,\r\n        r1_1.description,\r\n        r1_1.name,\r\n        ue1_0.updated_at \r\n    from\r\n        users ue1_0 \r\n    left join\r\n        user_roles r1_0 \r\n            on ue1_0.id=r1_0.user_id \r\n    left join\r\n        roles r1_1 \r\n            on r1_1.id=r1_0.role_id \r\n    where\r\n        ue1_0.email=?",
  "service" : "estate_flow-backend"
}
{
  "timestamp" : "2026-09-02T01:59:36.6879387+03:00",
  "level" : "DEBUG",
  "message" : "\r\n    select\r\n        ume1_0.id,\r\n        ume1_0.created_at,\r\n        ume1_0.is_primary,\r\n        ume1_0.media_id,\r\n        ume1_0.purpose,\r\n        ume1_0.user_id \r\n    from\r\n        user_media ume1_0 \r\n    where\r\n        ume1_0.user_id=?",
  "service" : "estate_flow-backend"
}
{
  "timestamp" : "2026-09-02T01:59:36.7585722+03:00",
  "level" : "DEBUG",
  "message" : "Rate limit check passed: policy=GENERAL, remainingTokens=99",
  "service" : "estate_flow-backend",
  "path" : "/api/admin/agencies/baa4ec8f-6136-4256-a669-578bfa741a5e",
  "correlationId" : "8577e692-64d8-4fa5-84b7-824ce3839cf7",
  "actorId" : "hesenovelsen@gmail.com",
  "method" : "PUT",
  "actorRole" : "ROLE_SUPER_ADMIN"
}
{
  "timestamp" : "2026-09-02T01:59:36.7625711+03:00",
  "level" : "DEBUG",
  "message" : "Secured PUT /admin/agencies/baa4ec8f-6136-4256-a669-578bfa741a5e",
  "service" : "estate_flow-backend",
  "path" : "/api/admin/agencies/baa4ec8f-6136-4256-a669-578bfa741a5e",
  "correlationId" : "8577e692-64d8-4fa5-84b7-824ce3839cf7",
  "actorId" : "hesenovelsen@gmail.com",
  "method" : "PUT",
  "actorRole" : "ROLE_SUPER_ADMIN"
}
{
  "timestamp" : "2026-09-02T01:59:36.9874619+03:00",
  "level" : "WARN",
  "message" : "Validation failed at /api/admin/agencies/baa4ec8f-6136-4256-a669-578bfa741a5e: 1 field error(s)",
  "service" : "estate_flow-backend",
  "path" : "/api/admin/agencies/baa4ec8f-6136-4256-a669-578bfa741a5e",
  "correlationId" : "8577e692-64d8-4fa5-84b7-824ce3839cf7",
  "actorId" : "hesenovelsen@gmail.com",
  "method" : "PUT",
  "actorRole" : "ROLE_SUPER_ADMIN"
}
{
  "timestamp" : "2026-09-02T01:59:37.0920387+03:00",
  "level" : "WARN",
  "message" : "request_completed",
  "service" : "estate_flow-backend",
  "path" : "/api/admin/agencies/baa4ec8f-6136-4256-a669-578bfa741a5e",
  "correlationId" : "8577e692-64d8-4fa5-84b7-824ce3839cf7",
  "actorId" : "hesenovelsen@gmail.com",
  "method" : "PUT",
  "actorRole" : "ROLE_SUPER_ADMIN",
  "status" : 400,
  "durationMs" : 328
}
{
  "timestamp" : "2026-09-02T02:01:22.3866817+03:00",
  "level" : "DEBUG",
  "message" : "Securing PATCH /inquiries/6fd8708c-0e0b-4691-9069-7cd87ea86cb5/status",
  "service" : "estate_flow-backend"
}
{
  "timestamp" : "2026-09-02T02:01:22.3946865+03:00",
  "level" : "DEBUG",
  "message" : "\r\n    select\r\n        ue1_0.id,\r\n        ue1_0.agency_id,\r\n        ue1_0.created_at,\r\n        ue1_0.deleted,\r\n        ue1_0.email,\r\n        ue1_0.email_verified,\r\n        ue1_0.enabled,\r\n        ue1_0.full_name,\r\n        ue1_0.password_hash,\r\n        ue1_0.phone_number,\r\n        r1_0.user_id,\r\n        r1_1.id,\r\n        r1_1.description,\r\n        r1_1.name,\r\n        ue1_0.updated_at \r\n    from\r\n        users ue1_0 \r\n    left join\r\n        user_roles r1_0 \r\n            on ue1_0.id=r1_0.user_id \r\n    left join\r\n        roles r1_1 \r\n            on r1_1.id=r1_0.role_id \r\n    where\r\n        ue1_0.email=?",
  "service" : "estate_flow-backend"
}
{
  "timestamp" : "2026-09-02T02:01:22.3986808+03:00",
  "level" : "DEBUG",
  "message" : "\r\n    select\r\n        ume1_0.id,\r\n        ume1_0.created_at,\r\n        ume1_0.is_primary,\r\n        ume1_0.media_id,\r\n        ume1_0.purpose,\r\n        ume1_0.user_id \r\n    from\r\n        user_media ume1_0 \r\n    where\r\n        ume1_0.user_id=?",
  "service" : "estate_flow-backend"
}
{
  "timestamp" : "2026-09-02T02:01:22.4037161+03:00",
  "level" : "DEBUG",
  "message" : "Rate limit check passed: policy=GENERAL, remainingTokens=99",
  "service" : "estate_flow-backend",
  "path" : "/api/inquiries/6fd8708c-0e0b-4691-9069-7cd87ea86cb5/status",
  "correlationId" : "06f52d87-1c59-4e0a-b826-9554eba32cdc",
  "actorId" : "hesenovelsen@gmail.com",
  "method" : "PATCH",
  "actorRole" : "ROLE_SUPER_ADMIN"
}
{
  "timestamp" : "2026-09-02T02:01:22.4037161+03:00",
  "level" : "DEBUG",
  "message" : "Secured PATCH /inquiries/6fd8708c-0e0b-4691-9069-7cd87ea86cb5/status",
  "service" : "estate_flow-backend",
  "path" : "/api/inquiries/6fd8708c-0e0b-4691-9069-7cd87ea86cb5/status",
  "correlationId" : "06f52d87-1c59-4e0a-b826-9554eba32cdc",
  "actorId" : "hesenovelsen@gmail.com",
  "method" : "PATCH",
  "actorRole" : "ROLE_SUPER_ADMIN"
}
{
  "timestamp" : "2026-09-02T02:01:22.4379452+03:00",
  "level" : "DEBUG",
  "message" : "Authorizing method invocation ReflectiveMethodInvocation: public org.springframework.http.ResponseEntity com.realestate.backend.controller.InquiryController.updateInquiryStatus(java.util.UUID,com.realestate.backend.dto.request.UpdateInquiryStatusRequest,com.realestate.backend.security.CustomUserDetails); target is of class [com.realestate.backend.controller.InquiryController]",
  "service" : "estate_flow-backend",
  "path" : "/api/inquiries/6fd8708c-0e0b-4691-9069-7cd87ea86cb5/status",
  "correlationId" : "06f52d87-1c59-4e0a-b826-9554eba32cdc",
  "actorId" : "hesenovelsen@gmail.com",
  "method" : "PATCH",
  "actorRole" : "ROLE_SUPER_ADMIN"
}
{
  "timestamp" : "2026-09-02T02:01:22.4529455+03:00",
  "level" : "DEBUG",
  "message" : "Authorized method invocation ReflectiveMethodInvocation: public org.springframework.http.ResponseEntity com.realestate.backend.controller.InquiryController.updateInquiryStatus(java.util.UUID,com.realestate.backend.dto.request.UpdateInquiryStatusRequest,com.realestate.backend.security.CustomUserDetails); target is of class [com.realestate.backend.controller.InquiryController]",
  "service" : "estate_flow-backend",
  "path" : "/api/inquiries/6fd8708c-0e0b-4691-9069-7cd87ea86cb5/status",
  "correlationId" : "06f52d87-1c59-4e0a-b826-9554eba32cdc",
  "actorId" : "hesenovelsen@gmail.com",
  "method" : "PATCH",
  "actorRole" : "ROLE_SUPER_ADMIN"
}
{
  "timestamp" : "2026-09-02T02:01:22.532248+03:00",
  "level" : "DEBUG",
  "message" : "\r\n    select\r\n        ie1_0.id,\r\n        ie1_0.agency_id,\r\n        ie1_0.assigned_agent_id,\r\n        ie1_0.client_id,\r\n        ie1_0.created_at,\r\n        ie1_0.message,\r\n        ie1_0.preferred_contact_method,\r\n        ie1_0.property_id,\r\n        ie1_0.status,\r\n        ie1_0.updated_at \r\n    from\r\n        inquiries ie1_0 \r\n    where\r\n        ie1_0.id=?",
  "service" : "estate_flow-backend",
  "path" : "/api/inquiries/6fd8708c-0e0b-4691-9069-7cd87ea86cb5/status",
  "correlationId" : "06f52d87-1c59-4e0a-b826-9554eba32cdc",
  "actorId" : "hesenovelsen@gmail.com",
  "method" : "PATCH",
  "actorRole" : "ROLE_SUPER_ADMIN"
}
{
  "timestamp" : "2026-09-02T02:01:22.6312159+03:00",
  "level" : "WARN",
  "message" : "Bad request at /api/inquiries/6fd8708c-0e0b-4691-9069-7cd87ea86cb5/status: Allowed statuses:  [CONTACTED, CLOSED]",
  "service" : "estate_flow-backend",
  "path" : "/api/inquiries/6fd8708c-0e0b-4691-9069-7cd87ea86cb5/status",
  "correlationId" : "06f52d87-1c59-4e0a-b826-9554eba32cdc",
  "actorId" : "hesenovelsen@gmail.com",
  "method" : "PATCH",
  "actorRole" : "ROLE_SUPER_ADMIN"
}
{
  "timestamp" : "2026-09-02T02:01:22.6492143+03:00",
  "level" : "WARN",
  "message" : "request_completed",
  "service" : "estate_flow-backend",
  "path" : "/api/inquiries/6fd8708c-0e0b-4691-9069-7cd87ea86cb5/status",
  "correlationId" : "06f52d87-1c59-4e0a-b826-9554eba32cdc",
  "actorId" : "hesenovelsen@gmail.com",
  "method" : "PATCH",
  "actorRole" : "ROLE_SUPER_ADMIN",
  "status" : 400,
  "durationMs" : 246
}
{
  "timestamp" : "2026-09-02T02:34:50.1983366+03:00",
  "level" : "INFO",
  "message" : "Commencing graceful shutdown. Waiting for active requests to complete",
  "service" : "estate_flow-backend"
}
{
  "timestamp" : "2026-09-02T02:34:50.3889026+03:00",
  "level" : "INFO",
  "message" : "Graceful shutdown complete",
  "service" : "estate_flow-backend"
}
{
  "timestamp" : "2026-09-02T02:34:50.6911623+03:00",
  "level" : "INFO",
  "message" : "Closing JPA EntityManagerFactory for persistence unit 'default'",
  "service" : "estate_flow-backend"
}
{
  "timestamp" : "2026-09-02T02:34:51.2978924+03:00",
  "level" : "INFO",
  "message" : "HikariPool-1 - Shutdown initiated...",
  "service" : "estate_flow-backend"
}
{
  "timestamp" : "2026-09-02T02:34:51.4218369+03:00",
  "level" : "INFO",
  "message" : "HikariPool-1 - Shutdown completed.",
  "service" : "estate_flow-backend"
}
{
  "timestamp" : "2026-09-02T02:35:01.6094357+03:00",
  "level" : "INFO",
  "message" : "HV000001: Hibernate Validator 9.0.1.Final",
  "service" : "estate_flow-backend"
}
{
  "timestamp" : "2026-09-02T02:35:01.8370312+03:00",
  "level" : "INFO",
  "message" : "Starting BackendApplication using Java 21.0.9 with PID 16876 (D:\\All materials\\Matrix\\Matrix (Java Programming)\\Graduation Project\\Real Estate App\\Real-Estate-App\\backend\\build\\classes\\java\\main started by PC in D:\\All materials\\Matrix\\Matrix (Java Programming)\\Graduation Project\\Real Estate App\\Real-Estate-App\\backend)",
  "service" : "estate_flow-backend"
}
{
  "timestamp" : "2026-09-02T02:35:01.8380293+03:00",
  "level" : "DEBUG",
  "message" : "Running with Spring Boot v4.0.6, Spring v7.0.7",
  "service" : "estate_flow-backend"
}
{
  "timestamp" : "2026-09-02T02:35:01.8390291+03:00",
  "level" : "INFO",
  "message" : "The following 1 profile is active: \"dev\"",
  "service" : "estate_flow-backend"
}
{
  "timestamp" : "2026-09-02T02:35:02.0943948+03:00",
  "level" : "INFO",
  "message" : "Devtools property defaults active! Set 'spring.devtools.add-properties' to 'false' to disable",
  "service" : "estate_flow-backend"
}
{
  "timestamp" : "2026-09-02T02:35:02.0943948+03:00",
  "level" : "INFO",
  "message" : "For additional web related logging consider setting the 'logging.level.web' property to 'DEBUG'",
  "service" : "estate_flow-backend"
}
{
  "timestamp" : "2026-09-02T02:35:05.1976907+03:00",
  "level" : "INFO",
  "message" : "Bootstrapping Spring Data JPA repositories in DEFAULT mode.",
  "service" : "estate_flow-backend"
}
{
  "timestamp" : "2026-09-02T02:35:05.3692093+03:00",
  "level" : "INFO",
  "message" : "Finished Spring Data repository scanning in 156 ms. Found 19 JPA repository interfaces.",
  "service" : "estate_flow-backend"
}
{
  "timestamp" : "2026-09-02T02:35:06.7649008+03:00",
  "level" : "INFO",
  "message" : "Tomcat initialized with port 8080 (http)",
  "service" : "estate_flow-backend"
}
{
  "timestamp" : "2026-09-02T02:35:06.7808736+03:00",
  "level" : "INFO",
  "message" : "Initializing ProtocolHandler [\"http-nio-8080\"]",
  "service" : "estate_flow-backend"
}
{
  "timestamp" : "2026-09-02T02:35:06.7828744+03:00",
  "level" : "INFO",
  "message" : "Starting service [Tomcat]",
  "service" : "estate_flow-backend"
}
{
  "timestamp" : "2026-09-02T02:35:06.7838743+03:00",
  "level" : "INFO",
  "message" : "Starting Servlet engine: [Apache Tomcat/11.0.21]",
  "service" : "estate_flow-backend"
}
{
  "timestamp" : "2026-09-02T02:35:06.8674335+03:00",
  "level" : "INFO",
  "message" : "Root WebApplicationContext: initialization completed in 4771 ms",
  "service" : "estate_flow-backend"
}
{
  "timestamp" : "2026-09-02T02:35:07.0497514+03:00",
  "level" : "INFO",
  "message" : "HikariPool-1 - Starting...",
  "service" : "estate_flow-backend"
}
{
  "timestamp" : "2026-09-02T02:35:07.3943303+03:00",
  "level" : "INFO",
  "message" : "HikariPool-1 - Added connection org.postgresql.jdbc.PgConnection@45a6cba3",
  "service" : "estate_flow-backend"
}
{
  "timestamp" : "2026-09-02T02:35:07.3963648+03:00",
  "level" : "INFO",
  "message" : "HikariPool-1 - Start completed.",
  "service" : "estate_flow-backend"
}
{
  "timestamp" : "2026-09-02T02:35:07.6086541+03:00",
  "level" : "INFO",
  "message" : "Set default schema name to public",
  "service" : "estate_flow-backend"
}
{
  "timestamp" : "2026-09-02T02:35:09.9583076+03:00",
  "level" : "INFO",
  "message" : "Reading resource: db/changelog/1.0/V1.0.00-create-users-table.sql",
  "service" : "estate_flow-backend"
}
{
  "timestamp" : "2026-09-02T02:35:10.2762049+03:00",
  "level" : "INFO",
  "message" : "Reading from public.databasechangelog",
  "service" : "estate_flow-backend"
}
{
  "timestamp" : "2026-09-02T02:35:10.2872051+03:00",
  "level" : "INFO",
  "message" : "Reading resource: db/changelog/1.0/V1.0.01-create-roles-table.sql",
  "service" : "estate_flow-backend"
}
{
  "timestamp" : "2026-09-02T02:35:10.2902058+03:00",
  "level" : "INFO",
  "message" : "Reading resource: db/changelog/1.0/V1.0.02-create-agencies-table.sql",
  "service" : "estate_flow-backend"
}
{
  "timestamp" : "2026-09-02T02:35:10.2942068+03:00",
  "level" : "INFO",
  "message" : "Reading resource: db/changelog/1.0/V1.0.03-create-categories-table.sql",
  "service" : "estate_flow-backend"
}
{
  "timestamp" : "2026-09-02T02:35:10.2982105+03:00",
  "level" : "INFO",
  "message" : "Reading resource: db/changelog/1.0/V1.0.04-create-subscription-plans-table.sql",
  "service" : "estate_flow-backend"
}
{
  "timestamp" : "2026-09-02T02:35:10.3022056+03:00",
  "level" : "INFO",
  "message" : "Reading resource: db/changelog/1.0/V1.0.05-create-user-roles-table.sql",
  "service" : "estate_flow-backend"
}
{
  "timestamp" : "2026-09-02T02:35:10.3062071+03:00",
  "level" : "INFO",
  "message" : "Reading resource: db/changelog/1.0/V1.0.06-create-agency-members-table.sql",
  "service" : "estate_flow-backend"
}
{
  "timestamp" : "2026-09-02T02:35:10.3102945+03:00",
  "level" : "INFO",
  "message" : "Reading resource: db/changelog/1.0/V1.0.07-create-agency-subscriptions-table.sql",
  "service" : "estate_flow-backend"
}
{
  "timestamp" : "2026-09-02T02:35:10.3145119+03:00",
  "level" : "INFO",
  "message" : "Reading resource: db/changelog/1.0/V1.0.08-create-properties-table.sql",
  "service" : "estate_flow-backend"
}
{
  "timestamp" : "2026-09-02T02:35:10.3195119+03:00",
  "level" : "INFO",
  "message" : "Reading resource: db/changelog/1.0/V1.0.09-create-media-files-table.sql",
  "service" : "estate_flow-backend"
}
{
  "timestamp" : "2026-09-02T02:35:10.3245131+03:00",
  "level" : "INFO",
  "message" : "Reading resource: db/changelog/1.0/V1.0.10-create-favorites-table.sql",
  "service" : "estate_flow-backend"
}
{
  "timestamp" : "2026-09-02T02:35:10.3305141+03:00",
  "level" : "INFO",
  "message" : "Reading resource: db/changelog/1.0/V1.0.11-create-inquiries-table.sql",
  "service" : "estate_flow-backend"
}
{
  "timestamp" : "2026-09-02T02:35:10.3355122+03:00",
  "level" : "INFO",
  "message" : "Reading resource: db/changelog/1.0/V1.0.12-create-appointments-table.sql",
  "service" : "estate_flow-backend"
}
{
  "timestamp" : "2026-09-02T02:35:10.3395443+03:00",
  "level" : "INFO",
  "message" : "Reading resource: db/changelog/1.0/V1.0.13-create-reviews-table.sql",
  "service" : "estate_flow-backend"
}
{
  "timestamp" : "2026-09-02T02:35:10.3435128+03:00",
  "level" : "INFO",
  "message" : "Reading resource: db/changelog/1.0/V1.0.14-create-refresh-tokens-table.sql",
  "service" : "estate_flow-backend"
}
{
  "timestamp" : "2026-09-02T02:35:10.3475447+03:00",
  "level" : "INFO",
  "message" : "Reading resource: db/changelog/1.0/V1.0.15-create-password-reset-tokens-table.sql",
  "service" : "estate_flow-backend"
}
{
  "timestamp" : "2026-09-02T02:35:10.3505148+03:00",
  "level" : "INFO",
  "message" : "Reading resource: db/changelog/1.0/V1.0.16-create-agency-media-table.sql",
  "service" : "estate_flow-backend"
}
{
  "timestamp" : "2026-09-02T02:35:10.3545139+03:00",
  "level" : "INFO",
  "message" : "Reading resource: db/changelog/1.0/V1.0.17-create-user-media-table.sql",
  "service" : "estate_flow-backend"
}
{
  "timestamp" : "2026-09-02T02:35:10.3575149+03:00",
  "level" : "INFO",
  "message" : "Reading resource: db/changelog/1.0/V1.0.18-create-property-media-table.sql",
  "service" : "estate_flow-backend"
}
{
  "timestamp" : "2026-09-02T02:35:10.3615237+03:00",
  "level" : "INFO",
  "message" : "Reading resource: db/changelog/1.0/V1.0.19-create-password-reset-otp-table.sql",
  "service" : "estate_flow-backend"
}
{
  "timestamp" : "2026-09-02T02:35:10.5115166+03:00",
  "level" : "INFO",
  "message" : "Reading resource: db/changelog/2.0/V2.0.16-insert-default-categories.sql",
  "service" : "estate_flow-backend"
}
{
  "timestamp" : "2026-09-02T02:35:10.5155236+03:00",
  "level" : "INFO",
  "message" : "Reading resource: db/changelog/2.0/V2.0.17-insert-default-roles.sql",
  "service" : "estate_flow-backend"
}
{
  "timestamp" : "2026-09-02T02:35:10.5185143+03:00",
  "level" : "INFO",
  "message" : "Reading resource: db/changelog/2.0/V2.0.18-insert-default-subscription-plans.sql",
  "service" : "estate_flow-backend"
}
{
  "timestamp" : "2026-09-02T02:35:10.5265183+03:00",
  "level" : "INFO",
  "message" : "Reading resource: db/changelog/2.0/V2.0.19-add-agency-id-to-users-table.sql",
  "service" : "estate_flow-backend"
}
{
  "timestamp" : "2026-09-02T02:35:10.5405137+03:00",
  "level" : "INFO",
  "message" : "Reading resource: db/changelog/2.0/V2.0.20-change-role-name-from -inserted-roles.sql",
  "service" : "estate_flow-backend"
}
{
  "timestamp" : "2026-09-02T02:35:10.5435164+03:00",
  "level" : "INFO",
  "message" : "Reading resource: db/changelog/2.0/V2.0.21-insert-new-admin-role-ro-roles-table.sql",
  "service" : "estate_flow-backend"
}
{
  "timestamp" : "2026-09-02T02:35:10.552512+03:00",
  "level" : "INFO",
  "message" : "Reading resource: db/changelog/2.0/V2.0.22-insert-new-column-isDeleted-to-agencies-table.sql",
  "service" : "estate_flow-backend"
}
{
  "timestamp" : "2026-09-02T02:35:10.5665131+03:00",
  "level" : "INFO",
  "message" : "Reading resource: db/changelog/2.0/V2.0.23-insert-new-column-deleted-to-subscription-plans-table.sql",
  "service" : "estate_flow-backend"
}
{
  "timestamp" : "2026-09-02T02:35:10.5685148+03:00",
  "level" : "INFO",
  "message" : "Reading resource: db/changelog/2.0/V2.0.23-update-the-column-isDeleted-in-agencies-table.sql",
  "service" : "estate_flow-backend"
}
{
  "timestamp" : "2026-09-02T02:35:10.6119199+03:00",
  "level" : "INFO",
  "message" : "Reading resource: db/changelog/2.0/V2.0.25-insert-new-column-agency_id-to-inquiries-table.sql",
  "service" : "estate_flow-backend"
}
{
  "timestamp" : "2026-09-02T02:35:10.6189172+03:00",
  "level" : "INFO",
  "message" : "Reading resource: db/changelog/2.0/V2.0.26-remove-uniqueness-contraint-for-agency_id-in-inquiries-table.sql",
  "service" : "estate_flow-backend"
}
{
  "timestamp" : "2026-09-02T02:35:10.6349199+03:00",
  "level" : "INFO",
  "message" : "Reading resource: db/changelog/2.0/V2.0.27-insert-new-column-agency_id-to-appointments-table.sql",
  "service" : "estate_flow-backend"
}
{
  "timestamp" : "2026-09-02T02:35:10.6409796+03:00",
  "level" : "INFO",
  "message" : "Reading resource: db/changelog/2.0/V2.0.28-refactor-media-files-table-for-generic-media-storage.sql",
  "service" : "estate_flow-backend"
}
{
  "timestamp" : "2026-09-02T02:35:10.644993+03:00",
  "level" : "INFO",
  "message" : "Reading resource: db/changelog/2.0/V2.0.29-remove-logo-url-from-agencies-table.sql",
  "service" : "estate_flow-backend"
}
{
  "timestamp" : "2026-09-02T02:35:10.6518655+03:00",
  "level" : "INFO",
  "message" : "Reading resource: db/changelog/2.0/V2.0.30-insert-new-column-deleted-to-categories-table.sql",
  "service" : "estate_flow-backend"
}
{
  "timestamp" : "2026-09-02T02:35:10.6558657+03:00",
  "level" : "INFO",
  "message" : "Reading resource: db/changelog/2.0/V2.0.31-insert-new-column-target-to-reviews-table.sql",
  "service" : "estate_flow-backend"
}
{
  "timestamp" : "2026-09-02T02:35:10.6618679+03:00",
  "level" : "INFO",
  "message" : "Reading resource: db/changelog/2.0/V2.0.32-insert-new-column-currency-to-properties-table.sql",
  "service" : "estate_flow-backend"
}
{
  "timestamp" : "2026-09-02T02:35:10.666861+03:00",
  "level" : "INFO",
  "message" : "Reading resource: db/changelog/2.0/V2.0.33-insert-new-column-deleted-to-users-table.sql",
  "service" : "estate_flow-backend"
}
{
  "timestamp" : "2026-09-02T02:35:10.8371031+03:00",
  "level" : "INFO",
  "message" : "Database is up to date, no changesets to execute",
  "service" : "estate_flow-backend"
}
{
  "timestamp" : "2026-09-02T02:35:10.8391029+03:00",
  "level" : "INFO",
  "message" : "Reading from public.databasechangelog",
  "service" : "estate_flow-backend"
}
{
  "timestamp" : "2026-09-02T02:35:10.8781111+03:00",
  "level" : "INFO",
  "message" : "UPDATE SUMMARY",
  "service" : "estate_flow-backend"
}
{
  "timestamp" : "2026-09-02T02:35:10.8781111+03:00",
  "level" : "INFO",
  "message" : "Run:                          0",
  "service" : "estate_flow-backend"
}
{
  "timestamp" : "2026-09-02T02:35:10.8791147+03:00",
  "level" : "INFO",
  "message" : "Previously run:              38",
  "service" : "estate_flow-backend"
}
{
  "timestamp" : "2026-09-02T02:35:10.8791147+03:00",
  "level" : "INFO",
  "message" : "Filtered out:                 0",
  "service" : "estate_flow-backend"
}
{
  "timestamp" : "2026-09-02T02:35:10.8791147+03:00",
  "level" : "INFO",
  "message" : "-------------------------------",
  "service" : "estate_flow-backend"
}
{
  "timestamp" : "2026-09-02T02:35:10.8791147+03:00",
  "level" : "INFO",
  "message" : "Total change sets:           38",
  "service" : "estate_flow-backend"
}
{
  "timestamp" : "2026-09-02T02:35:10.8821047+03:00",
  "level" : "INFO",
  "message" : "Update summary generated",
  "service" : "estate_flow-backend"
}
{
  "timestamp" : "2026-09-02T02:35:10.8831053+03:00",
  "level" : "INFO",
  "message" : "Command execution complete",
  "service" : "estate_flow-backend"
}
{
  "timestamp" : "2026-09-02T02:35:11.1221541+03:00",
  "level" : "INFO",
  "message" : "HHH008540: Processing PersistenceUnitInfo [name: default]",
  "service" : "estate_flow-backend"
}
{
  "timestamp" : "2026-09-02T02:35:11.4249049+03:00",
  "level" : "INFO",
  "message" : "HHH000001: Hibernate ORM core version 7.2.12.Final",
  "service" : "estate_flow-backend"
}
{
  "timestamp" : "2026-09-02T02:35:12.4608924+03:00",
  "level" : "INFO",
  "message" : "No LoadTimeWeaver setup: ignoring JPA class transformer",
  "service" : "estate_flow-backend"
}
{
  "timestamp" : "2026-09-02T02:35:12.5577505+03:00",
  "level" : "WARN",
  "message" : "HHH90000025: PostgreSQLDialect does not need to be specified explicitly using 'hibernate.dialect' (remove the property setting and it will be selected by default)",
  "service" : "estate_flow-backend"
}
{
  "timestamp" : "2026-09-02T02:35:12.5806508+03:00",
  "level" : "INFO",
  "message" : "HHH10001005: Database info:\n\tDatabase JDBC URL [jdbc:postgresql://localhost:5432/real_estate_dev_db]\n\tDatabase driver: PostgreSQL JDBC Driver\n\tDatabase dialect: PostgreSQLDialect\n\tDatabase version: 18.3\n\tDefault catalog/schema: real_estate_dev_db/public\n\tAutocommit mode: undefined/unknown\n\tIsolation level: READ_COMMITTED [default READ_COMMITTED]\n\tJDBC fetch size: none\n\tPool: DataSourceConnectionProvider\n\tMinimum pool size: undefined/unknown\n\tMaximum pool size: undefined/unknown",
  "service" : "estate_flow-backend"
}
{
  "timestamp" : "2026-09-02T02:35:14.963696+03:00",
  "level" : "INFO",
  "message" : "HHH000489: No JTA platform available (set 'hibernate.transaction.jta.platform' to enable JTA platform integration)",
  "service" : "estate_flow-backend"
}
{
  "timestamp" : "2026-09-02T02:35:15.0882739+03:00",
  "level" : "INFO",
  "message" : "Initialized JPA EntityManagerFactory for persistence unit 'default'",
  "service" : "estate_flow-backend"
}
{
  "timestamp" : "2026-09-02T02:35:15.1974052+03:00",
  "level" : "INFO",
  "message" : "Hibernate is in classpath; If applicable, HQL parser will be used.",
  "service" : "estate_flow-backend"
}
{
  "timestamp" : "2026-09-02T02:35:16.5765449+03:00",
  "level" : "DEBUG",
  "message" : "Filter 'jwtAuthenticationFilter' configured for use",
  "service" : "estate_flow-backend"
}
{
  "timestamp" : "2026-09-02T02:35:16.5775389+03:00",
  "level" : "DEBUG",
  "message" : "Filter 'rateLimitFilter' configured for use",
  "service" : "estate_flow-backend"
}
{
  "timestamp" : "2026-09-02T02:35:16.5775389+03:00",
  "level" : "DEBUG",
  "message" : "Filter 'requestLoggingFilter' configured for use",
  "service" : "estate_flow-backend"
}
{
  "timestamp" : "2026-09-02T02:35:16.5785446+03:00",
  "level" : "DEBUG",
  "message" : "Filter 'mdcLoggingFilter' configured for use",
  "service" : "estate_flow-backend"
}
{
  "timestamp" : "2026-09-02T02:35:17.8832533+03:00",
  "level" : "INFO",
  "message" : "MinIO bucket 'estateflow' already exists",
  "service" : "estate_flow-backend"
}
{
  "timestamp" : "2026-09-02T02:35:18.403355+03:00",
  "level" : "INFO",
  "message" : "Global AuthenticationManager configured with AuthenticationProvider bean with name authenticationProvider",
  "service" : "estate_flow-backend"
}
{
  "timestamp" : "2026-09-02T02:35:18.404327+03:00",
  "level" : "WARN",
  "message" : "Global AuthenticationManager configured with an AuthenticationProvider bean. UserDetailsService beans will not be used by Spring Security for automatically configuring username/password login. Consider removing the AuthenticationProvider bean. Alternatively, consider using the UserDetailsService in a manually instantiated DaoAuthenticationProvider. If the current configuration is intentional, to turn off this warning, increase the logging level of 'org.springframework.security.config.annotation.authentication.configuration.InitializeUserDetailsBeanManagerConfigurer' to ERROR",
  "service" : "estate_flow-backend"
}
{
  "timestamp" : "2026-09-02T02:35:19.0264933+03:00",
  "level" : "WARN",
  "message" : "spring.jpa.open-in-view is enabled by default. Therefore, database queries may be performed during view rendering. Explicitly configure spring.jpa.open-in-view to disable this warning",
  "service" : "estate_flow-backend"
}
{
  "timestamp" : "2026-09-02T02:35:19.5363991+03:00",
  "level" : "DEBUG",
  "message" : "Will secure any request with filters: DisableEncodeUrlFilter, WebAsyncManagerIntegrationFilter, SecurityContextHolderFilter, HeaderWriterFilter, CorsFilter, LogoutFilter, JwtAuthenticationFilter, MdcLoggingFilter, RateLimitFilter, RequestLoggingFilter, RequestCacheAwareFilter, SecurityContextHolderAwareRequestFilter, AnonymousAuthenticationFilter, SessionManagementFilter, ExceptionTranslationFilter, AuthorizationFilter",
  "service" : "estate_flow-backend"
}
{
  "timestamp" : "2026-09-02T02:35:20.7810461+03:00",
  "level" : "INFO",
  "message" : "Starting ProtocolHandler [\"http-nio-8080\"]",
  "service" : "estate_flow-backend"
}
{
  "timestamp" : "2026-09-02T02:35:20.8390102+03:00",
  "level" : "INFO",
  "message" : "Tomcat started on port 8080 (http) with context path '/api'",
  "service" : "estate_flow-backend"
}
{
  "timestamp" : "2026-09-02T02:35:20.854011+03:00",
  "level" : "INFO",
  "message" : "Started BackendApplication in 21.066 seconds (process running for 22.57)",
  "service" : "estate_flow-backend"
}
{
  "timestamp" : "2026-09-02T02:35:37.1893621+03:00",
  "level" : "INFO",
  "message" : "Initializing Spring DispatcherServlet 'dispatcherServlet'",
  "service" : "estate_flow-backend"
}
{
  "timestamp" : "2026-09-02T02:35:37.1893621+03:00",
  "level" : "INFO",
  "message" : "Initializing Servlet 'dispatcherServlet'",
  "service" : "estate_flow-backend"
}
{
  "timestamp" : "2026-09-02T02:35:37.1913658+03:00",
  "level" : "INFO",
  "message" : "Completed initialization in 1 ms",
  "service" : "estate_flow-backend"
}
{
  "timestamp" : "2026-09-02T02:35:37.2043689+03:00",
  "level" : "DEBUG",
  "message" : "Securing POST /auth/login",
  "service" : "estate_flow-backend"
}
{
  "timestamp" : "2026-09-02T02:35:37.4645684+03:00",
  "level" : "ERROR",
  "message" : "Servlet.service() for servlet [dispatcherServlet] in context with path [/api] threw exception",
  "service" : "estate_flow-backend",
  "stackTrace" : "io.jsonwebtoken.ExpiredJwtException: JWT expired 252461 milliseconds ago at 2026-09-01T23:31:25.000Z. Current time: 2026-09-01T23:35:37.461Z. Allowed clock skew: 0 milliseconds.\r\n\tat io.jsonwebtoken.impl.DefaultJwtParser.parse(DefaultJwtParser.java:691)\r\n\tat io.jsonwebtoken.impl.DefaultJwtParser.parse(DefaultJwtParser.java:364)\r\n\tat io.jsonwebtoken.impl.DefaultJwtParser.parse(DefaultJwtParser.java:94)\r\n\tat io.jsonwebtoken.impl.io.AbstractParser.parse(AbstractParser.java:36)\r\n\tat io.jsonwebtoken.impl.io.AbstractParser.parse(AbstractParser.java:29)\r\n\tat io.jsonwebtoken.impl.DefaultJwtParser.parseSignedClaims(DefaultJwtParser.java:830)\r\n\tat com.realestate.backend.security.JwtService.extractClaims(JwtService.java:80)\r\n\tat com.realestate.backend.security.JwtService.extractEmail(JwtService.java:53)\r\n\tat com.realestate.backend.security.JwtAuthenticationFilter.doFilterInternal(JwtAuthenticationFilter.java:59)\r\n\tat org.springframework.web.filter.OncePerRequestFilter.doFilter(OncePerRequestFilter.java:116)\r\n\tat org.springframework.security.web.FilterChainProxy$VirtualFilterChain.doFilter(FilterChainProxy.java:385)\r\n\tat org.springframework.security.web.authentication.logout.LogoutFilter.doFilter(LogoutFilter.java:110)\r\n\tat org.springframework.security.web.authentication.logout.LogoutFilter.doFilter(LogoutFilter.java:96)\r\n\tat org.springframework.security.web.FilterChainProxy$VirtualFilterChain.doFilter(FilterChainProxy.java:385)\r\n\tat org.springframework.web.filter.CorsFilter.doFilterInternal(CorsFilter.java:91)\r\n\tat org.springframework.web.filter.OncePerRequestFilter.doFilter(OncePerRequestFilter.java:116)\r\n\tat org.springframework.security.web.FilterChainProxy$VirtualFilterChain.doFilter(FilterChainProxy.java:385)\r\n\tat org.springframework.security.web.header.HeaderWriterFilter.doHeadersAfter(HeaderWriterFilter.java:90)\r\n\tat org.springframework.security.web.header.HeaderWriterFilter.doFilterInternal(HeaderWriterFilter.java:75)\r\n\tat org.springframework.web.filter.OncePerRequestFilter.doFilter(OncePerRequestFilter.java:116)\r\n\tat org.springframework.security.web.FilterChainProxy$VirtualFilterChain.doFilter(FilterChainProxy.java:385)\r\n\tat org.springframework.security.web.context.SecurityContextHolderFilter.doFilter(SecurityContextHolderFilter.java:82)\r\n\tat org.springframework.security.web.context.SecurityContextHolderFilter.doFilter(SecurityContextHolderFilter.java:69)\r\n\tat org.springframework.security.web.FilterChainProxy$VirtualFilterChain.doFilter(FilterChainProxy.java:385)\r\n\tat org.springframework.security.web.context.request.async.WebAsyncManagerIntegrationFilter.doFilterInternal(WebAsyncManagerIntegrationFilter.java:62)\r\n\tat org.springframework.web.filter.OncePerRequestFilter.doFilter(OncePerRequestFilter.java:116)\r\n\tat org.springframework.security.web.FilterChainProxy$VirtualFilterChain.doFilter(FilterChainProxy.java:385)\r\n\tat org.springframework.security.web.session.DisableEncodeUrlFilter.doFilterInternal(DisableEncodeUrlFilter.java:42)\r\n\tat org.springframework.web.filter.OncePerRequestFilter.doFilter(OncePerRequestFilter.java:116)\r\n\tat org.springframework.security.web.FilterChainProxy$VirtualFilterChain.doFilter(FilterChainProxy.java:385)\r\n\t... 35 frames truncated\r\n"
}
{
  "timestamp" : "2026-09-02T02:35:37.477562+03:00",
  "level" : "DEBUG",
  "message" : "Securing GET /error",
  "service" : "estate_flow-backend"
}
{
  "timestamp" : "2026-09-02T02:35:37.4806034+03:00",
  "level" : "DEBUG",
  "message" : "Set SecurityContextHolder to anonymous SecurityContext",
  "service" : "estate_flow-backend"
}
{
  "timestamp" : "2026-09-02T02:35:37.483563+03:00",
  "level" : "WARN",
  "message" : "Unauthenticated request to /api/error: Full authentication is required to access this resource",
  "service" : "estate_flow-backend"
}
{
  "timestamp" : "2026-09-02T02:36:30.8069856+03:00",
  "level" : "DEBUG",
  "message" : "Securing POST /auth/login",
  "service" : "estate_flow-backend"
}
{
  "timestamp" : "2026-09-02T02:36:30.8510891+03:00",
  "level" : "DEBUG",
  "message" : "Rate limit check passed: policy=AUTH, remainingTokens=4",
  "service" : "estate_flow-backend",
  "method" : "POST",
  "path" : "/api/auth/login",
  "correlationId" : "d5fc6582-be0f-4925-90e8-7f8298c6b039"
}
{
  "timestamp" : "2026-09-02T02:36:30.8520937+03:00",
  "level" : "DEBUG",
  "message" : "Set SecurityContextHolder to anonymous SecurityContext",
  "service" : "estate_flow-backend",
  "method" : "POST",
  "path" : "/api/auth/login",
  "correlationId" : "d5fc6582-be0f-4925-90e8-7f8298c6b039"
}
{
  "timestamp" : "2026-09-02T02:36:30.8531022+03:00",
  "level" : "DEBUG",
  "message" : "Secured POST /auth/login",
  "service" : "estate_flow-backend",
  "method" : "POST",
  "path" : "/api/auth/login",
  "correlationId" : "d5fc6582-be0f-4925-90e8-7f8298c6b039"
}
{
  "timestamp" : "2026-09-02T02:36:31.3045293+03:00",
  "level" : "DEBUG",
  "message" : "\r\n    select\r\n        ue1_0.id,\r\n        ue1_0.agency_id,\r\n        ue1_0.created_at,\r\n        ue1_0.deleted,\r\n        ue1_0.email,\r\n        ue1_0.email_verified,\r\n        ue1_0.enabled,\r\n        ue1_0.full_name,\r\n        ue1_0.password_hash,\r\n        ue1_0.phone_number,\r\n        r1_0.user_id,\r\n        r1_1.id,\r\n        r1_1.description,\r\n        r1_1.name,\r\n        ue1_0.updated_at \r\n    from\r\n        users ue1_0 \r\n    left join\r\n        user_roles r1_0 \r\n            on ue1_0.id=r1_0.user_id \r\n    left join\r\n        roles r1_1 \r\n            on r1_1.id=r1_0.role_id \r\n    where\r\n        ue1_0.email=?",
  "service" : "estate_flow-backend",
  "method" : "POST",
  "path" : "/api/auth/login",
  "correlationId" : "d5fc6582-be0f-4925-90e8-7f8298c6b039"
}
{
  "timestamp" : "2026-09-02T02:36:31.4301807+03:00",
  "level" : "DEBUG",
  "message" : "\r\n    select\r\n        ume1_0.id,\r\n        ume1_0.created_at,\r\n        ume1_0.is_primary,\r\n        ume1_0.media_id,\r\n        ume1_0.purpose,\r\n        ume1_0.user_id \r\n    from\r\n        user_media ume1_0 \r\n    where\r\n        ume1_0.user_id=?",
  "service" : "estate_flow-backend",
  "method" : "POST",
  "path" : "/api/auth/login",
  "correlationId" : "d5fc6582-be0f-4925-90e8-7f8298c6b039"
}
{
  "timestamp" : "2026-09-02T02:36:31.5715741+03:00",
  "level" : "DEBUG",
  "message" : "Authenticated user",
  "service" : "estate_flow-backend",
  "method" : "POST",
  "path" : "/api/auth/login",
  "correlationId" : "d5fc6582-be0f-4925-90e8-7f8298c6b039"
}
{
  "timestamp" : "2026-09-02T02:36:31.5935713+03:00",
  "level" : "DEBUG",
  "message" : "\r\n    select\r\n        ue1_0.id,\r\n        ue1_0.agency_id,\r\n        ue1_0.created_at,\r\n        ue1_0.deleted,\r\n        ue1_0.email,\r\n        ue1_0.email_verified,\r\n        ue1_0.enabled,\r\n        ue1_0.full_name,\r\n        ue1_0.password_hash,\r\n        ue1_0.phone_number,\r\n        r1_0.user_id,\r\n        r1_1.id,\r\n        r1_1.description,\r\n        r1_1.name,\r\n        ue1_0.updated_at \r\n    from\r\n        users ue1_0 \r\n    left join\r\n        user_roles r1_0 \r\n            on ue1_0.id=r1_0.user_id \r\n    left join\r\n        roles r1_1 \r\n            on r1_1.id=r1_0.role_id \r\n    where\r\n        ue1_0.email=?",
  "service" : "estate_flow-backend",
  "method" : "POST",
  "path" : "/api/auth/login",
  "correlationId" : "d5fc6582-be0f-4925-90e8-7f8298c6b039"
}
{
  "timestamp" : "2026-09-02T02:36:31.6045724+03:00",
  "level" : "DEBUG",
  "message" : "\r\n    select\r\n        ame1_0.id,\r\n        ame1_0.active,\r\n        ame1_0.agency_id,\r\n        ame1_0.created_at,\r\n        ame1_0.updated_at,\r\n        ame1_0.user_id \r\n    from\r\n        agency_members ame1_0 \r\n    where\r\n        ame1_0.user_id=? \r\n        and ame1_0.active=true",
  "service" : "estate_flow-backend",
  "method" : "POST",
  "path" : "/api/auth/login",
  "correlationId" : "d5fc6582-be0f-4925-90e8-7f8298c6b039"
}
{
  "timestamp" : "2026-09-02T02:36:31.6325721+03:00",
  "level" : "INFO",
  "message" : "Refresh token created for user hesenovelsen@gmail.com",
  "service" : "estate_flow-backend",
  "method" : "POST",
  "path" : "/api/auth/login",
  "correlationId" : "d5fc6582-be0f-4925-90e8-7f8298c6b039"
}
{
  "timestamp" : "2026-09-02T02:36:31.6335872+03:00",
  "level" : "INFO",
  "message" : "User 'hesenovelsen@gmail.com' logged in successfully",
  "service" : "estate_flow-backend",
  "method" : "POST",
  "path" : "/api/auth/login",
  "correlationId" : "d5fc6582-be0f-4925-90e8-7f8298c6b039"
}
{
  "timestamp" : "2026-09-02T02:36:31.6845732+03:00",
  "level" : "DEBUG",
  "message" : "\r\n    insert \r\n    into\r\n        refresh_tokens\r\n        (created_at, expiry_date, ip_address, replaced_by_token_hash, revoked, revoked_at, token_hash, user_id, user_agent, id) \r\n    values\r\n        (?, ?, ?, ?, ?, ?, ?, ?, ?, ?)",
  "service" : "estate_flow-backend",
  "method" : "POST",
  "path" : "/api/auth/login",
  "correlationId" : "d5fc6582-be0f-4925-90e8-7f8298c6b039"
}
{
  "timestamp" : "2026-09-02T02:36:31.7845753+03:00",
  "level" : "INFO",
  "message" : "request_completed",
  "service" : "estate_flow-backend",
  "method" : "POST",
  "path" : "/api/auth/login",
  "correlationId" : "d5fc6582-be0f-4925-90e8-7f8298c6b039",
  "status" : 200,
  "durationMs" : 928
}
{
  "timestamp" : "2026-09-02T02:37:21.076059+03:00",
  "level" : "DEBUG",
  "message" : "Securing PUT /admin/agencies/baa4ec8f-6136-4256-a669-578bfa741a5e",
  "service" : "estate_flow-backend"
}
{
  "timestamp" : "2026-09-02T02:37:21.1333345+03:00",
  "level" : "DEBUG",
  "message" : "\r\n    select\r\n        ue1_0.id,\r\n        ue1_0.agency_id,\r\n        ue1_0.created_at,\r\n        ue1_0.deleted,\r\n        ue1_0.email,\r\n        ue1_0.email_verified,\r\n        ue1_0.enabled,\r\n        ue1_0.full_name,\r\n        ue1_0.password_hash,\r\n        ue1_0.phone_number,\r\n        r1_0.user_id,\r\n        r1_1.id,\r\n        r1_1.description,\r\n        r1_1.name,\r\n        ue1_0.updated_at \r\n    from\r\n        users ue1_0 \r\n    left join\r\n        user_roles r1_0 \r\n            on ue1_0.id=r1_0.user_id \r\n    left join\r\n        roles r1_1 \r\n            on r1_1.id=r1_0.role_id \r\n    where\r\n        ue1_0.email=?",
  "service" : "estate_flow-backend"
}
{
  "timestamp" : "2026-09-02T02:37:21.1353342+03:00",
  "level" : "DEBUG",
  "message" : "\r\n    select\r\n        ume1_0.id,\r\n        ume1_0.created_at,\r\n        ume1_0.is_primary,\r\n        ume1_0.media_id,\r\n        ume1_0.purpose,\r\n        ume1_0.user_id \r\n    from\r\n        user_media ume1_0 \r\n    where\r\n        ume1_0.user_id=?",
  "service" : "estate_flow-backend"
}
{
  "timestamp" : "2026-09-02T02:37:21.1413334+03:00",
  "level" : "DEBUG",
  "message" : "Rate limit check passed: policy=GENERAL, remainingTokens=99",
  "service" : "estate_flow-backend",
  "path" : "/api/admin/agencies/baa4ec8f-6136-4256-a669-578bfa741a5e",
  "correlationId" : "84e7962f-7db1-4b27-9aa4-eb0362f6c371",
  "actorId" : "hesenovelsen@gmail.com",
  "method" : "PUT",
  "actorRole" : "ROLE_SUPER_ADMIN"
}
{
  "timestamp" : "2026-09-02T02:37:21.1423346+03:00",
  "level" : "DEBUG",
  "message" : "Secured PUT /admin/agencies/baa4ec8f-6136-4256-a669-578bfa741a5e",
  "service" : "estate_flow-backend",
  "path" : "/api/admin/agencies/baa4ec8f-6136-4256-a669-578bfa741a5e",
  "correlationId" : "84e7962f-7db1-4b27-9aa4-eb0362f6c371",
  "actorId" : "hesenovelsen@gmail.com",
  "method" : "PUT",
  "actorRole" : "ROLE_SUPER_ADMIN"
}
{
  "timestamp" : "2026-09-02T02:37:21.1563344+03:00",
  "level" : "DEBUG",
  "message" : "Authorizing method invocation ReflectiveMethodInvocation: public org.springframework.http.ResponseEntity com.realestate.backend.controller.AdminAgencyController.updateAgency(java.util.UUID,com.realestate.backend.dto.request.UpdateAgencyRequest); target is of class [com.realestate.backend.controller.AdminAgencyController]",
  "service" : "estate_flow-backend",
  "path" : "/api/admin/agencies/baa4ec8f-6136-4256-a669-578bfa741a5e",
  "correlationId" : "84e7962f-7db1-4b27-9aa4-eb0362f6c371",
  "actorId" : "hesenovelsen@gmail.com",
  "method" : "PUT",
  "actorRole" : "ROLE_SUPER_ADMIN"
}
{
  "timestamp" : "2026-09-02T02:37:21.1663345+03:00",
  "level" : "DEBUG",
  "message" : "Authorized method invocation ReflectiveMethodInvocation: public org.springframework.http.ResponseEntity com.realestate.backend.controller.AdminAgencyController.updateAgency(java.util.UUID,com.realestate.backend.dto.request.UpdateAgencyRequest); target is of class [com.realestate.backend.controller.AdminAgencyController]",
  "service" : "estate_flow-backend",
  "path" : "/api/admin/agencies/baa4ec8f-6136-4256-a669-578bfa741a5e",
  "correlationId" : "84e7962f-7db1-4b27-9aa4-eb0362f6c371",
  "actorId" : "hesenovelsen@gmail.com",
  "method" : "PUT",
  "actorRole" : "ROLE_SUPER_ADMIN"
}
{
  "timestamp" : "2026-09-02T02:37:21.1783509+03:00",
  "level" : "DEBUG",
  "message" : "\r\n    select\r\n        ae1_0.id,\r\n        ae1_0.address,\r\n        ae1_0.city,\r\n        ae1_0.created_at,\r\n        ae1_0.description,\r\n        ae1_0.email,\r\n        ae1_0.is_deleted,\r\n        lu1_0.id,\r\n        lu1_0.agency_id,\r\n        lu1_0.created_at,\r\n        lu1_0.is_primary,\r\n        lu1_0.media_id,\r\n        lu1_0.purpose,\r\n        ae1_0.name,\r\n        ae1_0.phone_number,\r\n        ae1_0.status,\r\n        ae1_0.updated_at,\r\n        ae1_0.website \r\n    from\r\n        agencies ae1_0 \r\n    left join\r\n        agency_media lu1_0 \r\n            on ae1_0.id=lu1_0.agency_id \r\n    where\r\n        ae1_0.id=?",
  "service" : "estate_flow-backend",
  "path" : "/api/admin/agencies/baa4ec8f-6136-4256-a669-578bfa741a5e",
  "correlationId" : "84e7962f-7db1-4b27-9aa4-eb0362f6c371",
  "actorId" : "hesenovelsen@gmail.com",
  "method" : "PUT",
  "actorRole" : "ROLE_SUPER_ADMIN"
}
{
  "timestamp" : "2026-09-02T02:37:21.2473392+03:00",
  "level" : "DEBUG",
  "message" : "\r\n    select\r\n        ae1_0.id \r\n    from\r\n        agencies ae1_0 \r\n    where\r\n        ae1_0.email=? \r\n    fetch\r\n        first ? rows only",
  "service" : "estate_flow-backend",
  "path" : "/api/admin/agencies/baa4ec8f-6136-4256-a669-578bfa741a5e",
  "correlationId" : "84e7962f-7db1-4b27-9aa4-eb0362f6c371",
  "actorId" : "hesenovelsen@gmail.com",
  "method" : "PUT",
  "actorRole" : "ROLE_SUPER_ADMIN"
}
{
  "timestamp" : "2026-09-02T02:37:21.2570391+03:00",
  "level" : "INFO",
  "message" : "agency_updated",
  "service" : "estate_flow-backend",
  "path" : "/api/admin/agencies/baa4ec8f-6136-4256-a669-578bfa741a5e",
  "correlationId" : "84e7962f-7db1-4b27-9aa4-eb0362f6c371",
  "actorId" : "hesenovelsen@gmail.com",
  "method" : "PUT",
  "actorRole" : "ROLE_SUPER_ADMIN",
  "agencyId" : "baa4ec8f-6136-4256-a669-578bfa741a5e",
  "agencyName" : "Baku residence agency"
}
{
  "timestamp" : "2026-09-02T02:37:21.2719881+03:00",
  "level" : "INFO",
  "message" : "request_completed",
  "service" : "estate_flow-backend",
  "path" : "/api/admin/agencies/baa4ec8f-6136-4256-a669-578bfa741a5e",
  "correlationId" : "84e7962f-7db1-4b27-9aa4-eb0362f6c371",
  "actorId" : "hesenovelsen@gmail.com",
  "method" : "PUT",
  "actorRole" : "ROLE_SUPER_ADMIN",
  "status" : 200,
  "durationMs" : 130
}
{
  "timestamp" : "2026-09-02T03:00:39.7981749+03:00",
  "level" : "DEBUG",
  "message" : "Securing PUT /admin/agencies/baa4ec8f-6136-4256-a669-578bfa741a5e/status",
  "service" : "estate_flow-backend"
}
{
  "timestamp" : "2026-09-02T03:00:40.0456043+03:00",
  "level" : "DEBUG",
  "message" : "\r\n    select\r\n        ue1_0.id,\r\n        ue1_0.agency_id,\r\n        ue1_0.created_at,\r\n        ue1_0.deleted,\r\n        ue1_0.email,\r\n        ue1_0.email_verified,\r\n        ue1_0.enabled,\r\n        ue1_0.full_name,\r\n        ue1_0.password_hash,\r\n        ue1_0.phone_number,\r\n        r1_0.user_id,\r\n        r1_1.id,\r\n        r1_1.description,\r\n        r1_1.name,\r\n        ue1_0.updated_at \r\n    from\r\n        users ue1_0 \r\n    left join\r\n        user_roles r1_0 \r\n            on ue1_0.id=r1_0.user_id \r\n    left join\r\n        roles r1_1 \r\n            on r1_1.id=r1_0.role_id \r\n    where\r\n        ue1_0.email=?",
  "service" : "estate_flow-backend"
}
{
  "timestamp" : "2026-09-02T03:00:40.0998868+03:00",
  "level" : "DEBUG",
  "message" : "\r\n    select\r\n        ume1_0.id,\r\n        ume1_0.created_at,\r\n        ume1_0.is_primary,\r\n        ume1_0.media_id,\r\n        ume1_0.purpose,\r\n        ume1_0.user_id \r\n    from\r\n        user_media ume1_0 \r\n    where\r\n        ume1_0.user_id=?",
  "service" : "estate_flow-backend"
}
{
  "timestamp" : "2026-09-02T03:00:40.1637991+03:00",
  "level" : "DEBUG",
  "message" : "Rate limit check passed: policy=GENERAL, remainingTokens=99",
  "service" : "estate_flow-backend",
  "path" : "/api/admin/agencies/baa4ec8f-6136-4256-a669-578bfa741a5e/status",
  "correlationId" : "223c96d0-903d-422a-b770-86d2c4ec3e3b",
  "actorId" : "hesenovelsen@gmail.com",
  "method" : "PUT",
  "actorRole" : "ROLE_SUPER_ADMIN"
}
{
  "timestamp" : "2026-09-02T03:00:40.1708004+03:00",
  "level" : "DEBUG",
  "message" : "Secured PUT /admin/agencies/baa4ec8f-6136-4256-a669-578bfa741a5e/status",
  "service" : "estate_flow-backend",
  "path" : "/api/admin/agencies/baa4ec8f-6136-4256-a669-578bfa741a5e/status",
  "correlationId" : "223c96d0-903d-422a-b770-86d2c4ec3e3b",
  "actorId" : "hesenovelsen@gmail.com",
  "method" : "PUT",
  "actorRole" : "ROLE_SUPER_ADMIN"
}
{
  "timestamp" : "2026-09-02T03:00:41.5478375+03:00",
  "level" : "DEBUG",
  "message" : "Authorizing method invocation ReflectiveMethodInvocation: public org.springframework.http.ResponseEntity com.realestate.backend.controller.AdminAgencyController.changeAgencyStatus(java.util.UUID,com.realestate.backend.dto.request.AgencyStatusRequest); target is of class [com.realestate.backend.controller.AdminAgencyController]",
  "service" : "estate_flow-backend",
  "path" : "/api/admin/agencies/baa4ec8f-6136-4256-a669-578bfa741a5e/status",
  "correlationId" : "223c96d0-903d-422a-b770-86d2c4ec3e3b",
  "actorId" : "hesenovelsen@gmail.com",
  "method" : "PUT",
  "actorRole" : "ROLE_SUPER_ADMIN"
}
{
  "timestamp" : "2026-09-02T03:00:41.5618479+03:00",
  "level" : "DEBUG",
  "message" : "Authorized method invocation ReflectiveMethodInvocation: public org.springframework.http.ResponseEntity com.realestate.backend.controller.AdminAgencyController.changeAgencyStatus(java.util.UUID,com.realestate.backend.dto.request.AgencyStatusRequest); target is of class [com.realestate.backend.controller.AdminAgencyController]",
  "service" : "estate_flow-backend",
  "path" : "/api/admin/agencies/baa4ec8f-6136-4256-a669-578bfa741a5e/status",
  "correlationId" : "223c96d0-903d-422a-b770-86d2c4ec3e3b",
  "actorId" : "hesenovelsen@gmail.com",
  "method" : "PUT",
  "actorRole" : "ROLE_SUPER_ADMIN"
}
{
  "timestamp" : "2026-09-02T03:00:41.5788186+03:00",
  "level" : "DEBUG",
  "message" : "\r\n    select\r\n        ae1_0.id,\r\n        ae1_0.address,\r\n        ae1_0.city,\r\n        ae1_0.created_at,\r\n        ae1_0.description,\r\n        ae1_0.email,\r\n        ae1_0.is_deleted,\r\n        lu1_0.id,\r\n        lu1_0.agency_id,\r\n        lu1_0.created_at,\r\n        lu1_0.is_primary,\r\n        lu1_0.media_id,\r\n        lu1_0.purpose,\r\n        ae1_0.name,\r\n        ae1_0.phone_number,\r\n        ae1_0.status,\r\n        ae1_0.updated_at,\r\n        ae1_0.website \r\n    from\r\n        agencies ae1_0 \r\n    left join\r\n        agency_media lu1_0 \r\n            on ae1_0.id=lu1_0.agency_id \r\n    where\r\n        ae1_0.id=?",
  "service" : "estate_flow-backend",
  "path" : "/api/admin/agencies/baa4ec8f-6136-4256-a669-578bfa741a5e/status",
  "correlationId" : "223c96d0-903d-422a-b770-86d2c4ec3e3b",
  "actorId" : "hesenovelsen@gmail.com",
  "method" : "PUT",
  "actorRole" : "ROLE_SUPER_ADMIN"
}
{
  "timestamp" : "2026-09-02T03:00:41.6318533+03:00",
  "level" : "INFO",
  "message" : "agency_status_changed",
  "service" : "estate_flow-backend",
  "path" : "/api/admin/agencies/baa4ec8f-6136-4256-a669-578bfa741a5e/status",
  "correlationId" : "223c96d0-903d-422a-b770-86d2c4ec3e3b",
  "actorId" : "hesenovelsen@gmail.com",
  "method" : "PUT",
  "actorRole" : "ROLE_SUPER_ADMIN"
}
{
  "timestamp" : "2026-09-02T03:00:41.6778365+03:00",
  "level" : "INFO",
  "message" : "request_completed",
  "service" : "estate_flow-backend",
  "path" : "/api/admin/agencies/baa4ec8f-6136-4256-a669-578bfa741a5e/status",
  "correlationId" : "223c96d0-903d-422a-b770-86d2c4ec3e3b",
  "actorId" : "hesenovelsen@gmail.com",
  "method" : "PUT",
  "actorRole" : "ROLE_SUPER_ADMIN",
  "status" : 200,
  "durationMs" : 1511
}
